date,pop,ID,mvu_lvu_share_pop,labour_force_share,w_ave_socio_index,w_ave_urban_index
2007-02-01,1189817,Southern Denmark,11.347711454786744,49.55365657071632,1.0286178435205533,81.95423539922524
2007-02-01,1636749,Capital,18.111390323134454,53.34965837767428,1.0228363233768407,97.09857581382505
2007-02-01,576972,North Denmark,11.066394903045557,49.92622172306454,0.9270144998370804,78.97767014690488
2007-02-01,1227428,Central Denmark,12.9154622511463,52.62691579465354,0.9637348504352188,83.05452564223725
2007-02-01,816118,Zealand,11.064331383451902,49.92644446023737,1.0253310183086268,79.0102241342551
2007-03-01,1189817,Southern Denmark,11.347711454786744,49.904542463252746,1.0286178435205535,81.95423539922524
2007-03-01,576972,North Denmark,11.066394903045557,50.61308521037417,0.9270144998370804,78.97767014690488
2007-03-01,1636749,Capital,18.111390323134454,53.111508239809524,1.0228363233768407,97.09857581382505
2007-03-01,816118,Zealand,11.064331383451902,50.28875236179082,1.025331018308627,79.01022413425507
2007-03-01,1227428,Central Denmark,12.9154622511463,52.828481996499995,0.9637348504352188,83.05452564223727
2007-04-01,1189817,Southern Denmark,11.347711454786744,49.49910616506572,1.0286178435205535,81.95423539922525
2007-04-01,576972,North Denmark,11.066394903045557,50.192147972518605,0.9270144998370804,78.97767014690488
2007-04-01,816118,Zealand,11.064331383451902,50.34227648452797,1.0253310183086268,79.01022413425507
2007-04-01,1636749,Capital,18.111390323134454,52.97723413913801,1.022836323376841,97.09857581382505
2007-04-01,1227428,Central Denmark,12.9154622511463,52.59220337160306,0.9637348504352192,83.05452564223727
2007-05-01,1227428,Central Denmark,12.9154622511463,51.43249787360237,0.9637348504352192,83.37406446651045
2007-05-01,576972,North Denmark,11.066394903045557,50.667536726218955,0.9270144998370804,79.22840103159253
2007-05-01,1189817,Southern Denmark,11.347711454786744,50.69990679238908,1.0286178435205535,82.42533137448869
2007-05-01,1636749,Capital,18.111390323134454,53.06449308965517,1.0228363233768407,97.1666623489143
2007-05-01,816118,Zealand,11.064331383451902,50.140774985970175,1.0253310183086268,79.39061422490374
2007-06-01,816118,Zealand,11.064331383451902,50.759611967877184,1.0253310183086268,79.39061422490377
2007-06-01,1189817,Southern Denmark,11.347711454786744,49.749067293541785,1.0286178435205535,82.42533137448869
2007-06-01,576972,North Denmark,11.066394903045557,50.487342540019284,0.9270144998370804,79.22840103159253
2007-06-01,1636749,Capital,18.111390323134454,52.64292570210826,1.0228363233768405,97.16666234891431
2007-06-01,1227428,Central Denmark,12.9154622511463,52.798752350443365,0.9637348504352192,83.37406446651045
2007-07-01,1227428,Central Denmark,13.310108617369002,52.7231976132205,0.9637348504352192,83.37406446651045
2007-07-01,1189817,Southern Denmark,11.672551325119743,49.710637854392736,1.0286178435205535,82.42533137448869
2007-07-01,1636749,Capital,18.623747440811023,53.05639410807643,1.0228363233768405,97.16666234891431
2007-07-01,816118,Zealand,11.369434321997554,49.64752033406933,1.0253310183086268,79.39061422490374
2007-07-01,576972,North Denmark,11.340065029152196,50.002426460902775,0.9270144998370804,79.22840103159255
2007-08-01,1636749,Capital,18.623747440811023,53.1660376759051,1.0228363233768405,97.16666234891431
2007-08-01,816118,Zealand,11.369434321997554,49.300060775525104,1.0253310183086268,79.39061422490374
2007-08-01,576972,North Denmark,11.340065029152196,50.3410997414086,0.9270144998370804,79.22840103159255
2007-08-01,1227428,Central Denmark,13.310108617369002,52.282659349468965,0.9637348504352188,83.37406446651045
2007-08-01,1189817,Southern Denmark,11.672551325119743,50.2178066038727,1.0286178435205533,82.42533137448869
2007-09-01,576972,North Denmark,11.340065029152196,50.247738191801346,0.9667143986189968,79.22840103159253
2007-09-01,1227428,Central Denmark,13.310108617369002,51.45598682774061,0.9044489778626528,83.37406446651045
2007-09-01,816118,Zealand,11.369434321997554,49.36908633310379,0.9664944530080208,79.39061422490374
2007-09-01,1636749,Capital,18.623747440811023,53.00012097151121,1.1032895957239588,97.1666623489143
2007-09-01,1189817,Southern Denmark,11.672551325119743,50.23055814465586,0.9990711558775626,82.42533137448869
2007-10-01,1227428,Central Denmark,13.310108617369002,52.20607644603186,0.9044489778626528,83.37406446651045
2007-10-01,1189817,Southern Denmark,11.672551325119743,50.314160076717684,0.9990711558775626,82.42533137448869
2007-10-01,816118,Zealand,11.369434321997554,50.71232468834164,0.966494453008021,79.39061422490377
2007-10-01,576972,North Denmark,11.340065029152196,50.42705711888965,0.9667143986189972,79.22840103159253
2007-10-01,1636749,Capital,18.623747440811023,52.598499220100344,1.1032895957239586,97.1666623489143
2007-11-01,1189817,Southern Denmark,11.672551325119743,49.20414567954568,0.9990711558775626,82.42533137448869
2007-11-01,1636749,Capital,18.623747440811023,52.54199391598834,1.1032895957239586,97.1666623489143
2007-11-01,1227428,Central Denmark,13.310108617369002,52.169047797508284,0.9044489778626528,83.37406446651045
2007-11-01,576972,North Denmark,11.340065029152196,50.58843063441554,0.9667143986189968,79.22840103159253
2007-11-01,816118,Zealand,11.369434321997554,50.801477237360274,0.966494453008021,79.39061422490377
2007-12-01,816118,Zealand,11.369434321997554,50.746548905918004,0.966494453008021,79.39061422490374
2007-12-01,1227428,Central Denmark,13.310108617369002,52.72247577862002,0.9044489778626528,83.37406446651045
2007-12-01,576972,North Denmark,11.340065029152196,50.555640481687156,0.9667143986189972,79.22840103159255
2007-12-01,1189817,Southern Denmark,11.672551325119743,50.97733853189188,0.9990711558775626,82.42533137448869
2007-12-01,1636749,Capital,18.623747440811023,52.66938974760333,1.1032895957239586,97.16666234891431
2008-01-01,1636749,Capital,18.623747440811023,52.88200634306176,1.1032895957239588,97.16666234891431
2008-01-01,1227428,Central Denmark,13.310108617369002,53.264835086049864,0.9044489778626528,83.37406446651045
2008-01-01,816118,Zealand,11.369434321997554,50.70018428707613,0.9664944530080208,79.39061422490374
2008-01-01,576972,North Denmark,11.340065029152196,50.80619163494936,0.9667143986189968,79.22840103159255
2008-01-01,1189817,Southern Denmark,11.672551325119743,49.68019871963503,0.9990711558775623,82.42533137448869
2008-02-01,578839,North Denmark,11.303488534808471,49.48518154443637,0.9664154213140844,79.22242998235967
2008-02-01,1237041,Central Denmark,13.206676254061104,52.135054537400144,0.9040770417068617,83.38196671065236
2008-02-01,819427,Zealand,11.323522412612714,49.429738097475436,0.9661149408190236,79.38321035459816
2008-02-01,1194659,Southern Denmark,11.625242014666949,49.8170046850189,0.9985791997542804,82.40464921539477
2008-02-01,1645825,Capital,18.52104567618064,52.509488554372425,1.1040983015627317,97.18479179224964
2008-03-01,819427,Zealand,11.323522412612714,48.761059862562504,0.9661149408190236,79.38321035459816
2008-03-01,1194659,Southern Denmark,11.625242014666949,49.47855413134627,0.9985791997542802,82.40464921539477
2008-03-01,1237041,Central Denmark,13.206676254061104,51.30219370255311,0.9040770417068612,83.38196671065239
2008-03-01,578839,North Denmark,11.303488534808471,49.83812424525645,0.9664154213140844,79.22242998235967
2008-03-01,1645825,Capital,18.52104567618064,51.44836176385703,1.104098301562732,97.18479179224964
2008-04-01,1645825,Capital,18.52104567618064,52.8127990521471,1.104098301562732,97.18479179224964
2008-04-01,819427,Zealand,11.323522412612714,49.061617447313786,0.9661149408190236,79.38321035459816
2008-04-01,1194659,Southern Denmark,11.625242014666949,49.43831084853503,0.9985791997542802,82.40464921539477
2008-04-01,1237041,Central Denmark,13.206676254061104,51.93147518958548,0.9040770417068612,83.38196671065239
2008-04-01,578839,North Denmark,11.303488534808471,48.919919010294755,0.9664154213140844,79.22242998235967
2008-05-01,819704,Zealand,11.319695890223787,48.556927866644536,0.966159061156928,79.67673967045906
2008-05-01,1648990,Capital,18.485497183124217,51.37387127878278,1.104852623103996,97.22623013397128
2008-05-01,579148,North Denmark,11.297457644678044,48.749587324828894,0.966488975560008,79.33385818361604
2008-05-01,1238683,Central Denmark,13.189169464665294,51.86918202639416,0.9045949243710194,83.64165940277533
2008-05-01,1195741,Southern Denmark,11.614722586245685,50.081915732587575,0.9985826883133249,82.5007299874391
2008-06-01,579148,North Denmark,11.297457644678044,49.34061241686063,0.9664889755600076,79.33385818361607
2008-06-01,1648990,Capital,18.485497183124217,52.58223882497772,1.104852623103996,97.22623013397131
2008-06-01,1238683,Central Denmark,13.189169464665294,50.321698126154956,0.9045949243710194,83.64165940277532
2008-06-01,819704,Zealand,11.319695890223787,49.763390199389036,0.9661590611569282,79.67673967045906
2008-06-01,1195741,Southern Denmark,11.614722586245685,48.19111412923033,0.9985826883133252,82.5007299874391
2008-07-01,579148,North Denmark,11.63968450206165,49.81787556893919,0.9664889755600076,79.33385818361604
2008-07-01,819704,Zealand,11.557586641031394,48.48462737768756,0.9661590611569282,79.67673967045906
2008-07-01,1238683,Central Denmark,13.572883457672384,51.450254827102654,0.9045949243710194,83.64165940277535
2008-07-01,1648990,Capital,19.020248758330855,51.32671574721497,1.104852623103996,97.22623013397128
2008-07-01,1195741,Southern Denmark,11.962791273361034,50.014593461293046,0.9985826883133252,82.5007299874391
2008-08-01,1197263,Southern Denmark,11.947583780673087,49.761646355061515,0.9985701331934506,82.50659494792451
2008-08-01,820596,Zealand,11.545023373255534,49.689493977548025,0.9659860294359709,79.68930614165893
2008-08-01,1650985,Capital,18.997265268915218,52.617539832281935,1.1034025183625549,97.21339083861326
2008-08-01,1240576,Central Denmark,13.552172539207591,52.015656437009895,0.9041708908574456,83.60474926165688
2008-08-01,579602,North Denmark,11.630567182307859,49.68026852909411,0.966442046096418,79.32209418621323
2008-09-01,1197263,Southern Denmark,11.947583780673087,49.24064303331849,1.0005708216788345,82.50659494792451
2008-09-01,1240576,Central Denmark,13.552172539207591,52.23245734239579,0.8970449423798073,83.60474926165686
2008-09-01,1650985,Capital,18.997265268915218,52.076703907061535,1.1055850183868121,97.21339083861326
2008-09-01,579602,North Denmark,11.630567182307859,48.71844472586361,0.9530145081246536,79.32209418621322
2008-09-01,820596,Zealand,11.545023373255534,49.458244982914856,0.9762815596602098,79.68930614165893
2008-10-01,579602,North Denmark,11.630567182307859,49.840074740942924,0.9530145081246534,79.32209418621322
2008-10-01,1650985,Capital,18.997265268915218,52.493338219305436,1.1055850183868121,97.21339083861326
2008-10-01,1240576,Central Denmark,13.552172539207591,49.9436930909513,0.8970449423798069,83.60474926165686
2008-10-01,1197263,Southern Denmark,11.947583780673087,49.791343255408364,1.0005708216788347,82.5065949479245
2008-10-01,820596,Zealand,11.545023373255534,48.19932585584137,0.9762815596602098,79.68930614165893
2008-11-01,1198899,Southern Denmark,11.931280282992981,49.74564162619203,1.0007050350785585,82.50925142274673
2008-11-01,580391,North Denmark,11.614756259142544,49.08819227038325,0.9529737097436924,79.3139798627824
2008-11-01,821308,Zealand,11.535014878705676,48.04774822600047,0.9762534135018628,79.6839701952523
2008-11-01,1245355,Central Denmark,13.500166619156785,50.041955908154705,0.8969541494671687,83.5989179548637
2008-11-01,1660042,Capital,18.893618354234405,50.80795124460707,1.10610943450195,97.21962426582701
2008-12-01,1660042,Capital,18.893618354234405,50.909103504610115,1.1061094345019502,97.21962426582701
2008-12-01,821308,Zealand,11.535014878705676,48.74585052136348,0.9762534135018628,79.68397019525231
2008-12-01,1245355,Central Denmark,13.500166619156785,51.35446920757535,0.8969541494671687,83.5989179548637
2008-12-01,580391,North Denmark,11.614756259142544,48.973776299081145,0.9529737097436924,79.3139798627824
2008-12-01,1198899,Southern Denmark,11.931280282992981,49.23523749707023,1.0007050350785585,82.50925142274673
2009-01-01,821308,Zealand,11.535014878705676,49.08709643641605,0.9762534135018628,79.68397019525231
2009-01-01,1198899,Southern Denmark,11.931280282992981,49.176508613319385,1.000705035078559,82.50925142274673
2009-01-01,1245355,Central Denmark,13.500166619156785,50.452666910238456,0.8969541494671689,83.59891795486367
2009-01-01,1660042,Capital,18.893618354234405,52.15459849811028,1.1061094345019502,97.21962426582695
2009-01-01,580391,North Denmark,11.614756259142544,49.03332408669328,0.9529737097436924,79.3139798627824
2009-02-01,1247732,Central Denmark,13.474448038521093,49.75354563319688,0.8972185909016259,83.64493621043945
2009-02-01,580515,North Denmark,11.612275307270266,47.89097439342653,0.9529129330544728,79.33989644452643
2009-02-01,1199667,Southern Denmark,11.923642144028301,48.292004364544496,1.0005508743278948,82.51609421009161
2009-02-01,1662285,Capital,18.868124298781492,51.891000640684354,1.1078152657016382,97.25181563035208
2009-02-01,821252,Zealand,11.53580143488235,47.275848338877715,0.9757089027374024,79.70925323983354
2009-03-01,1247732,Central Denmark,13.474448038521093,49.128507564124355,0.8972185909016259,83.64493621043945
2009-03-01,1199667,Southern Denmark,11.923642144028301,47.65052468726738,1.000550874327895,82.51609421009161
2009-03-01,1662285,Capital,18.868124298781492,51.14402885185152,1.1078152657016382,97.25181563035208
2009-03-01,580515,North Denmark,11.612275307270266,47.98134242870554,0.9529129330544728,79.33989644452646
2009-03-01,821252,Zealand,11.53580143488235,48.228972349534615,0.9757089027374024,79.70925323983354
2009-04-01,1662285,Capital,18.868124298781492,50.858506814415094,1.107815265701638,97.25181563035208
2009-04-01,1247732,Central Denmark,13.474448038521093,49.818771979880296,0.8972185909016259,83.64493621043947
2009-04-01,1199667,Southern Denmark,11.923642144028301,47.35915633254895,1.0005508743278948,82.51609421009161
2009-04-01,580515,North Denmark,11.612275307270266,47.62347226169866,0.9529129330544728,79.33989644452646
2009-04-01,821252,Zealand,11.53580143488235,48.16823703321271,0.975708902737402,79.70925323983354
2009-05-01,820769,Zealand,11.542589936998107,48.058994674506465,0.9752817828370852,79.84928762081195
2009-05-01,1199569,Southern Denmark,11.924616258006001,48.155629230165175,1.0007104177056287,82.7058352572367
2009-05-01,1665879,Capital,18.827417837670087,50.85510052050599,1.1057970198898002,97.25664825196306
2009-05-01,1249162,Central Denmark,13.45902292897158,50.088649030309924,0.8973251726558865,83.87292022405437
2009-05-01,579908,North Denmark,11.624430082013008,48.01169150968775,0.9528999544997035,79.54935058667806
2009-06-01,1199569,Southern Denmark,11.924616258006001,47.65080291337973,1.0007104177056283,82.70583525723669
2009-06-01,1249162,Central Denmark,13.45902292897158,50.14152607908343,0.8973251726558867,83.8729202240544
2009-06-01,1665879,Capital,18.827417837670087,51.011341760115826,1.1057970198897995,97.25664825196306
2009-06-01,579908,North Denmark,11.624430082013008,47.76588872717742,0.9528999544997034,79.54935058667806
2009-06-01,820769,Zealand,11.542589936998107,47.581306067846135,0.9752817828370852,79.84928762081195
2009-07-01,579908,North Denmark,11.93896273201956,47.618698138325385,0.9528999544997035,79.54935058667806
2009-07-01,1665879,Capital,19.432984028251752,50.84540473827929,1.1057970198897995,97.25664825196306
2009-07-01,1249162,Central Denmark,13.851526063072686,49.86142710072833,0.8973251726558867,83.8729202240544
2009-07-01,1199569,Southern Denmark,12.190295014292635,48.250840927032954,1.0007104177056283,82.7058352572367
2009-07-01,820769,Zealand,11.741671529991994,47.363853897990786,0.9752817828370852,79.84928762081195
2009-08-01,1200158,Southern Denmark,12.184312398867483,47.28722634853078,1.0006024285073825,82.69148119717319
2009-08-01,579741,North Denmark,11.942401865660699,48.39481423601229,0.9529179848817834,79.53776776873477
2009-08-01,821086,Zealand,11.737138375273723,47.61570042602115,0.9754333405577053,79.8455979223031
2009-08-01,1249892,Central Denmark,13.843436072876694,49.17044832673543,0.8980277973651213,83.90991940295649
2009-08-01,1668564,Capital,19.40171308981855,50.83865887074155,1.1066600018465649,97.25773111138024
2009-09-01,1668564,Capital,19.40171308981855,50.84036812492658,1.1108044367917256,97.25773111138021
2009-09-01,821086,Zealand,11.737138375273723,47.53543721364144,0.973313064505524,79.8455979223031
2009-09-01,1249892,Central Denmark,13.843436072876694,49.26280910670682,0.9003792145138493,83.90991940295649
2009-09-01,579741,North Denmark,11.942401865660699,47.6356924902672,0.954500740040504,79.53776776873475
2009-09-01,1200158,Southern Denmark,12.184312398867483,47.967975049951754,0.9975079790003208,82.69148119717316
2009-10-01,821086,Zealand,11.737138375273723,47.62063657156498,0.9733130645055242,79.8455979223031
2009-10-01,1200158,Southern Denmark,12.184312398867483,47.43475442400084,0.9975079790003208,82.69148119717319
2009-10-01,1249892,Central Denmark,13.843436072876694,50.08732754509989,0.9003792145138494,83.90991940295649
2009-10-01,1668564,Capital,19.40171308981855,51.04077518153333,1.1108044367917254,97.25773111138024
2009-10-01,579741,North Denmark,11.942401865660699,48.09498034467116,0.9545007400405036,79.53776776873475
2009-11-01,1253479,Central Denmark,13.803821204822734,50.01663370507205,0.8997102820571321,83.8725306692603
2009-11-01,579689,North Denmark,11.943473138182714,48.12020583450781,0.954528019173736,79.5294841023519
2009-11-01,1200372,Southern Denmark,12.182140203203671,47.62045765812597,0.997484582578421,82.6985986193787
2009-11-01,1678220,Capital,19.290081157416786,50.93583558770602,1.1110346213535043,97.25926740440927
2009-11-01,820771,Zealand,11.741642918670372,48.11549140990606,0.973429018973504,79.83495085793075
2009-12-01,1253479,Central Denmark,13.803821204822734,49.5633385162416,0.8997102820571318,83.8725306692603
2009-12-01,1200372,Southern Denmark,12.182140203203671,47.96474426261192,0.9974845825784214,82.6985986193787
2009-12-01,1678220,Capital,19.290081157416786,50.95886415368665,1.1110346213535045,97.2592674044093
2009-12-01,579689,North Denmark,11.943473138182714,47.69029255342089,0.9545280191737362,79.52948410235187
2009-12-01,820771,Zealand,11.741642918670372,48.06501448028744,0.9734290189735038,79.83495085793075
2010-01-01,1678220,Capital,19.290081157416786,50.514778753679494,1.1110346213535043,97.25926740440927
2010-01-01,1253479,Central Denmark,13.803821204822734,49.33091260404044,0.8997102820571321,83.8725306692603
2010-01-01,1200372,Southern Denmark,12.182140203203671,47.66418576907825,0.9974845825784214,82.6985986193787
2010-01-01,820771,Zealand,11.741642918670372,47.597661223410675,0.973429018973504,79.83495085793076
2010-01-01,579689,North Denmark,11.943473138182714,47.71669809156289,0.954528019173736,79.5294841023519
2010-02-01,1680271,Capital,19.26653498155952,50.73810712676704,1.110875120185947,97.2828486551958
2010-02-01,820564,Zealand,11.744604930267474,47.165593421110366,0.9726038351125974,79.8768259101807
2010-02-01,1200277,Southern Denmark,12.183104400067652,46.90952921700575,0.997659239396088,82.7198820523721
2010-02-01,1253998,Central Denmark,13.798108130953956,49.13335188732359,0.9001403399742649,83.92104597659939
2010-02-01,579628,North Denmark,11.94473006825067,47.532615746651295,0.954430599145804,79.5677672125374
2010-03-01,1200277,Southern Denmark,12.183104400067652,47.269297003941595,0.997659239396088,82.7198820523721
2010-03-01,579628,North Denmark,11.94473006825067,47.741301317396676,0.9544305991458036,79.56776721253742
2010-03-01,1680271,Capital,19.26653498155952,51.16225418399771,1.110875120185947,97.2828486551958
2010-03-01,1253998,Central Denmark,13.798108130953956,48.86758033106911,0.9001403399742648,83.92104597659936
2010-03-01,820564,Zealand,11.744604930267474,46.74850590569413,0.9726038351125972,79.8768259101807
2010-04-01,579628,North Denmark,11.94473006825067,47.247976288240054,0.9544305991458036,79.56776721253742
2010-04-01,1680271,Capital,19.26653498155952,50.79953412276949,1.110875120185947,97.28284865519579
2010-04-01,1253998,Central Denmark,13.798108130953956,49.11914692048951,0.9001403399742649,83.92104597659939
2010-04-01,1200277,Southern Denmark,12.183104400067652,46.90384469584938,0.9976592393960884,82.7198820523721
2010-04-01,820564,Zealand,11.744604930267474,46.94697793225147,0.9726038351125974,79.8768259101807
2010-05-01,1200478,Southern Denmark,12.181064542623856,47.18241567109102,0.9978813612447648,82.92896396827312
2010-05-01,579489,North Denmark,11.947595208882305,47.596232197677615,0.9544945996712842,79.94478940789747
2010-05-01,820183,Zealand,11.750060657194798,46.97102841682893,0.9728065472781814,80.1965068024144
2010-05-01,1255106,Central Denmark,13.785927244392106,49.084499635887326,0.9000077015340945,84.12475887906443
2010-05-01,1684985,Capital,19.21263394036149,50.8587738169776,1.1112287304878086,97.29718016022022
2010-06-01,1684985,Capital,19.21263394036149,50.850576711365385,1.1112287304878088,97.29718016022018
2010-06-01,820183,Zealand,11.750060657194798,46.82727513250092,0.9728065472781814,80.1965068024144
2010-06-01,1255106,Central Denmark,13.785927244392106,49.47220155110404,0.9000077015340946,84.12475887906443
2010-06-01,579489,North Denmark,11.947595208882305,47.537703045269204,0.9544945996712844,79.94478940789747
2010-06-01,1200478,Southern Denmark,12.181064542623856,47.25335491362607,0.9978813612447651,82.92896396827311
2010-07-01,820183,Zealand,11.949650260978347,47.23728728832468,0.9728065472781814,80.19650680241442
2010-07-01,1200478,Southern Denmark,12.437962211719,46.907148652453444,0.9978813612447648,82.92896396827312
2010-07-01,1255106,Central Denmark,14.191948727836534,48.94156509490036,0.9000077015340946,84.12475887906443
2010-07-01,1684985,Capital,19.915548209627982,50.59164740338935,1.1112287304878086,97.29718016022021
2010-07-01,579489,North Denmark,12.234054485935022,47.229597110557755,0.9544945996712844,79.94478940789747
2010-08-01,1255876,Central Denmark,14.183247390665956,49.52948300628407,0.9007241418760666,84.1721574892983
2010-08-01,579422,North Denmark,12.235469139936006,47.65581907487116,0.9544953688283404,79.94982440032929
2010-08-01,1200841,Southern Denmark,12.434202363177139,46.780449701500864,0.9977766134908734,82.92016268482463
2010-08-01,1687071,Capital,19.89092338141074,50.653096401989,1.1110598668467624,97.2959823678253
2010-08-01,820609,Zealand,11.943446879086142,47.37036639861371,0.9722975,80.20580097560975
2010-09-01,1255876,Central Denmark,14.183247390665956,49.42085922495533,0.9035327757103496,84.17215748929827
2010-09-01,1200841,Southern Denmark,12.434202363177139,47.10329760559474,0.9982344879560828,82.92016268482459
2010-09-01,1687071,Capital,19.89092338141074,50.9035873416116,1.1000735048980566,97.2959823678253
2010-09-01,579422,North Denmark,12.235469139936006,47.716993831784094,0.9678153675167359,79.94982440032929
2010-09-01,820609,Zealand,11.943446879086142,47.28417309583492,0.9786642195121952,80.20580097560975
2010-10-01,1687071,Capital,19.89092338141074,50.411235211796075,1.1000735048980563,97.2959823678253
2010-10-01,1255876,Central Denmark,14.183247390665956,49.29320569865178,0.9035327757103496,84.17215748929827
2010-10-01,1200841,Southern Denmark,12.434202363177139,47.04317973820015,0.9982344879560828,82.92016268482463
2010-10-01,579422,North Denmark,12.235469139936006,47.33855462857813,0.9678153675167358,79.94982440032929
2010-10-01,820609,Zealand,11.943446879086142,46.9323429306771,0.9786642195121952,80.20580097560978
2010-11-01,820308,Zealand,11.94782935190197,47.33980407359187,0.979031079612729,80.20432573539084
2010-11-01,1200666,Southern Denmark,12.436014678520088,47.21969723470141,0.9981084672124168,82.92092243511408
2010-11-01,1697490,Capital,19.76883516250464,50.05017525876441,1.1013890796936543,97.30433607521256
2010-11-01,1259970,Central Denmark,14.137161995920536,48.450988515599576,0.9028106340868997,84.13331419218929
2010-11-01,579275,North Denmark,12.238574079668552,47.585202192395656,0.9678319126591468,79.97426231571905
2010-12-01,1200666,Southern Denmark,12.436014678520088,47.13326687022035,0.9981084672124172,82.92092243511408
2010-12-01,1259970,Central Denmark,14.137161995920536,48.82567759549831,0.9028106340868998,84.13331419218929
2010-12-01,1697490,Capital,19.76883516250464,50.04495225303243,1.1013890796936543,97.30433607521256
2010-12-01,579275,North Denmark,12.238574079668552,47.900323680462634,0.9678319126591468,79.97426231571905
2010-12-01,820308,Zealand,11.94782935190197,47.28072138757637,0.9790310796127292,80.20432573539084
2011-01-01,579275,North Denmark,12.238574079668552,47.65217556428294,0.9678319126591468,79.97426231571905
2011-01-01,1697490,Capital,19.76883516250464,50.145840623508825,1.1013890796936543,97.30433607521256
2011-01-01,1259970,Central Denmark,14.137161995920536,49.17786296499123,0.9028106340868998,84.13331419218929
2011-01-01,1200666,Southern Denmark,12.436014678520088,46.83272617030882,0.9981084672124172,82.92092243511408
2011-01-01,820308,Zealand,11.94782935190197,46.900020480112346,0.9790310796127292,80.20432573539084
2011-02-01,1200656,Southern Denmark,12.436118255353739,46.37898865286978,0.9984918702994194,82.96572717201958
2011-02-01,579829,North Denmark,12.226880683787803,47.004006353597354,0.9677722007189232,79.99402179537599
2011-02-01,819763,Zealand,11.955772583051445,46.57426475700904,0.9778183880206364,80.24016409853238
2011-02-01,1260993,Central Denmark,14.125693005433021,48.80101792793457,0.9032187793085094,84.17615119071759
2011-02-01,1699387,Capital,19.74676751087304,50.43719176385368,1.101291668014028,97.31945715537185
2011-03-01,1699387,Capital,19.74676751087304,50.14369181357748,1.101291668014028,97.31945715537185
2011-03-01,819763,Zealand,11.955772583051445,46.26792377796998,0.9778183880206364,80.24016409853238
2011-03-01,1260993,Central Denmark,14.125693005433021,48.78538818217071,0.9032187793085094,84.17615119071759
2011-03-01,579829,North Denmark,12.226880683787803,46.994544943422966,0.9677722007189232,79.99402179537599
2011-03-01,1200656,Southern Denmark,12.436118255353739,46.74558074919044,0.9984918702994194,82.96572717201956
2011-04-01,819763,Zealand,11.955772583051445,46.577265624332895,0.9778183880206364,80.24016409853236
2011-04-01,1200656,Southern Denmark,12.436118255353739,46.39379222691596,0.9984918702994194,82.96572717201956
2011-04-01,1260993,Central Denmark,14.125693005433021,48.12292138021385,0.9032187793085094,84.17615119071759
2011-04-01,1699387,Capital,19.74676751087304,50.6051040757638,1.101291668014028,97.31945715537184
2011-04-01,579829,North Denmark,12.226880683787803,46.95996578301535,0.9677722007189232,79.99402179537599
2011-05-01,1262115,Central Denmark,14.113135490822945,47.976521156946866,0.9039518102002956,84.27021155167141
2011-05-01,579787,North Denmark,12.227766403869007,46.83739718206859,0.9679015130787616,80.16947308103309
2011-05-01,1200858,Southern Denmark,12.434026337835116,46.469457671098496,0.9983007222078928,83.15274362696235
2011-05-01,1702388,Capital,19.7119575560918,50.262924785654036,1.1014156488630256,97.3647779689624
2011-05-01,819071,Zealand,11.96587353233114,46.27135376542449,0.9781117156603748,80.42489704427066
2011-06-01,1262115,Central Denmark,14.113135490822945,48.25087095866858,0.9039518102002956,84.27021155167141
2011-06-01,1200858,Southern Denmark,12.434026337835116,46.69175456215472,0.9983007222078926,83.1527436269623
2011-06-01,1702388,Capital,19.7119575560918,49.99895382251285,1.1014156488630251,97.3647779689624
2011-06-01,579787,North Denmark,12.227766403869007,46.78948820860074,0.9679015130787616,80.16947308103309
2011-06-01,819071,Zealand,11.96587353233114,46.423020714931916,0.9781117156603748,80.42489704427066
2011-07-01,1702388,Capital,20.408802223699887,50.39776889874693,1.1014156488630251,97.36477796896236
2011-07-01,1262115,Central Denmark,14.5554882082853,47.99620557556166,0.9039518102002956,84.27021155167141
2011-07-01,1200858,Southern Denmark,12.68892741689692,46.55105516222567,0.9983007222078926,83.15274362696233
2011-07-01,819071,Zealand,12.14094992985956,46.42144453899601,0.9781117156603748,80.42489704427066
2011-07-01,579787,North Denmark,12.537017904851265,47.35257430746118,0.9679015130787616,80.16947308103309
2011-08-01,1704043,Capital,20.38898079449873,49.95339143437108,1.101708833639348,97.36135027447372
2011-08-01,819222,Zealand,12.138712095134164,46.346739955714085,0.9780485291568078,80.434811624142
2011-08-01,1201063,Southern Denmark,12.686761643644006,45.991592447690095,0.9983112620931824,83.16268613459657
2011-08-01,1262704,Central Denmark,14.54869866572055,48.88309849339196,0.9034233226166128,84.23667987171633
2011-08-01,579824,North Denmark,12.536217886807028,47.15359143464224,0.9677882767069867,80.12690404293134
2011-09-01,1201063,Southern Denmark,12.686761643644006,46.053251994275065,0.9979997798894632,83.16268613459657
2011-09-01,579824,North Denmark,12.536217886807028,46.874725778857034,0.9718288095525686,80.12690404293133
2011-09-01,1704043,Capital,20.38898079449873,49.930406098907135,1.0952941376735714,97.36135027447372
2011-09-01,1262704,Central Denmark,14.54869866572055,48.34959262028156,0.8977430776509222,84.23667987171633
2011-09-01,819222,Zealand,12.138712095134164,46.23699558849738,0.9855221511646364,80.434811624142
2011-10-01,579824,North Denmark,12.536217886807028,46.80549097657219,0.9718288095525685,80.12690404293133
2011-10-01,1704043,Capital,20.38898079449873,49.96263298520049,1.0952941376735712,97.36135027447372
2011-10-01,1262704,Central Denmark,14.54869866572055,48.04942409305744,0.8977430776509224,84.23667987171633
2011-10-01,1201063,Southern Denmark,12.686761643644006,46.379891812502755,0.9979997798894632,83.16268613459657
2011-10-01,819222,Zealand,12.138712095134164,46.185025548630286,0.9855221511646364,80.434811624142
2011-11-01,1201365,Southern Denmark,12.683572436353648,46.380575428783104,0.997966695978744,83.15228078940794
2011-11-01,580293,North Denmark,12.526085960023645,47.132253878644065,0.9717578549802008,80.13261530016538
2011-11-01,818321,Zealand,12.152077241082655,46.308865347461456,0.9855296865342379,80.42699687535881
2011-11-01,1265601,Central Denmark,14.515396242575662,48.484158909482524,0.8976207538931973,84.23827730230133
2011-11-01,1713624,Capital,20.274984477341587,49.538677679584325,1.0961777560304882,97.37912207595416
2011-12-01,1713624,Capital,20.274984477341587,50.142952596368865,1.0961777560304882,97.37912207595416
2011-12-01,818321,Zealand,12.152077241082655,46.32900780989368,0.985529686534238,80.42699687535881
2011-12-01,1265601,Central Denmark,14.515396242575662,48.14207163237071,0.8976207538931973,84.23827730230133
2011-12-01,580293,North Denmark,12.526085960023645,46.681924476083644,0.9717578549802008,80.13261530016538
2011-12-01,1201365,Southern Denmark,12.683572436353648,46.38330482409592,0.997966695978744,83.15228078940794
2012-01-01,818321,Zealand,12.152077241082655,46.08511696510293,0.9855296865342379,80.42699687535881
2012-01-01,1201365,Southern Denmark,12.683572436353648,46.22658392744919,0.997966695978744,83.15228078940794
2012-01-01,1265601,Central Denmark,14.515396242575662,48.230196562739756,0.8976207538931973,84.23827730230133
2012-01-01,1713624,Capital,20.274984477341587,49.609750447005865,1.0961777560304882,97.37912207595416
2012-01-01,580293,North Denmark,12.526085960023645,47.217526318601124,0.9717578549802006,80.13261530016538
2012-02-01,1266682,Central Denmark,14.503008647790052,48.14807899693846,0.8982934009863968,84.2846749560602
2012-02-01,579996,North Denmark,12.532500224139474,46.352331740218894,0.9718293049376916,80.1756721284297
2012-02-01,1201342,Southern Denmark,12.683815266593529,46.22937181918221,0.9980654878025724,83.19069224192545
2012-02-01,1714589,Capital,20.263573369478053,50.16371795223228,1.0964333795115346,97.39357302960406
2012-02-01,817907,Zealand,12.158228258224955,46.0680774220052,0.9845196757207462,80.47046215050794
2012-03-01,1266682,Central Denmark,14.503008647790052,48.139192788718866,0.8982934009863968,84.2846749560602
2012-03-01,1201342,Southern Denmark,12.683815266593529,45.889661728300524,0.9980654878025724,83.19069224192545
2012-03-01,1714589,Capital,20.263573369478053,50.32510706647483,1.0964333795115346,97.39357302960407
2012-03-01,579996,North Denmark,12.532500224139474,46.57324705687625,0.9718293049376916,80.17567212842972
2012-03-01,817907,Zealand,12.158228258224955,45.85338308634111,0.9845196757207462,80.47046215050794
2012-04-01,1714589,Capital,20.263573369478053,49.96879018820254,1.0964333795115346,97.39357302960407
2012-04-01,1266682,Central Denmark,14.503008647790052,47.697549187562466,0.8982934009863968,84.2846749560602
2012-04-01,1201342,Southern Denmark,12.683815266593529,46.00157407299504,0.998065487802572,83.19069224192545
2012-04-01,817907,Zealand,12.158228258224955,45.67348977328718,0.9845196757207462,80.47046215050794
2012-04-01,579996,North Denmark,12.532500224139474,46.91336664390789,0.9718293049376916,80.17567212842972
2012-05-01,1718418,Capital,20.218421827518107,49.97438632509668,1.0963425715214092,97.441708271355
2012-05-01,817488,Zealand,12.16445990644511,45.501623265417955,0.9843615188250008,80.83553743584471
2012-05-01,1201429,Southern Denmark,12.682896783746688,45.73231293734378,0.9980933606822102,83.23491463658145
2012-05-01,1267828,Central Denmark,14.489899260783007,47.50030919020561,0.8988265982393392,84.44055058616597
2012-05-01,579595,North Denmark,12.541170990087908,46.96750489565989,0.9719431712761766,80.34914071899057
2012-06-01,1201429,Southern Denmark,12.682896783746688,45.96375399628276,0.99809336068221,83.23491463658145
2012-06-01,579595,North Denmark,12.541170990087908,46.55031185569235,0.9719431712761766,80.3491407189906
2012-06-01,1718418,Capital,20.218421827518107,50.135444926670935,1.0963425715214097,97.441708271355
2012-06-01,1267828,Central Denmark,14.489899260783007,48.24451029634936,0.8988265982393392,84.44055058616595
2012-06-01,817488,Zealand,12.16445990644511,45.523133061280404,0.9843615188250008,80.83553743584471
2012-07-01,579595,North Denmark,12.812567396199071,46.731798928562185,0.9719431712761766,80.34914071899057
2012-07-01,1718418,Capital,20.917378658743104,50.430104898808096,1.0963425715214092,97.441708271355
2012-07-01,1267828,Central Denmark,14.872837640437028,47.63591827913566,0.8988265982393392,84.44055058616595
2012-07-01,1201429,Southern Denmark,12.940173743100926,46.26962725221382,0.9980933606822104,83.23491463658145
2012-07-01,817488,Zealand,12.307336621454995,45.96180739044488,0.9843615188250008,80.83553743584471
2012-08-01,1201586,Southern Denmark,12.938482971672439,46.00256494333322,0.9980746725341216,83.23644403591197
2012-08-01,579332,North Denmark,12.818383931838738,46.951640855329934,0.9717900211307084,80.29883651731423
2012-08-01,817609,Zealand,12.305515227939026,45.812444579254866,0.984452241486462,80.82863639032841
2012-08-01,1268406,Central Denmark,14.866060236233508,47.85002672645825,0.8983119252450855,84.4068246908283
2012-08-01,1720152,Capital,20.89629288574498,50.002618954604024,1.0974554308969566,97.4430752666613
2012-09-01,1720152,Capital,20.89629288574498,49.85806079927821,1.0859709357005396,97.44307526666132
2012-09-01,817609,Zealand,12.305515227939026,45.425994576869876,0.9995794123835948,80.82863639032841
2012-09-01,1268406,Central Denmark,14.866060236233508,48.29841549156974,0.8990954257810436,84.4068246908283
2012-09-01,579332,North Denmark,12.818383931838738,46.40171784054739,0.9668372417956792,80.29883651731426
2012-09-01,1201586,Southern Denmark,12.938482971672439,45.58142321897892,1.0040333138515487,83.23644403591202
2012-10-01,817609,Zealand,12.305515227939026,46.05333478471984,0.9995794123835949,80.82863639032841
2012-10-01,1201586,Southern Denmark,12.938482971672439,46.20940656765309,1.0040333138515487,83.236444035912
2012-10-01,1268406,Central Denmark,14.866060236233508,47.946390982067264,0.8990954257810435,84.4068246908283
2012-10-01,1720152,Capital,20.89629288574498,49.78911107855585,1.0859709357005396,97.44307526666132
2012-10-01,579332,North Denmark,12.818383931838738,46.319973693840495,0.966837241795679,80.29883651731423
2012-11-01,1271223,Central Denmark,14.833117399543589,48.134440613487946,0.8990074519998895,84.40519115227879
2012-11-01,580273,North Denmark,12.797596993139438,46.40495766647768,0.966845752373983,80.30875241195294
2012-11-01,1201547,Southern Denmark,12.938902930971489,46.247739788788955,1.0042409750951802,83.2595928848887
2012-11-01,1729952,Capital,20.777917537596423,49.7755746980263,1.0845582500158688,97.43087273843236
2012-11-01,816670,Zealand,12.319664001371427,46.196490626568874,0.9990554410010096,80.84160638786062
2012-12-01,1271223,Central Denmark,14.833117399543589,47.646435755174345,0.8990074519998895,84.40519115227879
2012-12-01,1201547,Southern Denmark,12.938902930971489,45.6649394488938,1.0042409750951802,83.2595928848887
2012-12-01,1729952,Capital,20.777917537596423,49.959364190451524,1.0845582500158686,97.43087273843236
2012-12-01,580273,North Denmark,12.797596993139438,46.88792516625795,0.9668457523739832,80.30875241195294
2012-12-01,816670,Zealand,12.319664001371427,45.63062314031371,0.9990554410010096,80.84160638786062
2013-01-01,1729952,Capital,20.777917537596423,49.94791763008453,1.0845582500158686,97.43087273843236
2013-01-01,1271223,Central Denmark,14.833117399543589,47.835824241694816,0.8990074519998895,84.40519115227879
2013-01-01,1201547,Southern Denmark,12.938902930971489,46.194235431489574,1.0042409750951795,83.2595928848887
2013-01-01,816670,Zealand,12.319664001371427,45.833596189403316,0.9990554410010096,80.84160638786061
2013-01-01,580273,North Denmark,12.797596993139438,46.56720543606199,0.966845752373983,80.30875241195292
2013-02-01,1732068,Capital,20.7525339651792,50.307049723221034,1.0859987214927431,97.46538418567152
2013-02-01,816359,Zealand,12.324357298688446,45.4487547757788,0.9983550793827841,80.87596968586406
2013-02-01,1201419,Southern Denmark,12.940281450518096,45.796678760698796,1.004106245211123,83.28024497390736
2013-02-01,1272510,Central Denmark,14.818115378268148,47.86176611578691,0.8997092878916441,84.46329962917571
2013-02-01,580272,North Denmark,12.797619047619047,45.88414743430667,0.967009130537836,80.41038967953806
2013-03-01,1201419,Southern Denmark,12.940281450518096,45.788849685247186,1.004106245211123,83.28024497390734
2013-03-01,580272,North Denmark,12.797619047619047,46.21793055670445,0.967009130537836,80.41038967953806
2013-03-01,1732068,Capital,20.7525339651792,50.45603348136448,1.0859987214927436,97.4653841856715
2013-03-01,1272510,Central Denmark,14.818115378268148,47.61948511210128,0.8997092878916441,84.46329962917571
2013-03-01,816359,Zealand,12.324357298688446,45.238531087426004,0.9983550793827841,80.87596968586406
2013-04-01,580272,North Denmark,12.797619047619047,46.1664133371936,0.967009130537836,80.41038967953806
2013-04-01,1732068,Capital,20.7525339651792,49.75329721465901,1.0859987214927436,97.4653841856715
2013-04-01,1272510,Central Denmark,14.818115378268148,47.90545850327306,0.8997092878916438,84.46329962917571
2013-04-01,1201419,Southern Denmark,12.940281450518096,45.37656637692596,1.004106245211123,83.28024497390734
2013-04-01,816359,Zealand,12.324357298688446,45.17471847557263,0.9983550793827841,80.87596968586406
2013-05-01,1201365,Southern Denmark,12.940863101555314,45.387715640126025,1.0041890197979966,83.5086095053763
2013-05-01,579849,North Denmark,12.806954914124196,46.19752038892885,0.966853134305698,80.50857064480398
2013-05-01,816172,Zealand,12.327181035369994,45.83388427929408,0.997951477395355,80.82227368101293
2013-05-01,1272929,Central Denmark,14.813237816091863,47.33845406931573,0.899743966914629,84.69481839486316
2013-05-01,1735521,Capital,20.711244634896378,50.09802070963129,1.0859399220011348,97.52698647965966
2013-06-01,1735521,Capital,20.711244634896378,49.916790980921576,1.0859399220011343,97.52698647965966
2013-06-01,816172,Zealand,12.327181035369994,45.157760864131575,0.9979514773953552,80.82227368101293
2013-06-01,1272929,Central Denmark,14.813237816091863,47.773100463576526,0.899743966914629,84.69481839486316
2013-06-01,579849,North Denmark,12.806954914124196,46.095386902452184,0.966853134305698,80.50857064480402
2013-06-01,1201365,Southern Denmark,12.940863101555314,45.767713392682495,1.0041890197979964,83.50860950537631
2013-07-01,816172,Zealand,12.467960184862996,45.21105845336522,0.9979514773953552,80.82227368101293
2013-07-01,1201365,Southern Denmark,13.210389848214323,45.79600620960324,1.0041890197979964,83.50860950537634
2013-07-01,1272929,Central Denmark,15.172645135745986,47.30774457962698,0.899743966914629,84.69481839486316
2013-07-01,1735521,Capital,21.391962413592232,49.897521839263256,1.0859399220011343,97.52698647965963
2013-07-01,579849,North Denmark,13.082716362363305,46.16918197668703,0.966853134305698,80.508570644804
2013-08-01,1273814,Central Denmark,15.162103729429884,48.04522638312972,0.9003035776245928,84.73333612690438
2013-08-01,579864,North Denmark,13.082377936895547,45.919891560779774,0.9668501911113796,80.50976143432759
2013-08-01,1201448,Southern Denmark,13.209477230808158,45.3136223956426,1.0042030353111242,83.49824603760013
2013-08-01,1736889,Capital,21.375113781018825,49.865118035752424,1.0871054245782392,97.52978557489212
2013-08-01,816769,Zealand,12.458846993458373,45.33957704075448,0.9981312158636368,80.82235011221151
2013-09-01,1273814,Central Denmark,15.162103729429884,47.81034672251993,0.9123573222760136,84.73333612690436
2013-09-01,1201448,Southern Denmark,13.209477230808158,45.37333617434961,1.016369074169088,83.49824603760014
2013-09-01,1736889,Capital,21.375113781018825,50.42527357821945,1.0683052388950127,97.52978557489214
2013-09-01,579864,North Denmark,13.082377936895547,45.97832595229226,0.9529964366140068,80.50976143432759
2013-09-01,816769,Zealand,12.458846993458373,45.08807018875594,1.0145132174528413,80.82235011221154
2013-10-01,1273814,Central Denmark,15.162103729429884,47.335479120185525,0.9123573222760136,84.73333612690436
2013-10-01,816769,Zealand,12.458846993458373,45.73497035269458,1.0145132174528413,80.82235011221151
2013-10-01,1736889,Capital,21.375113781018825,49.60866583874963,1.0683052388950127,97.52978557489212
2013-10-01,579864,North Denmark,13.082377936895547,46.203870217844184,0.9529964366140068,80.50976143432759
2013-10-01,1201448,Southern Denmark,13.209477230808158,45.25781307222618,1.016369074169088,83.49824603760013
2013-11-01,1747596,Capital,21.24415482754595,49.70459934675978,1.067214836449002,97.52240364448512
2013-11-01,816460,Zealand,12.46356220757906,45.9061754403155,1.0149132342155818,80.8175041231042
2013-11-01,1201955,Southern Denmark,13.203905304275118,45.283368345736726,1.0164894340264008,83.52713761972906
2013-11-01,1276604,Central Denmark,15.128967166012327,47.56069227418996,0.9119312093664864,84.69576657313169
2013-11-01,580886,North Denmark,13.059361045024323,45.79276656693396,0.953008113527262,80.52000583235264
2013-12-01,1201955,Southern Denmark,13.203905304275118,45.43154028229011,1.0164894340264006,83.52713761972906
2013-12-01,1276604,Central Denmark,15.128967166012327,47.052291078517705,0.9119312093664864,84.69576657313169
2013-12-01,1747596,Capital,21.24415482754595,49.50810542024588,1.067214836449002,97.52240364448512
2013-12-01,580886,North Denmark,13.059361045024323,45.87173731162397,0.953008113527262,80.52000583235264
2013-12-01,816460,Zealand,12.46356220757906,45.408356808661786,1.0149132342155818,80.8175041231042
2014-01-01,1747596,Capital,21.24415482754595,49.983138551473,1.0672148364490022,97.52240364448512
2014-01-01,1201955,Southern Denmark,13.203905304275118,45.483245213007145,1.0164894340264008,83.52713761972906
2014-01-01,1276604,Central Denmark,15.128967166012327,47.129636128353035,0.9119312093664864,84.69576657313169
2014-01-01,816460,Zealand,12.46356220757906,45.28105724714009,1.0149132342155818,80.8175041231042
2014-01-01,580886,North Denmark,13.059361045024323,46.416529232930394,0.953008113527262,80.52000583235264
2014-02-01,1277538,Central Denmark,15.117906473232107,47.80950703618992,0.9123903034432748,84.75220362081468
2014-02-01,581057,North Denmark,13.055517789132564,46.38891365218903,0.952861773399354,80.56800944198034
2014-02-01,1202509,Southern Denmark,13.197822220041598,45.46563310544868,1.0163574959704158,83.54866100544437
2014-02-01,1749405,Capital,21.222186972141962,49.718115016248376,1.0681743441213951,97.54373512282312
2014-02-01,816726,Zealand,12.459502942235217,45.59753209766801,1.0135677373235004,80.86711496984769
2014-03-01,1277538,Central Denmark,15.117906473232107,47.39750598416642,0.9123903034432748,84.75220362081468
2014-03-01,1202509,Southern Denmark,13.197822220041598,45.66765238347488,1.0163574959704156,83.54866100544439
2014-03-01,1749405,Capital,21.222186972141962,50.145226519873894,1.0681743441213951,97.54373512282312
2014-03-01,816726,Zealand,12.459502942235217,45.1739579736656,1.0135677373235004,80.86711496984769
2014-03-01,581057,North Denmark,13.055517789132564,46.23538998755714,0.952861773399354,80.56800944198034
2014-04-01,816726,Zealand,12.459502942235217,45.850026814378396,1.0135677373235004,80.86711496984769
2014-04-01,1749405,Capital,21.222186972141962,50.40458670233594,1.0681743441213951,97.54373512282312
2014-04-01,1202509,Southern Denmark,13.197822220041598,45.647135281316,1.0163574959704156,83.54866100544437
2014-04-01,1277538,Central Denmark,15.117906473232107,47.12044808060504,0.9123903034432748,84.75220362081468
2014-04-01,581057,North Denmark,13.055517789132564,45.938198834193535,0.952861773399354,80.56800944198034
2014-05-01,1278840,Central Denmark,15.102514779018486,47.071955834975455,0.9122341121696268,84.91492136711373
2014-05-01,581115,North Denmark,13.054214742348758,45.95873106011721,0.9529129698483751,80.76153330096203
2014-05-01,1203077,Southern Denmark,13.191591228159128,45.408056175955494,1.0163776635836543,83.6045571832827
2014-05-01,1753976,Capital,21.166880276583036,50.01625335808472,1.0690647635037407,97.545994566173
2014-05-01,817429,Zealand,12.448787601124993,45.5770470585213,1.0135408285037608,80.9738288770708
2014-06-01,1278840,Central Denmark,15.102514779018486,47.311407994745245,0.9122341121696268,84.91492136711373
2014-06-01,1203077,Southern Denmark,13.191591228159128,45.998718286526966,1.0163776635836543,83.6045571832827
2014-06-01,1753976,Capital,21.166880276583036,50.01778815673647,1.0690647635037411,97.54599456617302
2014-06-01,817429,Zealand,12.448787601124993,45.54572935386437,1.0135408285037606,80.9738288770708
2014-06-01,581115,North Denmark,13.054214742348758,45.96842449429114,0.9529129698483751,80.76153330096203
2014-07-01,1203077,Southern Denmark,13.505868701670794,45.44428910202755,1.0163776635836543,83.6045571832827
2014-07-01,817429,Zealand,12.626540042009767,45.36897761151121,1.0135408285037608,80.9738288770708
2014-07-01,1278840,Central Denmark,15.56230646523412,47.583114384911326,0.9122341121696266,84.91492136711373
2014-07-01,1753976,Capital,21.96409757032023,50.09932804097661,1.0690647635037407,97.54599456617302
2014-07-01,581115,North Denmark,13.363964103490705,46.29383340646859,0.9529129698483756,80.76153330096203
2014-08-01,1279467,Central Denmark,15.554680191048305,47.48972658145932,0.9126115488227048,84.93613139255757
2014-08-01,818733,Zealand,12.606429690753885,45.20454775854888,1.0135741542929504,80.98438638263752
2014-08-01,581340,North Denmark,13.358791756975265,46.024102934599384,0.9529309952920026,80.73111686647816
2014-08-01,1204111,Southern Denmark,13.494270877020474,45.89811819674433,1.016520557921161,83.62215605786977
2014-08-01,1756068,Capital,21.937931788518444,49.63144935161964,1.0682777777777777,97.53982073891794
2014-09-01,1756068,Capital,21.937931788518444,49.41185478011103,1.0562442268475798,97.53982073891794
2014-09-01,818733,Zealand,12.606429690753885,44.8959868479712,1.0220537517173267,80.98438638263752
2014-09-01,1204111,Southern Denmark,13.494270877020474,45.35960555131546,1.0282038913972875,83.6221560578698
2014-09-01,1279467,Central Denmark,15.554680191048305,47.94870051357324,0.9132959578964456,84.93613139255758
2014-09-01,581340,North Denmark,13.358791756975265,46.36543502941482,0.9527088894016676,80.73111686647816
2014-10-01,1756068,Capital,21.937931788518444,50.08984617907735,1.0562442268475796,97.53982073891794
2014-10-01,581340,North Denmark,13.358791756975265,45.630784050641616,0.9527088894016676,80.73111686647817
2014-10-01,1279467,Central Denmark,15.554680191048305,47.3982525536024,0.9132959578964456,84.93613139255757
2014-10-01,818733,Zealand,12.606429690753885,44.93268501452855,1.0220537517173267,80.98438638263752
2014-10-01,1204111,Southern Denmark,13.494270877020474,45.8619587396843,1.0282038913972875,83.62215605786977
2014-11-01,582413,North Denmark,13.334180384023025,46.403840573613564,0.9527398323341753,80.71750837984982
2014-11-01,819385,Zealand,12.596398518400994,45.38302507368331,1.0218423729910684,80.99887918747504
2014-11-01,1282250,Central Denmark,15.52092025736011,47.55897835835445,0.9129200830095012,84.91259713003727
2014-11-01,1205025,Southern Denmark,13.484035600921144,45.77245866268334,1.0280464644697092,83.60452651168977
2014-11-01,1766677,Capital,21.806193209058584,49.06887110660296,1.0558618990337312,97.53186325423971
2014-12-01,1766677,Capital,21.806193209058584,49.43505179498006,1.0558618990337314,97.53186325423971
2014-12-01,819385,Zealand,12.596398518400994,44.9920769845677,1.0218423729910684,80.99887918747504
2014-12-01,1282250,Central Denmark,15.52092025736011,47.00844999025151,0.9129200830095012,84.91259713003727
2014-12-01,582413,North Denmark,13.334180384023025,45.56061420332308,0.9527398323341753,80.71750837984982
2014-12-01,1205025,Southern Denmark,13.484035600921144,45.90634883093712,1.0280464644697087,83.60452651168977
2015-01-01,582413,North Denmark,13.334180384023025,45.83241273803986,0.9527398323341756,80.71750837984982
2015-01-01,1282250,Central Denmark,15.52092025736011,47.04140144277636,0.9129200830095016,84.91259713003727
2015-01-01,819385,Zealand,12.596398518400994,45.29763176040567,1.0218423729910684,80.99887918747504
2015-01-01,1205025,Southern Denmark,13.484035600921144,45.44801975062757,1.0280464644697092,83.60452651168977
2015-01-01,1766677,Capital,21.806193209058584,49.12826396675793,1.0558618990337312,97.53186325423971
2015-02-01,582632,North Denmark,13.329168325804279,45.92838017822571,0.952511779275684,80.76865004780369
2015-02-01,820480,Zealand,12.57958755850234,45.30094456903277,1.021171055622893,81.01118232535859
2015-02-01,1282750,Central Denmark,15.514870395634382,47.23022022997467,0.9128617632211248,84.9396077979921
2015-02-01,1205728,Southern Denmark,13.47617373072534,45.60038997186762,1.0281471389878591,83.64274126068594
2015-02-01,1768125,Capital,21.788335100742312,49.78175751148815,1.0576788986855687,97.56098760200764
2015-03-01,820480,Zealand,12.57958755850234,45.38310013650546,1.0211710556228928,81.01118232535859
2015-03-01,1768125,Capital,21.788335100742312,50.29632463768115,1.0576788986855687,97.56098760200764
2015-03-01,1282750,Central Denmark,15.514870395634382,47.56577665172482,0.9128617632211248,84.93960779799208
2015-03-01,582632,North Denmark,13.329168325804279,45.896286163478834,0.9525117792756842,80.76865004780369
2015-03-01,1205728,Southern Denmark,13.47617373072534,45.37492286817591,1.0281471389878591,83.64274126068595
2015-04-01,1768125,Capital,21.788335100742312,50.32893206079886,1.057678898685569,97.56098760200766
2015-04-01,582632,North Denmark,13.329168325804279,45.7735551771959,0.952511779275684,80.76865004780367
2015-04-01,1282750,Central Denmark,15.514870395634382,47.93081738452544,0.912861763221125,84.93960779799208
2015-04-01,1205728,Southern Denmark,13.47617373072534,45.752607553279006,1.0281471389878591,83.64274126068594
2015-04-01,820480,Zealand,12.57958755850234,45.70160759555382,1.021171055622893,81.01118232535859
2015-05-01,582664,North Denmark,13.328436285749593,46.32979899221507,0.9525542922621948,80.83607373455288
2015-05-01,1284877,Central Denmark,15.489186902715204,47.15626476308627,0.9130344719160236,85.0049953963247
2015-05-01,821366,Zealand,12.566018072333165,45.53338462999442,1.020978741991846,81.14773963793438
2015-05-01,1206924,Southern Denmark,13.462819531304376,45.951710298245786,1.0279953141680125,83.66351046015745
2015-05-01,1772912,Capital,21.729504904924777,49.62081197487523,1.0569374231013642,97.55341300370014
2015-06-01,821366,Zealand,12.566018072333165,46.103209774935905,1.0209787419918464,81.14773963793438
2015-06-01,1284877,Central Denmark,15.489186902715204,48.04211220217967,0.913034471916024,85.0049953963247
2015-06-01,1206924,Southern Denmark,13.462819531304376,45.163680563150635,1.0279953141680125,83.66351046015744
2015-06-01,1772912,Capital,21.729504904924777,50.21646590468111,1.0569374231013642,97.55341300370013
2015-06-01,582664,North Denmark,13.328436285749593,46.01313964823638,0.9525542922621948,80.83607373455284
2015-07-01,821366,Zealand,12.854074797349785,45.46437154691089,1.0209787419918464,81.14773963793438
2015-07-01,1206924,Southern Denmark,13.848759325359348,45.76792656372729,1.0279953141680125,83.66351046015745
2015-07-01,1284877,Central Denmark,16.00332171873261,47.11196246800278,0.913034471916024,85.0049953963247
2015-07-01,1772912,Capital,22.648275830949306,49.84607696264676,1.0569374231013642,97.55341300370016
2015-07-01,582664,North Denmark,13.724719563933933,46.1672593467247,0.9525542922621948,80.83607373455288
2015-08-01,824199,Zealand,12.809891785842984,45.56787863125289,1.0208361285245522,81.14571637451758
2015-08-01,1775479,Capital,22.615530794788327,50.30383856976061,1.0563973718524038,97.54646210466305
2015-08-01,1286679,Central Denmark,15.980908991286869,47.448379121754535,0.912989623082784,84.99397254666034
2015-08-01,583471,North Denmark,13.705736874669006,46.111021798855475,0.9524331984985844,80.83003722673672
2015-08-01,1208520,Southern Denmark,13.830470327342534,45.7110763578592,1.027855943379788,83.66214664771421
2015-09-01,1208520,Southern Denmark,13.830470327342534,45.80829278787277,1.030555354354652,83.66214664771421
2015-09-01,1775479,Capital,22.615530794788327,49.929453403842004,1.0510795725873368,97.54646210466305
2015-09-01,583471,North Denmark,13.705736874669006,46.26677075638722,0.9485472141677656,80.83003722673672
2015-09-01,1286679,Central Denmark,15.980908991286869,47.35446836390429,0.9170656275999692,84.99397254666033
2015-09-01,824199,Zealand,12.809891785842984,45.6241939143338,1.0195235099667492,81.14571637451758
2015-10-01,1775479,Capital,22.615530794788327,50.01567351683686,1.0510795725873368,97.54646210466305
2015-10-01,583471,North Denmark,13.705736874669006,46.244613699738295,0.9485472141677652,80.8300372267367
2015-10-01,824199,Zealand,12.809891785842984,45.389234881381796,1.0195235099667492,81.14571637451758
2015-10-01,1286679,Central Denmark,15.980908991286869,47.0238458854151,0.9170656275999692,84.99397254666034
2015-10-01,1208520,Southern Denmark,13.830470327342534,46.01535431767782,1.030555354354652,83.66214664771421
2015-11-01,825893,Zealand,12.783617248239178,45.77065915318328,1.0200897195488348,81.12486398477458
2015-11-01,1786469,Capital,22.476404572371525,49.485076987062186,1.0513582157938406,97.55776120898408
2015-11-01,584918,North Denmark,13.671830923308908,45.610685600374744,0.9485111846210392,80.88049747416467
2015-11-01,1291643,Central Denmark,15.919491686170248,46.88120788793808,0.917462735022338,85.03721244485216
2015-11-01,1210297,Southern Denmark,13.810163951492898,45.557528441366046,1.0306768887483009,83.66478585641286
2015-12-01,1210297,Southern Denmark,13.810163951492898,45.70459647508008,1.0306768887483009,83.66478585641289
2015-12-01,1291643,Central Denmark,15.919491686170248,47.61712330729157,0.917462735022338,85.03721244485217
2015-12-01,1786469,Capital,22.476404572371525,49.46504977136463,1.0513582157938406,97.55776120898408
2015-12-01,584918,North Denmark,13.671830923308908,45.9551595266345,0.9485111846210392,80.88049747416467
2015-12-01,825893,Zealand,12.783617248239178,45.311066929977606,1.0200897195488343,81.12486398477458
2016-01-01,584918,North Denmark,13.671830923308908,46.147577951097425,0.9485111846210392,80.88049747416467
2016-01-01,825893,Zealand,12.783617248239178,44.936948248744095,1.0200897195488348,81.12486398477456
2016-01-01,1291643,Central Denmark,15.919491686170248,46.93267102442393,0.917462735022338,85.03721244485216
2016-01-01,1786469,Capital,22.476404572371525,49.8733037069213,1.0513582157938406,97.55776120898408
2016-01-01,1210297,Southern Denmark,13.810163951492898,45.76221373761978,1.0306768887483009,83.66478585641288
2016-02-01,827499,Zealand,12.758806959283335,46.172197186945226,1.0189949440544444,81.16745421814791
2016-02-01,1789174,Capital,22.442423151688992,50.612740851364926,1.051856029525535,97.56217163615094
2016-02-01,1211770,Southern Denmark,13.793376630878797,45.604033768784504,1.0305476684814827,83.68191555975194
2016-02-01,1293309,Central Denmark,15.898984697392502,48.57138162650998,0.9172878475810068,85.03720032195108
2016-02-01,585499,North Denmark,13.658264147334153,46.2602959185242,0.9484404578171736,80.88313950312086
2016-03-01,1211770,Southern Denmark,13.793376630878797,45.722457231982965,1.030547668481483,83.68191555975197
2016-03-01,585499,North Denmark,13.658264147334153,46.753092661131795,0.9484404578171736,80.88313950312084
2016-03-01,1789174,Capital,22.442423151688992,50.12514657601776,1.0518560295255353,97.56217163615091
2016-03-01,1293309,Central Denmark,15.898984697392502,47.84871287526801,0.9172878475810068,85.03720032195109
2016-03-01,827499,Zealand,12.758806959283335,46.28483176414715,1.018994944054444,81.16745421814791
2016-04-01,1789174,Capital,22.442423151688992,50.81534831156723,1.051856029525535,97.56217163615091
2016-04-01,1211770,Southern Denmark,13.793376630878797,46.26914018336814,1.030547668481483,83.68191555975197
2016-04-01,1293309,Central Denmark,15.898984697392502,48.58427027106438,0.9172878475810068,85.03720032195109
2016-04-01,827499,Zealand,12.758806959283335,46.278275864985936,1.018994944054444,81.16745421814791
2016-04-01,585499,North Denmark,13.658264147334153,46.09674824380571,0.9484404578171736,80.88313950312086
2016-05-01,1295584,Central Denmark,15.871066638674142,47.60919708795416,0.91724748903855,85.17553127999004
2016-05-01,585769,North Denmark,13.651968608786056,46.77095749348293,0.9483042229666282,81.07746840543484
2016-05-01,1213532,Southern Denmark,13.773349198867438,45.63337513967493,1.0305198945309175,83.8998230078287
2016-05-01,1793489,Capital,22.388428365047126,50.921729098979704,1.0518975390694367,97.59762017821664
2016-05-01,828640,Zealand,12.741238656111216,46.146094805947094,1.0192081205062302,81.31917161003928
2016-06-01,1295584,Central Denmark,15.871066638674142,47.392196106157535,0.91724748903855,85.17553127999004
2016-06-01,1213532,Southern Denmark,13.773349198867438,46.31254058401425,1.0305198945309175,83.89982300782869
2016-06-01,1793489,Capital,22.388428365047126,50.5562860993293,1.0518975390694367,97.59762017821664
2016-06-01,828640,Zealand,12.741238656111216,46.11381299478664,1.0192081205062302,81.31917161003928
2016-06-01,585769,North Denmark,13.651968608786056,46.04601131162625,0.9483042229666282,81.07746840543486
2016-07-01,828640,Zealand,13.1227070863101,45.46405314732574,1.0192081205062304,81.31917161003928
2016-07-01,1793489,Capital,23.51957553126894,50.28931484943593,1.0518975390694367,97.59762017821664
2016-07-01,1213532,Southern Denmark,14.256237165563002,45.69898362795543,1.030519894530918,83.8998230078287
2016-07-01,1295584,Central Denmark,16.491867760021734,48.15952188356757,0.9172474890385504,85.17553127999004
2016-07-01,585769,North Denmark,14.199795482519557,46.43302052515582,0.948304222966628,81.07746840543486
2016-08-01,1297738,Central Denmark,16.464494374057008,48.153250502027376,0.9176515693786078,85.21464105667705
2016-08-01,586104,North Denmark,14.191679292412267,46.16095778223659,0.9483061418630656,81.11451832212151
2016-08-01,1214785,Southern Denmark,14.241532452244634,45.61122997073557,1.0305780171214045,83.91962876278652
2016-08-01,1795211,Capital,23.497015114100794,49.98311841894908,1.0527327041984298,97.6062672198084
2016-08-01,830618,Zealand,13.091457204154015,46.277763063165025,1.0187842804466296,81.33269261599993
2016-09-01,1297738,Central Denmark,16.464494374057008,48.57071227011924,0.916277675716028,85.21464105667705
2016-09-01,1214785,Southern Denmark,14.241532452244634,45.347477948772834,1.0316284003503031,83.9196287627865
2016-09-01,1795211,Capital,23.497015114100794,50.79824655708994,1.0468372908037695,97.60626721980837
2016-09-01,830618,Zealand,13.091457204154015,45.5255291842941,1.019734495673169,81.33269261599993
2016-09-01,586104,North Denmark,14.191679292412267,46.38823997106316,0.9524343328971124,81.1145183221215
2016-10-01,1795211,Capital,23.497015114100794,50.146910864516755,1.0468372908037695,97.60626721980837
2016-10-01,830618,Zealand,13.091457204154015,45.35811046714615,1.019734495673169,81.33269261599993
2016-10-01,1214785,Southern Denmark,14.241532452244634,45.515282128113206,1.0316284003503031,83.91962876278652
2016-10-01,1297738,Central Denmark,16.464494374057008,47.27887139006487,0.916277675716028,85.21464105667705
2016-10-01,586104,North Denmark,14.191679292412267,46.89075147072874,0.9524343328971124,81.1145183221215
2016-11-01,1302897,Central Denmark,16.399300942438273,48.20614906627308,0.91597015305296,85.1775952743491
2016-11-01,831789,Zealand,13.073026933513189,45.20527441454503,1.0201031548275206,81.32038360136141
2016-11-01,1217170,Southern Denmark,14.213626691423547,45.337545289482975,1.0315967014897571,83.90324468825891
2016-11-01,587421,North Denmark,14.159861496269286,46.25381966255888,0.9525309527224054,81.08377295418383
2016-11-01,1806249,Capital,23.353424693937548,50.48689577129178,1.0462901758700784,97.59837654098939
2016-12-01,1806249,Capital,23.353424693937548,49.81736072933466,1.0462901758700789,97.59837654098943
2016-12-01,831789,Zealand,13.073026933513189,45.93566397247379,1.0201031548275206,81.32038360136139
2016-12-01,587421,North Denmark,14.159861496269286,46.09565541579207,0.9525309527224056,81.08377295418383
2016-12-01,1302897,Central Denmark,16.399300942438273,48.19874479717123,0.91597015305296,85.17759527434906
2016-12-01,1217170,Southern Denmark,14.213626691423547,45.68775273790842,1.0315967014897571,83.90324468825891
2017-01-01,1806249,Capital,23.353424693937548,49.543028120707596,1.0462901758700784,97.59837654098939
2017-01-01,587421,North Denmark,14.159861496269286,45.85801154538228,0.9525309527224054,81.08377295418383
2017-01-01,1302897,Central Denmark,16.399300942438273,47.98724074120978,0.91597015305296,85.1775952743491
2017-01-01,831789,Zealand,13.073026933513189,45.82166030086957,1.0201031548275206,81.32038360136141
2017-01-01,1217170,Southern Denmark,14.213626691423547,46.190417936689215,1.0315967014897571,83.90324468825891
2017-02-01,587335,North Denmark,14.161934841274572,46.56910791967106,0.9523715426460201,81.11122085351629
2017-02-01,832553,Zealand,13.061030348818633,46.16548976461559,1.0195943629967776,81.33622701740605
2017-02-01,1304253,Central Denmark,16.38225098964695,48.99164502592672,0.9161366161319928,85.21366245659394
2017-02-01,1217224,Southern Denmark,14.21299612889657,46.682383028924825,1.0315530420284091,83.91563533088404
2017-02-01,1807404,Capital,23.338500966026412,50.95915357053542,1.0466908183692372,97.60715504563092
2017-03-01,1807404,Capital,23.338500966026412,51.109399448048144,1.0466908183692374,97.60715504563095
2017-03-01,832553,Zealand,13.061030348818633,45.66011773424635,1.019594362996778,81.33622701740605
2017-03-01,1304253,Central Denmark,16.38225098964695,48.4149670347701,0.9161366161319928,85.21366245659392
2017-03-01,587335,North Denmark,14.161934841274572,46.47136472370964,0.9523715426460198,81.11122085351629
2017-03-01,1217224,Southern Denmark,14.21299612889657,46.773607815816966,1.0315530420284091,83.91563533088404
2017-04-01,587335,North Denmark,14.161934841274572,47.0246384090851,0.9523715426460198,81.11122085351629
2017-04-01,1304253,Central Denmark,16.38225098964695,48.38195350135288,0.9161366161319928,85.21366245659394
2017-04-01,832553,Zealand,13.061030348818633,46.199795088120524,1.0195943629967774,81.33622701740606
2017-04-01,1217224,Southern Denmark,14.21299612889657,46.179561033959224,1.0315530420284094,83.91563533088404
2017-04-01,1807404,Capital,23.338500966026412,50.63540636183168,1.0466908183692374,97.60715504563095
2017-05-01,587446,North Denmark,14.15925889358341,46.39086486247247,0.9522955982337099,81.24722187230826
2017-05-01,832703,Zealand,13.058677583724327,45.746602330002425,1.0194591017457046,81.32729448784852
2017-05-01,1306202,Central Denmark,16.35780683232762,47.96624947749276,0.9161195282199844,85.3515421045137
2017-05-01,1218010,Southern Denmark,14.203824270736694,46.52010328322428,1.031518649388779,84.01511383321974
2017-05-01,1811809,Capital,23.28175872843109,51.00373383728639,1.0469781385867991,97.59380288795636
2017-06-01,832703,Zealand,13.058677583724327,45.89671587588853,1.0194591017457046,81.32729448784852
2017-06-01,1811809,Capital,23.28175872843109,50.6802080130963,1.0469781385867991,97.59380288795636
2017-06-01,1306202,Central Denmark,16.35780683232762,47.87267895777222,0.9161195282199844,85.3515421045137
2017-06-01,587446,North Denmark,14.15925889358341,47.15586113447022,0.9522955982337099,81.24722187230826
2017-06-01,1218010,Southern Denmark,14.203824270736694,46.08136304299636,1.0315186493887785,84.01511383321974
2017-07-01,1811809,Capital,24.223303891304216,50.806364798938525,1.0469781385867991,97.59380288795631
2017-07-01,587446,North Denmark,14.571722337031828,46.959965681952035,0.9522955982337099,81.24722187230826
2017-07-01,1306202,Central Denmark,16.928315834763687,48.215062448227755,0.9161195282199844,85.3515421045137
2017-07-01,1218010,Southern Denmark,14.626398798039427,46.00044334611375,1.031518649388779,84.01511383321974
2017-07-01,832703,Zealand,13.37799911853326,46.26162629412889,1.0194591017457046,81.32729448784853
2017-08-01,587611,North Denmark,14.567630626383783,47.25451531710604,0.952238521743126,81.23858998555166
2017-08-01,1308253,Central Denmark,16.901776644120062,48.06492398641547,0.916000903494966,85.34519125887729
2017-08-01,833997,Zealand,13.357242292238462,46.08299190524666,1.019450705458173,81.32343917304259
2017-08-01,1218665,Southern Denmark,14.618537497999863,46.067644512642936,1.03149720213258,84.01439476804538
2017-08-01,1812168,Capital,24.218505127559915,50.174313860525075,1.0468975564692944,97.58966878594951
2017-09-01,833997,Zealand,13.357242292238462,45.810716345502435,1.0293595060893503,81.32343917304259
2017-09-01,1308253,Central Denmark,16.901776644120062,48.18076625851421,0.9107316551156389,85.34519125887729
2017-09-01,1218665,Southern Denmark,14.618537497999863,46.54109209667956,1.0427345575168017,84.01439476804534
2017-09-01,1812168,Capital,24.218505127559915,50.938215993219174,1.0397989449757217,97.58966878594948
2017-09-01,587611,North Denmark,14.567630626383783,46.449688654569094,0.9606331059153078,81.23858998555168
2017-10-01,833997,Zealand,13.357242292238462,45.863774090314465,1.0293595060893503,81.32343917304259
2017-10-01,1218665,Southern Denmark,14.618537497999863,45.76996139217915,1.0427345575168017,84.01439476804538
2017-10-01,1308253,Central Denmark,16.901776644120062,47.86804540100424,0.9107316551156388,85.34519125887729
2017-10-01,1812168,Capital,24.218505127559915,51.09822654411732,1.0397989449757217,97.58966878594951
2017-10-01,587611,North Denmark,14.567630626383783,46.75542152886859,0.960633105915308,81.23858998555167
2017-11-01,834740,Zealand,13.345353044061625,45.63097491434458,1.0291000071878669,81.33074286604213
2017-11-01,1821577,Capital,24.093409172381953,49.91330588824958,1.0401340883212935,97.6019190375331
2017-11-01,1312985,Central Denmark,16.84086261457671,48.037641709539706,0.9109102617318552,85.38263156090892
2017-11-01,588962,North Denmark,14.534214431491337,47.054781123400154,0.9604651573446168,81.2748270686394
2017-11-01,1220306,Southern Denmark,14.598879297487679,46.372385286969006,1.0427645188904604,84.03537711033134
2017-12-01,1220306,Southern Denmark,14.598879297487679,45.777002653432824,1.0427645188904604,84.03537711033134
2017-12-01,1821577,Capital,24.093409172381953,50.828406924329855,1.0401340883212935,97.6019190375331
2017-12-01,588962,North Denmark,14.534214431491337,47.17459360705785,0.9604651573446162,81.2748270686394
2017-12-01,1312985,Central Denmark,16.84086261457671,47.91043005060987,0.9109102617318552,85.38263156090892
2017-12-01,834740,Zealand,13.345353044061625,46.4333277427702,1.0291000071878669,81.33074286604213
2018-01-01,1821577,Capital,24.093409172381953,50.966827095423355,1.0401340883212935,97.60191903753308
2018-01-01,588962,North Denmark,14.534214431491337,46.54747504932406,0.9604651573446163,81.2748270686394
2018-01-01,834740,Zealand,13.345353044061625,46.50179097683111,1.0291000071878669,81.33074286604213
2018-01-01,1312985,Central Denmark,16.84086261457671,48.552869225467155,0.9109102617318552,85.38263156090892
2018-01-01,1220306,Southern Denmark,14.598879297487679,46.27683957958087,1.0427645188904606,84.03537711033134
2018-02-01,835024,Zealand,13.340814156239825,45.925493159478044,1.0288648079567284,81.337599351312
2018-02-01,1822659,Capital,24.0791064044344,51.44056293579875,1.040363923746802,97.60272856400637
2018-02-01,589148,North Denmark,14.5296258325582,47.052954435897256,0.9603942133385835,81.2742910100688
2018-02-01,1313596,Central Denmark,16.833029333219653,49.32691710388887,0.9109262734615045,85.39023230055676
2018-02-01,1220763,Southern Denmark,14.593414118874836,47.02144888074098,1.0427944624892078,84.03919696124474
2018-03-01,1220763,Southern Denmark,14.593414118874836,46.33279678365089,1.0427944624892076,84.03919696124474
2018-03-01,1313596,Central Denmark,16.833029333219653,49.18403299035624,0.910926273461504,85.39023230055676
2018-03-01,1822659,Capital,24.0791064044344,51.011340574402574,1.040363923746802,97.60272856400637
2018-03-01,589148,North Denmark,14.5296258325582,47.34753576350934,0.9603942133385841,81.27429101006878
2018-03-01,835024,Zealand,13.340814156239825,46.76104040123397,1.0288648079567286,81.337599351312
2018-04-01,1822659,Capital,24.0791064044344,50.8685124315629,1.040363923746802,97.60272856400637
2018-04-01,589148,North Denmark,14.5296258325582,46.755993400639575,0.9603942133385841,81.27429101006882
2018-04-01,835024,Zealand,13.340814156239825,46.29289936576672,1.0288648079567286,81.337599351312
2018-04-01,1313596,Central Denmark,16.833029333219653,48.718415707721405,0.9109262734615045,85.39023230055679
2018-04-01,1220763,Southern Denmark,14.593414118874836,46.33831054840292,1.0427944624892076,84.03919696124474
2018-05-01,835107,Zealand,13.339488233244364,46.44698823025074,1.028704896344055,81.49243152960614
2018-05-01,1826010,Capital,24.034917662006237,50.7303371832575,1.0410991744284506,97.621975959566
2018-05-01,588766,North Denmark,14.53905286650384,47.6518922628005,0.9603501730738528,81.35386927913636
2018-05-01,1221083,Southern Denmark,14.589589733048449,46.87531396309669,1.0427495986656847,84.13233048474109
2018-05-01,1314898,Central Denmark,16.816361421190084,48.54480803834213,0.9107696388032509,85.4326469775714
2018-06-01,835107,Zealand,13.339488233244364,45.821857558372756,1.028704896344055,81.49243152960615
2018-06-01,588766,North Denmark,14.53905286650384,47.278868005285645,0.9603501730738528,81.35386927913636
2018-06-01,1221083,Southern Denmark,14.589589733048449,46.11989193199808,1.0427495986656847,84.13233048474109
2018-06-01,1314898,Central Denmark,16.816361421190084,49.34015642277956,0.9107696388032509,85.43264697757142
2018-06-01,1826010,Capital,24.034917662006237,51.14514049758764,1.0410991744284503,97.621975959566
2018-07-01,835107,Zealand,13.596820527189927,45.87889216591407,1.028704896344055,81.49243152960615
2018-07-01,588766,North Denmark,14.899297853476591,47.065781651793756,0.9603501730738526,81.35386927913636
2018-07-01,1314898,Central Denmark,17.350775497415007,49.22654000538446,0.9107696388032508,85.4326469775714
2018-07-01,1826010,Capital,24.70933894118871,51.69842552888538,1.0410991744284503,97.621975959566
2018-07-01,1221083,Southern Denmark,14.951645383647136,47.17802639132639,1.0427495986656852,84.13233048474109
2018-08-01,836379,Zealand,13.57614191652349,47.02594756683274,1.028276904734029,81.50068825369216
2018-08-01,1825952,Capital,24.710123814864797,50.6792281505757,1.0403941934834064,97.60906399232773
2018-08-01,1222370,Southern Denmark,14.935903204430735,46.5121035365724,1.0427554206996177,84.1458253649128
2018-08-01,1316368,Central Denmark,17.33139973016664,49.294265737240636,0.9110356120826709,85.47794004088121
2018-08-01,588888,North Denmark,14.896211164092323,47.716204099930714,0.9602641342576592,81.39666083880543
2018-09-01,1222370,Southern Denmark,14.935903204430735,45.99807505092566,1.0465487755382732,84.14582536491281
2018-09-01,1316368,Central Denmark,17.33139973016664,48.603212779405155,0.9164577409342114,85.47794004088121
2018-09-01,1825952,Capital,24.710123814864797,51.71260635547923,1.0296849922598754,97.60906399232773
2018-09-01,588888,North Denmark,14.896211164092323,47.45748427544797,0.9647639377367571,81.39666083880543
2018-09-01,836379,Zealand,13.57614191652349,45.71816604673241,1.025045134914927,81.50068825369216
2018-10-01,836379,Zealand,13.57614191652349,45.852418580571715,1.025045134914927,81.50068825369216
2018-10-01,1825952,Capital,24.710123814864797,51.17590002365888,1.0296849922598754,97.60906399232779
2018-10-01,1222370,Southern Denmark,14.935903204430735,46.385066714660866,1.0465487755382732,84.14582536491281
2018-10-01,588888,North Denmark,14.896211164092323,47.03614948852753,0.9647639377367571,81.39666083880543
2018-10-01,1316368,Central Denmark,17.33139973016664,48.19499790332187,0.9164577409342116,85.47794004088121
2018-11-01,1320570,Central Denmark,17.276251921518732,48.285522160885066,0.9161733809931976,85.43978436039123
2018-11-01,1223204,Southern Denmark,14.925719667365376,46.10183092926445,1.046554744044491,84.13067275341706
2018-11-01,590010,North Denmark,14.867883595193303,46.776851239809496,0.964895503117408,81.35493484871651
2018-11-01,1835537,Capital,24.58108989358428,50.28626935877621,1.0298033364453352,97.60992489605074
2018-11-01,836694,Zealand,13.57103074720268,45.916826223207046,1.0249618253955912,81.50501024488446
2018-12-01,1320570,Central Denmark,17.276251921518732,48.62472492938655,0.9161733809931976,85.43978436039123
2018-12-01,590010,North Denmark,14.867883595193303,47.20097625463975,0.964895503117408,81.35493484871651
2018-12-01,1223204,Southern Denmark,14.925719667365376,47.04698153374254,1.046554744044491,84.13067275341704
2018-12-01,1835537,Capital,24.58108989358428,51.187229132401036,1.0298033364453352,97.60992489605071
2018-12-01,836694,Zealand,13.57103074720268,45.884577874348324,1.0249618253955912,81.50501024488442
2019-01-01,1223204,Southern Denmark,14.925719667365376,46.334742201627854,1.046554744044491,84.13067275341704
2019-01-01,1835537,Capital,24.58108989358428,51.489019289722854,1.0298033364453352,97.6099248960508
2019-01-01,836694,Zealand,13.57103074720268,46.022296084351034,1.0249618253955912,81.50501024488442
2019-01-01,1320570,Central Denmark,17.276251921518732,48.76292585777353,0.9161733809931976,85.43978436039126
2019-01-01,590010,North Denmark,14.867883595193303,46.69258317655633,0.964895503117408,81.35493484871651
2019-02-01,1320678,Central Denmark,17.27483913565608,48.337612196159846,0.9162380534846496,85.47894202826123
2019-02-01,589755,North Denmark,14.874312214394115,47.31752168273266,0.9647175691600749,81.4038424430484
2019-02-01,1223348,Southern Denmark,14.923962764479118,47.093508960655505,1.0464948366595068,84.14883017751285
2019-02-01,1835562,Capital,24.580755103886442,51.52141414999875,1.0300869839955549,97.62065423208078
2019-02-01,836738,Zealand,13.570317112405554,46.319158446252004,1.0246705060422958,81.51659193468201
2019-03-01,1320678,Central Denmark,17.27483913565608,48.60661266410133,0.9162380534846496,85.47894202826123
2019-03-01,1223348,Southern Denmark,14.923962764479118,46.86953344428568,1.0464948366595064,84.14883017751285
2019-03-01,1835562,Capital,24.580755103886442,51.44446224099214,1.030086983995555,97.62065423208081
2019-03-01,836738,Zealand,13.570317112405554,46.306908494654245,1.0246705060422958,81.51659193468201
2019-03-01,589755,North Denmark,14.874312214394115,47.38967537367211,0.9647175691600748,81.40384244304839
2019-04-01,836738,Zealand,13.570317112405554,46.898601473818566,1.0246705060422958,81.51659193468201
2019-04-01,1223348,Southern Denmark,14.923962764479118,46.76446195195479,1.0464948366595066,84.14883017751285
2019-04-01,1320678,Central Denmark,17.27483913565608,48.76745959272434,0.9162380534846496,85.47894202826123
2019-04-01,1835562,Capital,24.580755103886442,51.63527246696107,1.0300869839955549,97.62065423208077
2019-04-01,589755,North Denmark,14.874312214394115,46.929733533416425,0.9647175691600749,81.40384244304839
2019-05-01,1321790,Central Denmark,17.260306100061282,49.462518251764656,0.9161042285292678,85.5584746723676
2019-05-01,589605,North Denmark,14.878096352642872,47.55324666514022,0.9645773751083122,81.62752034402126
2019-05-01,1223685,Southern Denmark,14.919852739879953,46.5907100274989,1.0464137960127229,84.23712000888908
2019-05-01,1839658,Capital,24.526026033099626,51.24593810371275,1.0302116618151886,97.59720904995486
2019-05-01,836675,Zealand,13.571338930887144,46.37301580661547,1.0244652032821566,81.52626454469936
2019-06-01,1321790,Central Denmark,17.260306100061282,49.628250327207795,0.9161042285292678,85.55847467236761
2019-06-01,1223685,Southern Denmark,14.919852739879953,46.60945749927473,1.046413796012723,84.23712000888908
2019-06-01,1839658,Capital,24.526026033099626,50.88210743518632,1.0302116618151884,97.59720904995486
2019-06-01,836675,Zealand,13.571338930887144,47.30841127080408,1.0244652032821568,81.52626454469936
2019-06-01,589605,North Denmark,14.878096352642872,47.07478057343475,0.9645773751083121,81.62752034402126
2019-07-01,1839658,Capital,25.145760788146486,50.5849168704183,1.0302116618151884,97.59720904995486
2019-07-01,1321790,Central Denmark,17.75017211508636,48.78600080194282,0.9161042285292677,85.5584746723676
2019-07-01,836675,Zealand,13.848387964263306,46.561758149819234,1.0244652032821566,81.52626454469936
2019-07-01,589605,North Denmark,15.213914400318856,47.25643778461851,0.9645773751083122,81.62752034402126
2019-07-01,1223685,Southern Denmark,15.314480442270687,46.917351279128205,1.0464137960127229,84.23712000888908
2019-08-01,1223879,Southern Denmark,15.31205290719099,47.35465188960674,1.0463983486477042,84.23701662651155
2019-08-01,1840357,Capital,25.13620998534524,50.452901801117925,1.0301968076492958,97.59462982142875
2019-08-01,589731,North Denmark,15.210663845041216,47.032743742485984,0.964697500869226,81.6290669176822
2019-08-01,1323137,Central Denmark,17.732101815609422,48.15939014629625,0.9162093649284512,85.55903239006341
2019-08-01,837357,Zealand,13.837108903370964,46.05002645227782,1.0243275209976153,81.52643113988418
2019-09-01,1223879,Southern Denmark,15.31205290719099,46.85687310591979,1.0540239937335725,84.23701662651153
2019-09-01,589731,North Denmark,15.210663845041216,48.00536176663597,0.9859231349801988,81.6290669176822
2019-09-01,1840357,Capital,25.13620998534524,51.33943848938004,1.0004512751905423,97.59462982142875
2019-09-01,1323137,Central Denmark,17.732101815609422,48.92636665742096,0.9189640141501836,85.55903239006342
2019-09-01,837357,Zealand,13.837108903370964,46.191152638599775,1.0635541590982105,81.52643113988418
