labour_force_share,reg_nr,ID,date,pop,mvu_lvu,mvu_lvu_share,urban_share
76.60000000000001,01,Stockholm,2005-01-01,1889945,519733,27.499900790763753,95.3881726716915
76.60000000000001,03,Uppsala,2005-01-01,304367,81386,26.73942970164308,79.54031591095625
70.4,04,Södermanland,2005-01-01,261895,44152,16.858664732049103,81.9496363046259
72.2,05,Östergötland,2005-01-01,416303,84637,20.33062456912393,83.65733612296813
75.7,06,Jönköping,2005-01-01,330179,54052,16.37051417564412,82.39954691243234
75.69999999999999,07,Kronoberg,2005-01-01,178443,33358,18.69392467062311,76.81276373968157
72.2,08,Kalmar,2005-01-01,233944,38652,16.52190267756386,77.08297712273023
72.7,09,Gotland,2005-01-01,57488,9683,16.843515168382968,57.5754940161425
71.7,10,Blekinge,2005-01-01,150696,28007,18.585098476402827,78.69883739448957
72.8,12,Skåne,2005-01-01,1169464,256808,21.959461770520512,87.7212124528844
75.2,13,Halland,2005-01-01,285868,54211,18.963647557614003,78.82449242307639
74.2,14,Västra Götaland,2005-01-01,1528455,320817,20.98962677998371,83.34723626145356
71.3,17,Värmland,2005-01-01,273288,47508,17.383858786335292,73.88066801323147
73.5,18,Örebro,2005-01-01,274121,50353,18.368895487759055,82.07215061961688
75.30000000000001,19,Västmanland,2005-01-01,261391,47365,18.120363746265173,87.34041823238093
74.2,20,Dalarna,2005-01-01,275755,44084,15.986654820402169,79.36827981360265
72.4,21,Gävleborg,2005-01-01,275994,43560,15.782951803300072,77.70205149387306
73.8,22,Västernorrland,2005-01-01,243736,42957,17.62439688843667,75.88907670594413
73.4,23,Jämtland,2005-01-01,127028,22886,18.016500299146646,65.62962496457475
72.0,24,Västerbotten,2005-01-01,257652,59933,23.261220561066864,76.5016378681322
72.3,25,Norrbotten,2005-01-01,251740,46813,18.595773417017558,81.77008024151903
76.3,01,Stockholm,2005-04-01,1889945,519733,27.499900790763753,95.3881726716915
73.1,03,Uppsala,2005-04-01,304367,81386,26.73942970164308,79.54031591095625
70.80000000000001,04,Södermanland,2005-04-01,261895,44152,16.858664732049103,81.9496363046259
73.39999999999999,05,Östergötland,2005-04-01,416303,84637,20.33062456912393,83.65733612296813
76.5,06,Jönköping,2005-04-01,330179,54052,16.37051417564412,82.39954691243234
76.3,07,Kronoberg,2005-04-01,178443,33358,18.69392467062311,76.81276373968157
70.3,08,Kalmar,2005-04-01,233944,38652,16.52190267756386,77.08297712273023
71.6,09,Gotland,2005-04-01,57488,9683,16.843515168382968,57.5754940161425
71.4,10,Blekinge,2005-04-01,150696,28007,18.585098476402827,78.69883739448957
72.8,12,Skåne,2005-04-01,1169464,256808,21.959461770520512,87.7212124528844
73.7,13,Halland,2005-04-01,285868,54211,18.963647557614003,78.82449242307639
73.39999999999999,14,Västra Götaland,2005-04-01,1528455,320817,20.98962677998371,83.34723626145356
72.2,17,Värmland,2005-04-01,273288,47508,17.383858786335292,73.88066801323147
71.39999999999999,18,Örebro,2005-04-01,274121,50353,18.368895487759055,82.07215061961688
74.10000000000001,19,Västmanland,2005-04-01,261391,47365,18.120363746265173,87.34041823238093
70.39999999999999,20,Dalarna,2005-04-01,275755,44084,15.986654820402169,79.36827981360265
71.8,21,Gävleborg,2005-04-01,275994,43560,15.782951803300072,77.70205149387306
72.1,22,Västernorrland,2005-04-01,243736,42957,17.62439688843667,75.88907670594413
72.5,23,Jämtland,2005-04-01,127028,22886,18.016500299146646,65.62962496457475
72.69999999999999,24,Västerbotten,2005-04-01,257652,59933,23.261220561066864,76.5016378681322
69.4,25,Norrbotten,2005-04-01,251740,46813,18.595773417017558,81.77008024151903
75.6,01,Stockholm,2005-07-01,1889945,519733,27.499900790763753,95.3881726716915
70.8,03,Uppsala,2005-07-01,304367,81386,26.73942970164308,79.54031591095625
70.6,04,Södermanland,2005-07-01,261895,44152,16.858664732049103,81.9496363046259
71.2,05,Östergötland,2005-07-01,416303,84637,20.33062456912393,83.65733612296813
75.7,06,Jönköping,2005-07-01,330179,54052,16.37051417564412,82.39954691243234
75.3,07,Kronoberg,2005-07-01,178443,33358,18.69392467062311,76.81276373968157
66.6,08,Kalmar,2005-07-01,233944,38652,16.52190267756386,77.08297712273023
71.9,09,Gotland,2005-07-01,57488,9683,16.843515168382968,57.5754940161425
68.4,10,Blekinge,2005-07-01,150696,28007,18.585098476402827,78.69883739448957
70.8,12,Skåne,2005-07-01,1169464,256808,21.959461770520512,87.7212124528844
73.10000000000001,13,Halland,2005-07-01,285868,54211,18.963647557614003,78.82449242307639
72.7,14,Västra Götaland,2005-07-01,1528455,320817,20.98962677998371,83.34723626145356
68.4,17,Värmland,2005-07-01,273288,47508,17.383858786335292,73.88066801323147
70.0,18,Örebro,2005-07-01,274121,50353,18.368895487759055,82.07215061961688
72.2,19,Västmanland,2005-07-01,261391,47365,18.120363746265173,87.34041823238093
71.4,20,Dalarna,2005-07-01,275755,44084,15.986654820402169,79.36827981360265
70.2,21,Gävleborg,2005-07-01,275994,43560,15.782951803300072,77.70205149387306
72.1,22,Västernorrland,2005-07-01,243736,42957,17.62439688843667,75.88907670594413
71.5,23,Jämtland,2005-07-01,127028,22886,18.016500299146646,65.62962496457475
70.0,24,Västerbotten,2005-07-01,257652,59933,23.261220561066864,76.5016378681322
69.7,25,Norrbotten,2005-07-01,251740,46813,18.595773417017558,81.77008024151903
75.0,01,Stockholm,2006-01-01,1918104,535114,27.89807017763375,95.3881726716915
70.6,03,Uppsala,2006-01-01,319925,84452,26.39743689927327,79.54031591095625
70.4,04,Södermanland,2006-01-01,263099,45327,17.22811565228298,81.9496363046259
69.7,05,Östergötland,2006-01-01,417966,86769,20.759822569299896,83.65733612296813
75.6,06,Jönköping,2006-01-01,331539,55495,16.738603904819644,82.39954691243234
75.60000000000001,07,Kronoberg,2006-01-01,179635,34016,18.936176134940297,76.81276373968157
69.3,08,Kalmar,2006-01-01,233776,39487,16.890955444528092,77.08297712273023
72.7,09,Gotland,2006-01-01,57297,9960,17.383109063301745,57.5754940161425
69.2,10,Blekinge,2006-01-01,151436,28739,18.977653926411158,78.69883739448957
70.9,12,Skåne,2006-01-01,1184500,264853,22.35989869143098,87.7212124528844
74.39999999999999,13,Halland,2006-01-01,288859,55834,19.329153670129717,78.82449242307639
73.10000000000001,14,Västra Götaland,2006-01-01,1538284,329330,21.408920589436022,83.34723626145356
69.5,17,Värmland,2006-01-01,273489,48519,17.74075008501256,73.88066801323147
70.0,18,Örebro,2006-01-01,275030,51460,18.710686106970147,82.07215061961688
70.0,19,Västmanland,2006-01-01,248489,46781,18.82618546495016,87.34041823238093
70.8,20,Dalarna,2006-01-01,275711,45041,16.336308671035976,79.36827981360265
69.0,21,Gävleborg,2006-01-01,275653,44443,16.12280657203078,77.70205149387306
71.5,22,Västernorrland,2006-01-01,243978,43990,18.030314208658158,75.88907670594413
71.4,23,Jämtland,2006-01-01,127020,23382,18.408124704770902,65.62962496457475
70.1,24,Västerbotten,2006-01-01,257581,60837,23.618589880464786,76.5016378681322
70.5,25,Norrbotten,2006-01-01,251886,47700,18.937138229198926,81.77008024151903
75.89999999999999,01,Stockholm,2006-04-01,1918104,535114,27.89807017763375,95.3881726716915
74.4,03,Uppsala,2006-04-01,319925,84452,26.39743689927327,79.54031591095625
72.8,04,Södermanland,2006-04-01,263099,45327,17.22811565228298,81.9496363046259
71.7,05,Östergötland,2006-04-01,417966,86769,20.759822569299896,83.65733612296813
76.2,06,Jönköping,2006-04-01,331539,55495,16.738603904819644,82.39954691243234
77.89999999999999,07,Kronoberg,2006-04-01,179635,34016,18.936176134940297,76.81276373968157
71.5,08,Kalmar,2006-04-01,233776,39487,16.890955444528092,77.08297712273023
73.69999999999999,09,Gotland,2006-04-01,57297,9960,17.383109063301745,57.5754940161425
69.89999999999999,10,Blekinge,2006-04-01,151436,28739,18.977653926411158,78.69883739448957
72.89999999999999,12,Skåne,2006-04-01,1184500,264853,22.35989869143098,87.7212124528844
76.10000000000001,13,Halland,2006-04-01,288859,55834,19.329153670129717,78.82449242307639
75.0,14,Västra Götaland,2006-04-01,1538284,329330,21.408920589436022,83.34723626145356
69.5,17,Värmland,2006-04-01,273489,48519,17.74075008501256,73.88066801323147
72.4,18,Örebro,2006-04-01,275030,51460,18.710686106970147,82.07215061961688
72.6,19,Västmanland,2006-04-01,248489,46781,18.82618546495016,87.34041823238093
71.8,20,Dalarna,2006-04-01,275711,45041,16.336308671035976,79.36827981360265
70.9,21,Gävleborg,2006-04-01,275653,44443,16.12280657203078,77.70205149387306
70.2,22,Västernorrland,2006-04-01,243978,43990,18.030314208658158,75.88907670594413
72.60000000000001,23,Jämtland,2006-04-01,127020,23382,18.408124704770902,65.62962496457475
74.2,24,Västerbotten,2006-04-01,257581,60837,23.618589880464786,76.5016378681322
73.2,25,Norrbotten,2006-04-01,251886,47700,18.937138229198926,81.77008024151903
76.2,01,Stockholm,2006-07-01,1918104,535114,27.89807017763375,95.3881726716915
72.89999999999999,03,Uppsala,2006-07-01,319925,84452,26.39743689927327,79.54031591095625
72.7,04,Södermanland,2006-07-01,263099,45327,17.22811565228298,81.9496363046259
70.5,05,Östergötland,2006-07-01,417966,86769,20.759822569299896,83.65733612296813
76.39999999999999,06,Jönköping,2006-07-01,331539,55495,16.738603904819644,82.39954691243234
77.3,07,Kronoberg,2006-07-01,179635,34016,18.936176134940297,76.81276373968157
71.39999999999999,08,Kalmar,2006-07-01,233776,39487,16.890955444528092,77.08297712273023
74.1,09,Gotland,2006-07-01,57297,9960,17.383109063301745,57.5754940161425
70.3,10,Blekinge,2006-07-01,151436,28739,18.977653926411158,78.69883739448957
72.7,12,Skåne,2006-07-01,1184500,264853,22.35989869143098,87.7212124528844
77.3,13,Halland,2006-07-01,288859,55834,19.329153670129717,78.82449242307639
74.1,14,Västra Götaland,2006-07-01,1538284,329330,21.408920589436022,83.34723626145356
69.2,17,Värmland,2006-07-01,273489,48519,17.74075008501256,73.88066801323147
72.5,18,Örebro,2006-07-01,275030,51460,18.710686106970147,82.07215061961688
69.7,19,Västmanland,2006-07-01,248489,46781,18.82618546495016,87.34041823238093
71.0,20,Dalarna,2006-07-01,275711,45041,16.336308671035976,79.36827981360265
71.8,21,Gävleborg,2006-07-01,275653,44443,16.12280657203078,77.70205149387306
70.80000000000001,22,Västernorrland,2006-07-01,243978,43990,18.030314208658158,75.88907670594413
71.8,23,Jämtland,2006-07-01,127020,23382,18.408124704770902,65.62962496457475
73.1,24,Västerbotten,2006-07-01,257581,60837,23.618589880464786,76.5016378681322
72.5,25,Norrbotten,2006-07-01,251886,47700,18.937138229198926,81.77008024151903
75.1,01,Stockholm,2006-10-01,1918104,535114,27.89807017763375,95.3881726716915
69.7,03,Uppsala,2006-10-01,319925,84452,26.39743689927327,79.54031591095625
70.2,04,Södermanland,2006-10-01,263099,45327,17.22811565228298,81.9496363046259
69.4,05,Östergötland,2006-10-01,417966,86769,20.759822569299896,83.65733612296813
74.10000000000001,06,Jönköping,2006-10-01,331539,55495,16.738603904819644,82.39954691243234
76.4,07,Kronoberg,2006-10-01,179635,34016,18.936176134940297,76.81276373968157
67.4,08,Kalmar,2006-10-01,233776,39487,16.890955444528092,77.08297712273023
73.1,09,Gotland,2006-10-01,57297,9960,17.383109063301745,57.5754940161425
69.6,10,Blekinge,2006-10-01,151436,28739,18.977653926411158,78.69883739448957
70.5,12,Skåne,2006-10-01,1184500,264853,22.35989869143098,87.7212124528844
74.3,13,Halland,2006-10-01,288859,55834,19.329153670129717,78.82449242307639
72.19999999999999,14,Västra Götaland,2006-10-01,1538284,329330,21.408920589436022,83.34723626145356
68.7,17,Värmland,2006-10-01,273489,48519,17.74075008501256,73.88066801323147
70.4,18,Örebro,2006-10-01,275030,51460,18.710686106970147,82.07215061961688
70.2,19,Västmanland,2006-10-01,248489,46781,18.82618546495016,87.34041823238093
69.8,20,Dalarna,2006-10-01,275711,45041,16.336308671035976,79.36827981360265
70.0,21,Gävleborg,2006-10-01,275653,44443,16.12280657203078,77.70205149387306
70.89999999999999,22,Västernorrland,2006-10-01,243978,43990,18.030314208658158,75.88907670594413
70.0,23,Jämtland,2006-10-01,127020,23382,18.408124704770902,65.62962496457475
70.9,24,Västerbotten,2006-10-01,257581,60837,23.618589880464786,76.5016378681322
70.7,25,Norrbotten,2006-10-01,251886,47700,18.937138229198926,81.77008024151903
74.89999999999999,01,Stockholm,2007-01-01,1949516,554942,28.46562941776318,95.3881726716915
71.1,03,Uppsala,2007-01-01,323270,86878,26.87474866210907,79.54031591095625
70.9,04,Södermanland,2007-01-01,265190,46634,17.58512764433048,81.9496363046259
69.8,05,Östergötland,2007-01-01,420809,89231,21.20463203020848,83.65733612296813
75.4,06,Jönköping,2007-01-01,333610,57268,17.16615209376218,82.39954691243234
76.5,07,Kronoberg,2007-01-01,180787,34947,19.33048283338957,76.81276373968157
69.1,08,Kalmar,2007-01-01,233834,40595,17.360606242034947,77.08297712273023
73.89999999999999,09,Gotland,2007-01-01,57122,10170,17.803998459437693,57.5754940161425
71.8,10,Blekinge,2007-01-01,151900,29641,19.513495720868992,78.69883739448957
71.0,12,Skåne,2007-01-01,1199357,274977,22.927035069624807,87.7212124528844
75.2,13,Halland,2007-01-01,291393,57807,19.838156716187417,78.82449242307639
72.2,14,Västra Götaland,2007-01-01,1547298,339227,21.92383109136055,83.34723626145356
69.5,17,Värmland,2007-01-01,273826,49740,18.16481999517942,73.88066801323147
71.9,18,Örebro,2007-01-01,276067,52635,19.06602382754911,82.07215061961688
69.6,19,Västmanland,2007-01-01,249193,47752,19.16265705697993,87.34041823238093
69.89999999999999,20,Dalarna,2007-01-01,275618,46091,16.72278298224354,79.36827981360265
70.39999999999999,21,Gävleborg,2007-01-01,275556,45592,16.545457184746475,77.70205149387306
72.10000000000001,22,Västernorrland,2007-01-01,243449,44729,18.37304733229547,75.88907670594413
70.39999999999999,23,Jämtland,2007-01-01,126937,23819,18.764426447765427,65.62962496457475
71.0,24,Västerbotten,2007-01-01,257593,61593,23.91097584173483,76.5016378681322
69.9,25,Norrbotten,2007-01-01,250602,48135,19.207747743433814,81.77008024151903
75.7,01,Stockholm,2007-04-01,1949516,554942,28.46562941776318,95.3881726716915
73.10000000000001,03,Uppsala,2007-04-01,323270,86878,26.87474866210907,79.54031591095625
70.3,04,Södermanland,2007-04-01,265190,46634,17.58512764433048,81.9496363046259
71.5,05,Östergötland,2007-04-01,420809,89231,21.20463203020848,83.65733612296813
75.80000000000001,06,Jönköping,2007-04-01,333610,57268,17.16615209376218,82.39954691243234
76.2,07,Kronoberg,2007-04-01,180787,34947,19.33048283338957,76.81276373968157
71.0,08,Kalmar,2007-04-01,233834,40595,17.360606242034947,77.08297712273023
75.30000000000001,09,Gotland,2007-04-01,57122,10170,17.803998459437693,57.5754940161425
72.8,10,Blekinge,2007-04-01,151900,29641,19.513495720868992,78.69883739448957
73.0,12,Skåne,2007-04-01,1199357,274977,22.927035069624807,87.7212124528844
78.60000000000001,13,Halland,2007-04-01,291393,57807,19.838156716187417,78.82449242307639
73.4,14,Västra Götaland,2007-04-01,1547298,339227,21.92383109136055,83.34723626145356
71.60000000000001,17,Värmland,2007-04-01,273826,49740,18.16481999517942,73.88066801323147
72.8,18,Örebro,2007-04-01,276067,52635,19.06602382754911,82.07215061961688
72.5,19,Västmanland,2007-04-01,249193,47752,19.16265705697993,87.34041823238093
73.8,20,Dalarna,2007-04-01,275618,46091,16.72278298224354,79.36827981360265
69.8,21,Gävleborg,2007-04-01,275556,45592,16.545457184746475,77.70205149387306
74.0,22,Västernorrland,2007-04-01,243449,44729,18.37304733229547,75.88907670594413
72.19999999999999,23,Jämtland,2007-04-01,126937,23819,18.764426447765427,65.62962496457475
74.2,24,Västerbotten,2007-04-01,257593,61593,23.91097584173483,76.5016378681322
74.1,25,Norrbotten,2007-04-01,250602,48135,19.207747743433814,81.77008024151903
75.89999999999999,01,Stockholm,2007-07-01,1949516,554942,28.46562941776318,95.3881726716915
73.6,03,Uppsala,2007-07-01,323270,86878,26.87474866210907,79.54031591095625
70.89999999999999,04,Södermanland,2007-07-01,265190,46634,17.58512764433048,81.9496363046259
71.2,05,Östergötland,2007-07-01,420809,89231,21.20463203020848,83.65733612296813
76.5,06,Jönköping,2007-07-01,333610,57268,17.16615209376218,82.39954691243234
75.5,07,Kronoberg,2007-07-01,180787,34947,19.33048283338957,76.81276373968157
72.0,08,Kalmar,2007-07-01,233834,40595,17.360606242034947,77.08297712273023
75.8,09,Gotland,2007-07-01,57122,10170,17.803998459437693,57.5754940161425
73.30000000000001,10,Blekinge,2007-07-01,151900,29641,19.513495720868992,78.69883739448957
72.3,12,Skåne,2007-07-01,1199357,274977,22.927035069624807,87.7212124528844
76.1,13,Halland,2007-07-01,291393,57807,19.838156716187417,78.82449242307639
73.2,14,Västra Götaland,2007-07-01,1547298,339227,21.92383109136055,83.34723626145356
73.1,17,Värmland,2007-07-01,273826,49740,18.16481999517942,73.88066801323147
73.5,18,Örebro,2007-07-01,276067,52635,19.06602382754911,82.07215061961688
72.4,19,Västmanland,2007-07-01,249193,47752,19.16265705697993,87.34041823238093
73.3,20,Dalarna,2007-07-01,275618,46091,16.72278298224354,79.36827981360265
70.0,21,Gävleborg,2007-07-01,275556,45592,16.545457184746475,77.70205149387306
72.5,22,Västernorrland,2007-07-01,243449,44729,18.37304733229547,75.88907670594413
73.10000000000001,23,Jämtland,2007-07-01,126937,23819,18.764426447765427,65.62962496457475
73.8,24,Västerbotten,2007-07-01,257593,61593,23.91097584173483,76.5016378681322
70.69999999999999,25,Norrbotten,2007-07-01,250602,48135,19.207747743433814,81.77008024151903
75.3,01,Stockholm,2007-10-01,1949516,554942,28.46562941776318,95.3881726716915
73.5,03,Uppsala,2007-10-01,323270,86878,26.87474866210907,79.54031591095625
67.5,04,Södermanland,2007-10-01,265190,46634,17.58512764433048,81.9496363046259
69.8,05,Östergötland,2007-10-01,420809,89231,21.20463203020848,83.65733612296813
74.8,06,Jönköping,2007-10-01,333610,57268,17.16615209376218,82.39954691243234
74.1,07,Kronoberg,2007-10-01,180787,34947,19.33048283338957,76.81276373968157
70.2,08,Kalmar,2007-10-01,233834,40595,17.360606242034947,77.08297712273023
73.80000000000001,09,Gotland,2007-10-01,57122,10170,17.803998459437693,57.5754940161425
69.8,10,Blekinge,2007-10-01,151900,29641,19.513495720868992,78.69883739448957
70.7,12,Skåne,2007-10-01,1199357,274977,22.927035069624807,87.7212124528844
74.5,13,Halland,2007-10-01,291393,57807,19.838156716187417,78.82449242307639
72.4,14,Västra Götaland,2007-10-01,1547298,339227,21.92383109136055,83.34723626145356
70.39999999999999,17,Värmland,2007-10-01,273826,49740,18.16481999517942,73.88066801323147
70.6,18,Örebro,2007-10-01,276067,52635,19.06602382754911,82.07215061961688
68.6,19,Västmanland,2007-10-01,249193,47752,19.16265705697993,87.34041823238093
70.9,20,Dalarna,2007-10-01,275618,46091,16.72278298224354,79.36827981360265
68.7,21,Gävleborg,2007-10-01,275556,45592,16.545457184746475,77.70205149387306
69.4,22,Västernorrland,2007-10-01,243449,44729,18.37304733229547,75.88907670594413
71.89999999999999,23,Jämtland,2007-10-01,126937,23819,18.764426447765427,65.62962496457475
70.9,24,Västerbotten,2007-10-01,257593,61593,23.91097584173483,76.5016378681322
69.2,25,Norrbotten,2007-10-01,250602,48135,19.207747743433814,81.77008024151903
75.1,01,Stockholm,2008-01-01,1981263,574349,28.989033762806855,95.3881726716915
72.7,03,Uppsala,2008-01-01,327188,89273,27.284924874995415,79.54031591095625
69.8,04,Södermanland,2008-01-01,267524,48011,17.94642723643486,81.9496363046259
69.8,05,Östergötland,2008-01-01,423169,91654,21.658958950206657,83.65733612296813
74.7,06,Jönköping,2008-01-01,335246,59155,17.645251546625463,82.39954691243234
74.2,07,Kronoberg,2008-01-01,182224,35946,19.726270963210116,76.81276373968157
70.6,08,Kalmar,2008-01-01,233397,41461,17.764152923987883,77.08297712273023
75.39999999999999,09,Gotland,2008-01-01,57004,10373,18.196968633780088,57.5754940161425
70.3,10,Blekinge,2008-01-01,152259,30453,20.00078813075089,78.69883739448957
72.0,12,Skåne,2008-01-01,1214758,284821,23.44672766098268,87.7212124528844
73.6,13,Halland,2008-01-01,293572,59568,20.29076342430477,78.82449242307639
72.2,14,Västra Götaland,2008-01-01,1558130,349735,22.445816459473853,83.34723626145356
70.39999999999999,17,Värmland,2008-01-01,273374,50656,18.529926035394734,73.88066801323147
69.7,18,Örebro,2008-01-01,277732,54024,19.451845664165454,82.07215061961688
70.5,19,Västmanland,2008-01-01,249974,48603,19.44322209509789,87.34041823238093
72.69999999999999,20,Dalarna,2008-01-01,275867,46976,17.02849561564087,79.36827981360265
69.10000000000001,21,Gävleborg,2008-01-01,275908,46685,16.920495237542948,77.70205149387306
67.5,22,Västernorrland,2008-01-01,243372,45389,18.650050129020592,75.88907670594413
73.9,23,Jämtland,2008-01-01,126897,24236,19.0989542699985,65.62962496457475
69.9,24,Västerbotten,2008-01-01,257812,62317,24.171489302282286,76.5016378681322
69.0,25,Norrbotten,2008-01-01,249677,48695,19.503198131986526,81.77008024151903
75.9,01,Stockholm,2008-04-01,1981263,574349,28.989033762806855,95.3881726716915
76.8,03,Uppsala,2008-04-01,327188,89273,27.284924874995415,79.54031591095625
69.8,04,Södermanland,2008-04-01,267524,48011,17.94642723643486,81.9496363046259
71.7,05,Östergötland,2008-04-01,423169,91654,21.658958950206657,83.65733612296813
75.89999999999999,06,Jönköping,2008-04-01,335246,59155,17.645251546625463,82.39954691243234
74.0,07,Kronoberg,2008-04-01,182224,35946,19.726270963210116,76.81276373968157
72.8,08,Kalmar,2008-04-01,233397,41461,17.764152923987883,77.08297712273023
78.9,09,Gotland,2008-04-01,57004,10373,18.196968633780088,57.5754940161425
72.5,10,Blekinge,2008-04-01,152259,30453,20.00078813075089,78.69883739448957
75.0,12,Skåne,2008-04-01,1214758,284821,23.44672766098268,87.7212124528844
75.4,13,Halland,2008-04-01,293572,59568,20.29076342430477,78.82449242307639
74.8,14,Västra Götaland,2008-04-01,1558130,349735,22.445816459473853,83.34723626145356
72.0,17,Värmland,2008-04-01,273374,50656,18.529926035394734,73.88066801323147
72.0,18,Örebro,2008-04-01,277732,54024,19.451845664165454,82.07215061961688
72.5,19,Västmanland,2008-04-01,249974,48603,19.44322209509789,87.34041823238093
73.7,20,Dalarna,2008-04-01,275867,46976,17.02849561564087,79.36827981360265
70.4,21,Gävleborg,2008-04-01,275908,46685,16.920495237542948,77.70205149387306
70.7,22,Västernorrland,2008-04-01,243372,45389,18.650050129020592,75.88907670594413
74.0,23,Jämtland,2008-04-01,126897,24236,19.0989542699985,65.62962496457475
71.60000000000001,24,Västerbotten,2008-04-01,257812,62317,24.171489302282286,76.5016378681322
71.6,25,Norrbotten,2008-04-01,249677,48695,19.503198131986526,81.77008024151903
76.3,01,Stockholm,2008-07-01,1981263,574349,28.989033762806855,95.3881726716915
73.9,03,Uppsala,2008-07-01,327188,89273,27.284924874995415,79.54031591095625
71.9,04,Södermanland,2008-07-01,267524,48011,17.94642723643486,81.9496363046259
72.1,05,Östergötland,2008-07-01,423169,91654,21.658958950206657,83.65733612296813
77.0,06,Jönköping,2008-07-01,335246,59155,17.645251546625463,82.39954691243234
74.7,07,Kronoberg,2008-07-01,182224,35946,19.726270963210116,76.81276373968157
72.3,08,Kalmar,2008-07-01,233397,41461,17.764152923987883,77.08297712273023
80.69999999999999,09,Gotland,2008-07-01,57004,10373,18.196968633780088,57.5754940161425
70.5,10,Blekinge,2008-07-01,152259,30453,20.00078813075089,78.69883739448957
73.3,12,Skåne,2008-07-01,1214758,284821,23.44672766098268,87.7212124528844
74.6,13,Halland,2008-07-01,293572,59568,20.29076342430477,78.82449242307639
73.4,14,Västra Götaland,2008-07-01,1558130,349735,22.445816459473853,83.34723626145356
71.1,17,Värmland,2008-07-01,273374,50656,18.529926035394734,73.88066801323147
70.5,18,Örebro,2008-07-01,277732,54024,19.451845664165454,82.07215061961688
73.7,19,Västmanland,2008-07-01,249974,48603,19.44322209509789,87.34041823238093
71.60000000000001,20,Dalarna,2008-07-01,275867,46976,17.02849561564087,79.36827981360265
68.6,21,Gävleborg,2008-07-01,275908,46685,16.920495237542948,77.70205149387306
69.2,22,Västernorrland,2008-07-01,243372,45389,18.650050129020592,75.88907670594413
73.39999999999999,23,Jämtland,2008-07-01,126897,24236,19.0989542699985,65.62962496457475
71.9,24,Västerbotten,2008-07-01,257812,62317,24.171489302282286,76.5016378681322
71.5,25,Norrbotten,2008-07-01,249677,48695,19.503198131986526,81.77008024151903
76.60000000000001,01,Stockholm,2008-10-01,1981263,574349,28.989033762806855,95.3881726716915
72.5,03,Uppsala,2008-10-01,327188,89273,27.284924874995415,79.54031591095625
69.8,04,Södermanland,2008-10-01,267524,48011,17.94642723643486,81.9496363046259
70.3,05,Östergötland,2008-10-01,423169,91654,21.658958950206657,83.65733612296813
74.8,06,Jönköping,2008-10-01,335246,59155,17.645251546625463,82.39954691243234
72.5,07,Kronoberg,2008-10-01,182224,35946,19.726270963210116,76.81276373968157
69.5,08,Kalmar,2008-10-01,233397,41461,17.764152923987883,77.08297712273023
74.7,09,Gotland,2008-10-01,57004,10373,18.196968633780088,57.5754940161425
67.7,10,Blekinge,2008-10-01,152259,30453,20.00078813075089,78.69883739448957
71.8,12,Skåne,2008-10-01,1214758,284821,23.44672766098268,87.7212124528844
73.7,13,Halland,2008-10-01,293572,59568,20.29076342430477,78.82449242307639
72.10000000000001,14,Västra Götaland,2008-10-01,1558130,349735,22.445816459473853,83.34723626145356
68.2,17,Värmland,2008-10-01,273374,50656,18.529926035394734,73.88066801323147
68.1,18,Örebro,2008-10-01,277732,54024,19.451845664165454,82.07215061961688
71.89999999999999,19,Västmanland,2008-10-01,249974,48603,19.44322209509789,87.34041823238093
70.5,20,Dalarna,2008-10-01,275867,46976,17.02849561564087,79.36827981360265
65.8,21,Gävleborg,2008-10-01,275908,46685,16.920495237542948,77.70205149387306
67.4,22,Västernorrland,2008-10-01,243372,45389,18.650050129020592,75.88907670594413
70.89999999999999,23,Jämtland,2008-10-01,126897,24236,19.0989542699985,65.62962496457475
68.9,24,Västerbotten,2008-10-01,257812,62317,24.171489302282286,76.5016378681322
67.7,25,Norrbotten,2008-10-01,249677,48695,19.503198131986526,81.77008024151903
76.0,01,Stockholm,2009-01-01,2019182,594969,29.465843098839034,95.3881726716915
73.2,03,Uppsala,2009-01-01,331898,92367,27.82993570313771,79.54031591095625
69.4,04,Södermanland,2009-01-01,269053,49140,18.26405949757111,81.9496363046259
70.6,05,Östergötland,2009-01-01,427106,94560,22.13970302454192,83.65733612296813
74.7,06,Jönköping,2009-01-01,336044,61078,18.175596052897834,82.39954691243234
74.0,07,Kronoberg,2009-01-01,183162,36870,20.129721230386217,76.81276373968157
70.9,08,Kalmar,2009-01-01,233639,42435,18.162635518898814,77.08297712273023
77.10000000000001,09,Gotland,2009-01-01,57221,10575,18.480977263592038,57.5754940161425
68.7,10,Blekinge,2009-01-01,152591,31163,20.422567517088165,78.69883739448957
71.9,12,Skåne,2009-01-01,1231062,295188,23.97832115685481,87.7212124528844
72.7,13,Halland,2009-01-01,296825,61704,20.78800640107808,78.82449242307639
72.2,14,Västra Götaland,2009-01-01,1569458,360943,22.997939416027698,83.34723626145356
68.9,17,Värmland,2009-01-01,273257,51814,18.961636847363472,73.88066801323147
69.2,18,Örebro,2009-01-01,278882,55462,19.887264147560618,82.07215061961688
72.2,19,Västmanland,2009-01-01,251353,49642,19.74991346830951,87.34041823238093
70.39999999999999,20,Dalarna,2009-01-01,276454,48225,17.444131754288236,79.36827981360265
69.6,21,Gävleborg,2009-01-01,276220,47732,17.280428643834625,77.70205149387306
68.3,22,Västernorrland,2009-01-01,243042,46224,19.01893499888908,75.88907670594413
73.2,23,Jämtland,2009-01-01,126666,24717,19.51352375538819,65.62962496457475
70.10000000000001,24,Västerbotten,2009-01-01,258548,63508,24.563330600120675,76.5016378681322
67.8,25,Norrbotten,2009-01-01,249019,49376,19.82820587987262,81.77008024151903
77.3,01,Stockholm,2009-04-01,2019182,594969,29.465843098839034,95.3881726716915
75.5,03,Uppsala,2009-04-01,331898,92367,27.82993570313771,79.54031591095625
73.1,04,Södermanland,2009-04-01,269053,49140,18.26405949757111,81.9496363046259
73.6,05,Östergötland,2009-04-01,427106,94560,22.13970302454192,83.65733612296813
76.10000000000001,06,Jönköping,2009-04-01,336044,61078,18.175596052897834,82.39954691243234
76.60000000000001,07,Kronoberg,2009-04-01,183162,36870,20.129721230386217,76.81276373968157
71.2,08,Kalmar,2009-04-01,233639,42435,18.162635518898814,77.08297712273023
77.30000000000001,09,Gotland,2009-04-01,57221,10575,18.480977263592038,57.5754940161425
71.3,10,Blekinge,2009-04-01,152591,31163,20.422567517088165,78.69883739448957
73.3,12,Skåne,2009-04-01,1231062,295188,23.97832115685481,87.7212124528844
75.4,13,Halland,2009-04-01,296825,61704,20.78800640107808,78.82449242307639
74.60000000000001,14,Västra Götaland,2009-04-01,1569458,360943,22.997939416027698,83.34723626145356
70.0,17,Värmland,2009-04-01,273257,51814,18.961636847363472,73.88066801323147
71.9,18,Örebro,2009-04-01,278882,55462,19.887264147560618,82.07215061961688
75.2,19,Västmanland,2009-04-01,251353,49642,19.74991346830951,87.34041823238093
71.4,20,Dalarna,2009-04-01,276454,48225,17.444131754288236,79.36827981360265
73.1,21,Gävleborg,2009-04-01,276220,47732,17.280428643834625,77.70205149387306
69.3,22,Västernorrland,2009-04-01,243042,46224,19.01893499888908,75.88907670594413
74.7,23,Jämtland,2009-04-01,126666,24717,19.51352375538819,65.62962496457475
72.7,24,Västerbotten,2009-04-01,258548,63508,24.563330600120675,76.5016378681322
70.9,25,Norrbotten,2009-04-01,249019,49376,19.82820587987262,81.77008024151903
76.89999999999999,01,Stockholm,2009-07-01,2019182,594969,29.465843098839034,95.3881726716915
73.2,03,Uppsala,2009-07-01,331898,92367,27.82993570313771,79.54031591095625
72.3,04,Södermanland,2009-07-01,269053,49140,18.26405949757111,81.9496363046259
73.1,05,Östergötland,2009-07-01,427106,94560,22.13970302454192,83.65733612296813
75.89999999999999,06,Jönköping,2009-07-01,336044,61078,18.175596052897834,82.39954691243234
73.10000000000001,07,Kronoberg,2009-07-01,183162,36870,20.129721230386217,76.81276373968157
71.2,08,Kalmar,2009-07-01,233639,42435,18.162635518898814,77.08297712273023
74.6,09,Gotland,2009-07-01,57221,10575,18.480977263592038,57.5754940161425
70.8,10,Blekinge,2009-07-01,152591,31163,20.422567517088165,78.69883739448957
72.1,12,Skåne,2009-07-01,1231062,295188,23.97832115685481,87.7212124528844
73.60000000000001,13,Halland,2009-07-01,296825,61704,20.78800640107808,78.82449242307639
73.2,14,Västra Götaland,2009-07-01,1569458,360943,22.997939416027698,83.34723626145356
69.8,17,Värmland,2009-07-01,273257,51814,18.961636847363472,73.88066801323147
72.0,18,Örebro,2009-07-01,278882,55462,19.887264147560618,82.07215061961688
73.5,19,Västmanland,2009-07-01,251353,49642,19.74991346830951,87.34041823238093
71.5,20,Dalarna,2009-07-01,276454,48225,17.444131754288236,79.36827981360265
70.9,21,Gävleborg,2009-07-01,276220,47732,17.280428643834625,77.70205149387306
68.5,22,Västernorrland,2009-07-01,243042,46224,19.01893499888908,75.88907670594413
74.0,23,Jämtland,2009-07-01,126666,24717,19.51352375538819,65.62962496457475
72.1,24,Västerbotten,2009-07-01,258548,63508,24.563330600120675,76.5016378681322
69.9,25,Norrbotten,2009-07-01,249019,49376,19.82820587987262,81.77008024151903
76.4,01,Stockholm,2009-10-01,2019182,594969,29.465843098839034,95.3881726716915
70.7,03,Uppsala,2009-10-01,331898,92367,27.82993570313771,79.54031591095625
71.60000000000001,04,Södermanland,2009-10-01,269053,49140,18.26405949757111,81.9496363046259
71.6,05,Östergötland,2009-10-01,427106,94560,22.13970302454192,83.65733612296813
74.0,06,Jönköping,2009-10-01,336044,61078,18.175596052897834,82.39954691243234
72.1,07,Kronoberg,2009-10-01,183162,36870,20.129721230386217,76.81276373968157
68.2,08,Kalmar,2009-10-01,233639,42435,18.162635518898814,77.08297712273023
71.7,09,Gotland,2009-10-01,57221,10575,18.480977263592038,57.5754940161425
68.7,10,Blekinge,2009-10-01,152591,31163,20.422567517088165,78.69883739448957
71.1,12,Skåne,2009-10-01,1231062,295188,23.97832115685481,87.7212124528844
71.7,13,Halland,2009-10-01,296825,61704,20.78800640107808,78.82449242307639
72.0,14,Västra Götaland,2009-10-01,1569458,360943,22.997939416027698,83.34723626145356
70.3,17,Värmland,2009-10-01,273257,51814,18.961636847363472,73.88066801323147
71.4,18,Örebro,2009-10-01,278882,55462,19.887264147560618,82.07215061961688
72.0,19,Västmanland,2009-10-01,251353,49642,19.74991346830951,87.34041823238093
69.60000000000001,20,Dalarna,2009-10-01,276454,48225,17.444131754288236,79.36827981360265
69.0,21,Gävleborg,2009-10-01,276220,47732,17.280428643834625,77.70205149387306
67.6,22,Västernorrland,2009-10-01,243042,46224,19.01893499888908,75.88907670594413
70.0,23,Jämtland,2009-10-01,126666,24717,19.51352375538819,65.62962496457475
69.10000000000001,24,Västerbotten,2009-10-01,258548,63508,24.563330600120675,76.5016378681322
68.6,25,Norrbotten,2009-10-01,249019,49376,19.82820587987262,81.77008024151903
76.10000000000001,01,Stockholm,2010-01-01,2054343,617374,30.052138323541882,95.73732331942621
71.2,03,Uppsala,2010-01-01,335882,95697,28.491255857711934,80.50297425881709
70.4,04,Södermanland,2010-01-01,270738,50624,18.698520340698387,82.36671616101175
70.4,05,Östergötland,2010-01-01,429642,98056,22.82272217334432,84.36395883084056
73.1,06,Jönköping,2010-01-01,336866,63169,18.751966657365244,82.52005248377692
73.0,07,Kronoberg,2010-01-01,183940,38048,20.68500598021094,77.95313689246494
69.9,08,Kalmar,2010-01-01,233536,43582,18.661790901616882,77.54735886544259
71.8,09,Gotland,2010-01-01,57269,10946,19.113307373971956,58.44872444079694
71.0,10,Blekinge,2010-01-01,153227,32389,21.137919557258186,79.63413758671774
71.8,12,Skåne,2010-01-01,1243329,305079,24.53727050523232,88.58403527947952
73.2,13,Halland,2010-01-01,299484,64029,21.379773209921062,79.27034499338863
72.9,14,Västra Götaland,2010-01-01,1580297,373607,23.641568641843907,83.95605383038757
70.8,17,Värmland,2010-01-01,273265,53276,19.496093535579018,74.40177117450094
70.5,18,Örebro,2010-01-01,280230,57460,20.50458551903793,82.6681654355351
72.8,19,Västmanland,2010-01-01,252756,50940,20.15382424156103,87.57853423855417
69.5,20,Dalarna,2010-01-01,277047,49653,17.922229802163532,79.92759351301405
70.8,21,Gävleborg,2010-01-01,276508,49062,17.74342876155482,78.28923575448088
69.0,22,Västernorrland,2010-01-01,242625,47273,19.48397733127254,76.57454920144255
71.7,23,Jämtland,2010-01-01,126691,25333,19.99589552533329,66.36619807247554
69.0,24,Västerbotten,2010-01-01,259286,64967,25.056115640643924,77.56801369915846
68.2,25,Norrbotten,2010-01-01,248609,50350,20.25268594459573,82.22389374479604
77.3,01,Stockholm,2010-04-01,2054343,617374,30.052138323541882,95.73732331942621
74.1,03,Uppsala,2010-04-01,335882,95697,28.491255857711934,80.50297425881709
72.1,04,Södermanland,2010-04-01,270738,50624,18.698520340698387,82.36671616101175
73.8,05,Östergötland,2010-04-01,429642,98056,22.82272217334432,84.36395883084056
73.5,06,Jönköping,2010-04-01,336866,63169,18.751966657365244,82.52005248377692
74.1,07,Kronoberg,2010-04-01,183940,38048,20.68500598021094,77.95313689246494
70.4,08,Kalmar,2010-04-01,233536,43582,18.661790901616882,77.54735886544259
74.10000000000001,09,Gotland,2010-04-01,57269,10946,19.113307373971956,58.44872444079694
71.2,10,Blekinge,2010-04-01,153227,32389,21.137919557258186,79.63413758671774
72.9,12,Skåne,2010-04-01,1243329,305079,24.53727050523232,88.58403527947952
75.1,13,Halland,2010-04-01,299484,64029,21.379773209921062,79.27034499338863
74.80000000000001,14,Västra Götaland,2010-04-01,1580297,373607,23.641568641843907,83.95605383038757
70.7,17,Värmland,2010-04-01,273265,53276,19.496093535579018,74.40177117450094
71.9,18,Örebro,2010-04-01,280230,57460,20.50458551903793,82.6681654355351
72.9,19,Västmanland,2010-04-01,252756,50940,20.15382424156103,87.57853423855417
71.7,20,Dalarna,2010-04-01,277047,49653,17.922229802163532,79.92759351301405
74.4,21,Gävleborg,2010-04-01,276508,49062,17.74342876155482,78.28923575448088
72.1,22,Västernorrland,2010-04-01,242625,47273,19.48397733127254,76.57454920144255
76.2,23,Jämtland,2010-04-01,126691,25333,19.99589552533329,66.36619807247554
71.8,24,Västerbotten,2010-04-01,259286,64967,25.056115640643924,77.56801369915846
71.5,25,Norrbotten,2010-04-01,248609,50350,20.25268594459573,82.22389374479604
76.8,01,Stockholm,2010-07-01,2054343,617374,30.052138323541882,95.73732331942621
73.8,03,Uppsala,2010-07-01,335882,95697,28.491255857711934,80.50297425881709
72.6,04,Södermanland,2010-07-01,270738,50624,18.698520340698387,82.36671616101175
71.9,05,Östergötland,2010-07-01,429642,98056,22.82272217334432,84.36395883084056
73.9,06,Jönköping,2010-07-01,336866,63169,18.751966657365244,82.52005248377692
74.9,07,Kronoberg,2010-07-01,183940,38048,20.68500598021094,77.95313689246494
71.0,08,Kalmar,2010-07-01,233536,43582,18.661790901616882,77.54735886544259
73.0,09,Gotland,2010-07-01,57269,10946,19.113307373971956,58.44872444079694
72.0,10,Blekinge,2010-07-01,153227,32389,21.137919557258186,79.63413758671774
73.6,12,Skåne,2010-07-01,1243329,305079,24.53727050523232,88.58403527947952
73.0,13,Halland,2010-07-01,299484,64029,21.379773209921062,79.27034499338863
73.39999999999999,14,Västra Götaland,2010-07-01,1580297,373607,23.641568641843907,83.95605383038757
70.10000000000001,17,Värmland,2010-07-01,273265,53276,19.496093535579018,74.40177117450094
71.39999999999999,18,Örebro,2010-07-01,280230,57460,20.50458551903793,82.6681654355351
71.1,19,Västmanland,2010-07-01,252756,50940,20.15382424156103,87.57853423855417
71.60000000000001,20,Dalarna,2010-07-01,277047,49653,17.922229802163532,79.92759351301405
73.9,21,Gävleborg,2010-07-01,276508,49062,17.74342876155482,78.28923575448088
71.0,22,Västernorrland,2010-07-01,242625,47273,19.48397733127254,76.57454920144255
72.6,23,Jämtland,2010-07-01,126691,25333,19.99589552533329,66.36619807247554
72.0,24,Västerbotten,2010-07-01,259286,64967,25.056115640643924,77.56801369915846
70.0,25,Norrbotten,2010-07-01,248609,50350,20.25268594459573,82.22389374479604
75.6,01,Stockholm,2010-10-01,2054343,617374,30.052138323541882,95.73732331942621
71.4,03,Uppsala,2010-10-01,335882,95697,28.491255857711934,80.50297425881709
69.2,04,Södermanland,2010-10-01,270738,50624,18.698520340698387,82.36671616101175
70.39999999999999,05,Östergötland,2010-10-01,429642,98056,22.82272217334432,84.36395883084056
72.1,06,Jönköping,2010-10-01,336866,63169,18.751966657365244,82.52005248377692
71.39999999999999,07,Kronoberg,2010-10-01,183940,38048,20.68500598021094,77.95313689246494
67.7,08,Kalmar,2010-10-01,233536,43582,18.661790901616882,77.54735886544259
71.4,09,Gotland,2010-10-01,57269,10946,19.113307373971956,58.44872444079694
70.8,10,Blekinge,2010-10-01,153227,32389,21.137919557258186,79.63413758671774
71.7,12,Skåne,2010-10-01,1243329,305079,24.53727050523232,88.58403527947952
72.1,13,Halland,2010-10-01,299484,64029,21.379773209921062,79.27034499338863
72.4,14,Västra Götaland,2010-10-01,1580297,373607,23.641568641843907,83.95605383038757
68.5,17,Värmland,2010-10-01,273265,53276,19.496093535579018,74.40177117450094
68.60000000000001,18,Örebro,2010-10-01,280230,57460,20.50458551903793,82.6681654355351
71.4,19,Västmanland,2010-10-01,252756,50940,20.15382424156103,87.57853423855417
70.1,20,Dalarna,2010-10-01,277047,49653,17.922229802163532,79.92759351301405
71.10000000000001,21,Gävleborg,2010-10-01,276508,49062,17.74342876155482,78.28923575448088
69.7,22,Västernorrland,2010-10-01,242625,47273,19.48397733127254,76.57454920144255
71.2,23,Jämtland,2010-10-01,126691,25333,19.99589552533329,66.36619807247554
69.1,24,Västerbotten,2010-10-01,259286,64967,25.056115640643924,77.56801369915846
67.9,25,Norrbotten,2010-10-01,248609,50350,20.25268594459573,82.22389374479604
76.2,01,Stockholm,2011-01-01,2091473,641869,30.689805701531885,95.73732331942621
72.7,03,Uppsala,2011-01-01,338630,98534,29.09783539556448,80.50297425881709
70.6,04,Södermanland,2011-01-01,272563,52029,19.088797819219778,82.36671616101175
69.2,05,Östergötland,2011-01-01,431075,100914,23.40984747433741,84.36395883084056
72.4,06,Jönköping,2011-01-01,337896,65065,19.25592489996922,82.52005248377692
73.1,07,Kronoberg,2011-01-01,184654,39050,21.147659947794253,77.95313689246494
67.4,08,Kalmar,2011-01-01,233090,44526,19.102492599425112,77.54735886544259
71.0,09,Gotland,2011-01-01,57308,11320,19.752914078313673,58.44872444079694
69.8,10,Blekinge,2011-01-01,152979,33208,21.70755463168147,79.63413758671774
72.5,12,Skåne,2011-01-01,1252933,314969,25.138534941613,88.58403527947952
73.7,13,Halland,2011-01-01,301724,66122,21.91473001816229,79.27034499338863
72.60000000000001,14,Västra Götaland,2011-01-01,1590604,385448,24.23280716004738,83.95605383038757
70.4,17,Värmland,2011-01-01,272736,54696,20.05455825413587,74.40177117450094
69.89999999999999,18,Örebro,2011-01-01,281572,58972,20.943843848109896,82.6681654355351
71.10000000000001,19,Västmanland,2011-01-01,254257,52416,20.615361622295552,87.57853423855417
72.0,20,Dalarna,2011-01-01,276565,50627,18.305642434870645,79.92759351301405
70.9,21,Gävleborg,2011-01-01,276130,50227,18.189620830768117,78.28923575448088
71.2,22,Västernorrland,2011-01-01,242155,48283,19.938882120955586,76.57454920144255
71.7,23,Jämtland,2011-01-01,126299,25794,20.422964552371752,66.36619807247554
70.39999999999999,24,Västerbotten,2011-01-01,259667,66504,25.611263656914435,77.56801369915846
69.7,25,Norrbotten,2011-01-01,248545,51286,20.634492747792148,82.22389374479604
77.4,01,Stockholm,2011-04-01,2091473,641869,30.689805701531885,95.73732331942621
74.4,03,Uppsala,2011-04-01,338630,98534,29.09783539556448,80.50297425881709
71.5,04,Södermanland,2011-04-01,272563,52029,19.088797819219778,82.36671616101175
70.39999999999999,05,Östergötland,2011-04-01,431075,100914,23.40984747433741,84.36395883084056
74.2,06,Jönköping,2011-04-01,337896,65065,19.25592489996922,82.52005248377692
76.19999999999999,07,Kronoberg,2011-04-01,184654,39050,21.147659947794253,77.95313689246494
69.9,08,Kalmar,2011-04-01,233090,44526,19.102492599425112,77.54735886544259
73.3,09,Gotland,2011-04-01,57308,11320,19.752914078313673,58.44872444079694
72.7,10,Blekinge,2011-04-01,152979,33208,21.70755463168147,79.63413758671774
73.9,12,Skåne,2011-04-01,1252933,314969,25.138534941613,88.58403527947952
74.7,13,Halland,2011-04-01,301724,66122,21.91473001816229,79.27034499338863
74.5,14,Västra Götaland,2011-04-01,1590604,385448,24.23280716004738,83.95605383038757
73.5,17,Värmland,2011-04-01,272736,54696,20.05455825413587,74.40177117450094
72.6,18,Örebro,2011-04-01,281572,58972,20.943843848109896,82.6681654355351
71.9,19,Västmanland,2011-04-01,254257,52416,20.615361622295552,87.57853423855417
73.7,20,Dalarna,2011-04-01,276565,50627,18.305642434870645,79.92759351301405
73.10000000000001,21,Gävleborg,2011-04-01,276130,50227,18.189620830768117,78.28923575448088
72.0,22,Västernorrland,2011-04-01,242155,48283,19.938882120955586,76.57454920144255
74.5,23,Jämtland,2011-04-01,126299,25794,20.422964552371752,66.36619807247554
74.2,24,Västerbotten,2011-04-01,259667,66504,25.611263656914435,77.56801369915846
72.6,25,Norrbotten,2011-04-01,248545,51286,20.634492747792148,82.22389374479604
76.39999999999999,01,Stockholm,2011-07-01,2091473,641869,30.689805701531885,95.73732331942621
74.4,03,Uppsala,2011-07-01,338630,98534,29.09783539556448,80.50297425881709
70.7,04,Södermanland,2011-07-01,272563,52029,19.088797819219778,82.36671616101175
71.2,05,Östergötland,2011-07-01,431075,100914,23.40984747433741,84.36395883084056
74.8,06,Jönköping,2011-07-01,337896,65065,19.25592489996922,82.52005248377692
75.0,07,Kronoberg,2011-07-01,184654,39050,21.147659947794253,77.95313689246494
70.4,08,Kalmar,2011-07-01,233090,44526,19.102492599425112,77.54735886544259
73.7,09,Gotland,2011-07-01,57308,11320,19.752914078313673,58.44872444079694
72.8,10,Blekinge,2011-07-01,152979,33208,21.70755463168147,79.63413758671774
73.0,12,Skåne,2011-07-01,1252933,314969,25.138534941613,88.58403527947952
74.0,13,Halland,2011-07-01,301724,66122,21.91473001816229,79.27034499338863
74.2,14,Västra Götaland,2011-07-01,1590604,385448,24.23280716004738,83.95605383038757
71.0,17,Värmland,2011-07-01,272736,54696,20.05455825413587,74.40177117450094
71.5,18,Örebro,2011-07-01,281572,58972,20.943843848109896,82.6681654355351
70.4,19,Västmanland,2011-07-01,254257,52416,20.615361622295552,87.57853423855417
70.9,20,Dalarna,2011-07-01,276565,50627,18.305642434870645,79.92759351301405
72.80000000000001,21,Gävleborg,2011-07-01,276130,50227,18.189620830768117,78.28923575448088
71.2,22,Västernorrland,2011-07-01,242155,48283,19.938882120955586,76.57454920144255
72.0,23,Jämtland,2011-07-01,126299,25794,20.422964552371752,66.36619807247554
73.1,24,Västerbotten,2011-07-01,259667,66504,25.611263656914435,77.56801369915846
71.3,25,Norrbotten,2011-07-01,248545,51286,20.634492747792148,82.22389374479604
75.7,01,Stockholm,2011-10-01,2091473,641869,30.689805701531885,95.73732331942621
71.7,03,Uppsala,2011-10-01,338630,98534,29.09783539556448,80.50297425881709
69.4,04,Södermanland,2011-10-01,272563,52029,19.088797819219778,82.36671616101175
69.5,05,Östergötland,2011-10-01,431075,100914,23.40984747433741,84.36395883084056
74.0,06,Jönköping,2011-10-01,337896,65065,19.25592489996922,82.52005248377692
72.60000000000001,07,Kronoberg,2011-10-01,184654,39050,21.147659947794253,77.95313689246494
68.3,08,Kalmar,2011-10-01,233090,44526,19.102492599425112,77.54735886544259
69.0,09,Gotland,2011-10-01,57308,11320,19.752914078313673,58.44872444079694
71.8,10,Blekinge,2011-10-01,152979,33208,21.70755463168147,79.63413758671774
71.5,12,Skåne,2011-10-01,1252933,314969,25.138534941613,88.58403527947952
72.39999999999999,13,Halland,2011-10-01,301724,66122,21.91473001816229,79.27034499338863
73.0,14,Västra Götaland,2011-10-01,1590604,385448,24.23280716004738,83.95605383038757
71.4,17,Värmland,2011-10-01,272736,54696,20.05455825413587,74.40177117450094
69.9,18,Örebro,2011-10-01,281572,58972,20.943843848109896,82.6681654355351
69.9,19,Västmanland,2011-10-01,254257,52416,20.615361622295552,87.57853423855417
70.2,20,Dalarna,2011-10-01,276565,50627,18.305642434870645,79.92759351301405
72.0,21,Gävleborg,2011-10-01,276130,50227,18.189620830768117,78.28923575448088
69.9,22,Västernorrland,2011-10-01,242155,48283,19.938882120955586,76.57454920144255
72.89999999999999,23,Jämtland,2011-10-01,126299,25794,20.422964552371752,66.36619807247554
70.0,24,Västerbotten,2011-10-01,259667,66504,25.611263656914435,77.56801369915846
69.7,25,Norrbotten,2011-10-01,248545,51286,20.634492747792148,82.22389374479604
75.60000000000001,01,Stockholm,2012-01-01,2127006,664064,31.220598343399125,95.73732331942621
73.0,03,Uppsala,2012-01-01,341977,101029,29.54263005991631,80.50297425881709
70.7,04,Södermanland,2012-01-01,274723,53225,19.374060417220253,82.36671616101175
71.0,05,Östergötland,2012-01-01,433784,103479,23.854960072294045,84.36395883084056
75.10000000000001,06,Jönköping,2012-01-01,339116,66707,19.670850092593682,82.52005248377692
72.8,07,Kronoberg,2012-01-01,185887,40053,21.54696132596685,77.95313689246494
67.8,08,Kalmar,2012-01-01,233548,45602,19.525750595166734,77.54735886544259
69.0,09,Gotland,2012-01-01,57241,11616,20.29314652085044,58.44872444079694
71.6,10,Blekinge,2012-01-01,152315,33275,21.846174047204805,79.63413758671774
71.3,12,Skåne,2012-01-01,1263088,323114,25.581273830485284,88.58403527947952
72.80000000000001,13,Halland,2012-01-01,304116,68011,22.363506030593587,79.27034499338863
73.5,14,Västra Götaland,2012-01-01,1600447,395515,24.712783366147082,83.95605383038757
71.3,17,Värmland,2012-01-01,273080,55757,20.417826278013766,74.40177117450094
69.9,18,Örebro,2012-01-01,283113,60316,21.304567434204717,82.6681654355351
69.8,19,Västmanland,2012-01-01,256224,53871,21.024962532783814,87.57853423855417
70.4,20,Dalarna,2012-01-01,276555,51726,18.70369365948907,79.92759351301405
71.6,21,Gävleborg,2012-01-01,276637,51274,18.53475854639835,78.28923575448088
69.9,22,Västernorrland,2012-01-01,241981,49304,20.375153421136368,76.57454920144255
71.8,23,Jämtland,2012-01-01,126201,26139,20.712197209213873,66.36619807247554
70.9,24,Västerbotten,2012-01-01,260217,67707,26.01943762321447,77.56801369915846
69.0,25,Norrbotten,2012-01-01,248637,52268,21.021810913098214,82.22389374479604
77.10000000000001,01,Stockholm,2012-04-01,2127006,664064,31.220598343399125,95.73732331942621
74.6,03,Uppsala,2012-04-01,341977,101029,29.54263005991631,80.50297425881709
73.10000000000001,04,Södermanland,2012-04-01,274723,53225,19.374060417220253,82.36671616101175
72.3,05,Östergötland,2012-04-01,433784,103479,23.854960072294045,84.36395883084056
75.6,06,Jönköping,2012-04-01,339116,66707,19.670850092593682,82.52005248377692
74.30000000000001,07,Kronoberg,2012-04-01,185887,40053,21.54696132596685,77.95313689246494
72.10000000000001,08,Kalmar,2012-04-01,233548,45602,19.525750595166734,77.54735886544259
74.5,09,Gotland,2012-04-01,57241,11616,20.29314652085044,58.44872444079694
70.5,10,Blekinge,2012-04-01,152315,33275,21.846174047204805,79.63413758671774
73.1,12,Skåne,2012-04-01,1263088,323114,25.581273830485284,88.58403527947952
76.7,13,Halland,2012-04-01,304116,68011,22.363506030593587,79.27034499338863
75.8,14,Västra Götaland,2012-04-01,1600447,395515,24.712783366147082,83.95605383038757
71.8,17,Värmland,2012-04-01,273080,55757,20.417826278013766,74.40177117450094
72.3,18,Örebro,2012-04-01,283113,60316,21.304567434204717,82.6681654355351
72.3,19,Västmanland,2012-04-01,256224,53871,21.024962532783814,87.57853423855417
73.0,20,Dalarna,2012-04-01,276555,51726,18.70369365948907,79.92759351301405
72.1,21,Gävleborg,2012-04-01,276637,51274,18.53475854639835,78.28923575448088
70.9,22,Västernorrland,2012-04-01,241981,49304,20.375153421136368,76.57454920144255
71.7,23,Jämtland,2012-04-01,126201,26139,20.712197209213873,66.36619807247554
74.30000000000001,24,Västerbotten,2012-04-01,260217,67707,26.01943762321447,77.56801369915846
71.4,25,Norrbotten,2012-04-01,248637,52268,21.021810913098214,82.22389374479604
76.89999999999999,01,Stockholm,2012-07-01,2127006,664064,31.220598343399125,95.73732331942621
74.4,03,Uppsala,2012-07-01,341977,101029,29.54263005991631,80.50297425881709
71.5,04,Södermanland,2012-07-01,274723,53225,19.374060417220253,82.36671616101175
71.2,05,Östergötland,2012-07-01,433784,103479,23.854960072294045,84.36395883084056
75.8,06,Jönköping,2012-07-01,339116,66707,19.670850092593682,82.52005248377692
76.2,07,Kronoberg,2012-07-01,185887,40053,21.54696132596685,77.95313689246494
70.7,08,Kalmar,2012-07-01,233548,45602,19.525750595166734,77.54735886544259
72.5,09,Gotland,2012-07-01,57241,11616,20.29314652085044,58.44872444079694
71.0,10,Blekinge,2012-07-01,152315,33275,21.846174047204805,79.63413758671774
73.60000000000001,12,Skåne,2012-07-01,1263088,323114,25.581273830485284,88.58403527947952
75.39999999999999,13,Halland,2012-07-01,304116,68011,22.363506030593587,79.27034499338863
74.89999999999999,14,Västra Götaland,2012-07-01,1600447,395515,24.712783366147082,83.95605383038757
72.60000000000001,17,Värmland,2012-07-01,273080,55757,20.417826278013766,74.40177117450094
70.0,18,Örebro,2012-07-01,283113,60316,21.304567434204717,82.6681654355351
71.4,19,Västmanland,2012-07-01,256224,53871,21.024962532783814,87.57853423855417
73.5,20,Dalarna,2012-07-01,276555,51726,18.70369365948907,79.92759351301405
72.6,21,Gävleborg,2012-07-01,276637,51274,18.53475854639835,78.28923575448088
71.6,22,Västernorrland,2012-07-01,241981,49304,20.375153421136368,76.57454920144255
70.39999999999999,23,Jämtland,2012-07-01,126201,26139,20.712197209213873,66.36619807247554
72.0,24,Västerbotten,2012-07-01,260217,67707,26.01943762321447,77.56801369915846
69.8,25,Norrbotten,2012-07-01,248637,52268,21.021810913098214,82.22389374479604
76.4,01,Stockholm,2012-10-01,2127006,664064,31.220598343399125,95.73732331942621
72.5,03,Uppsala,2012-10-01,341977,101029,29.54263005991631,80.50297425881709
70.6,04,Södermanland,2012-10-01,274723,53225,19.374060417220253,82.36671616101175
71.10000000000001,05,Östergötland,2012-10-01,433784,103479,23.854960072294045,84.36395883084056
73.10000000000001,06,Jönköping,2012-10-01,339116,66707,19.670850092593682,82.52005248377692
73.5,07,Kronoberg,2012-10-01,185887,40053,21.54696132596685,77.95313689246494
68.0,08,Kalmar,2012-10-01,233548,45602,19.525750595166734,77.54735886544259
70.0,09,Gotland,2012-10-01,57241,11616,20.29314652085044,58.44872444079694
70.4,10,Blekinge,2012-10-01,152315,33275,21.846174047204805,79.63413758671774
73.1,12,Skåne,2012-10-01,1263088,323114,25.581273830485284,88.58403527947952
72.89999999999999,13,Halland,2012-10-01,304116,68011,22.363506030593587,79.27034499338863
73.3,14,Västra Götaland,2012-10-01,1600447,395515,24.712783366147082,83.95605383038757
70.6,17,Värmland,2012-10-01,273080,55757,20.417826278013766,74.40177117450094
69.5,18,Örebro,2012-10-01,283113,60316,21.304567434204717,82.6681654355351
70.0,19,Västmanland,2012-10-01,256224,53871,21.024962532783814,87.57853423855417
71.4,20,Dalarna,2012-10-01,276555,51726,18.70369365948907,79.92759351301405
71.39999999999999,21,Gävleborg,2012-10-01,276637,51274,18.53475854639835,78.28923575448088
69.4,22,Västernorrland,2012-10-01,241981,49304,20.375153421136368,76.57454920144255
69.6,23,Jämtland,2012-10-01,126201,26139,20.712197209213873,66.36619807247554
69.7,24,Västerbotten,2012-10-01,260217,67707,26.01943762321447,77.56801369915846
68.10000000000001,25,Norrbotten,2012-10-01,248637,52268,21.021810913098214,82.22389374479604
76.69999999999999,01,Stockholm,2013-01-01,2163042,685573,31.694853821608643,95.73732331942621
71.4,03,Uppsala,2013-01-01,345481,103597,29.98630894318356,80.50297425881709
70.0,04,Södermanland,2013-01-01,277569,54311,19.566666306395888,82.36671616101175
71.10000000000001,05,Östergötland,2013-01-01,437848,106230,24.261844292996656,84.36395883084056
73.0,06,Jönköping,2013-01-01,341235,68416,20.04952598649025,82.52005248377692
73.39999999999999,07,Kronoberg,2013-01-01,187156,40927,21.86785355532283,77.95313689246494
68.6,08,Kalmar,2013-01-01,233874,46540,19.899604060305975,77.54735886544259
70.3,09,Gotland,2013-01-01,57161,11846,20.723920155350676,58.44872444079694
71.39999999999999,10,Blekinge,2013-01-01,152757,33846,22.156758773738684,79.63413758671774
73.8,12,Skåne,2013-01-01,1274069,331264,26.000475641429155,88.58403527947952
74.7,13,Halland,2013-01-01,306840,69958,22.799504627819058,79.27034499338863
73.8,14,Västra Götaland,2013-01-01,1615084,406218,25.15150914751183,83.95605383038757
71.5,17,Värmland,2013-01-01,273815,56879,20.772784544309115,74.40177117450094
70.7,18,Örebro,2013-01-01,285395,61804,21.655600133148795,82.6681654355351
71.9,19,Västmanland,2013-01-01,259054,55402,21.386274676322312,87.57853423855417
71.8,20,Dalarna,2013-01-01,277349,52710,19.0049360192393,79.92759351301405
71.4,21,Gävleborg,2013-01-01,277970,52381,18.844119869050616,78.28923575448088
70.0,22,Västernorrland,2013-01-01,242156,50055,20.670559474058045,76.57454920144255
69.4,23,Jämtland,2013-01-01,126461,26605,21.038106609942986,66.36619807247554
68.8,24,Västerbotten,2013-01-01,261112,69087,26.458760991451946,77.56801369915846
69.3,25,Norrbotten,2013-01-01,249436,53491,21.444779422376882,82.22389374479604
78.1,01,Stockholm,2013-04-01,2163042,685573,31.694853821608643,95.73732331942621
72.2,03,Uppsala,2013-04-01,345481,103597,29.98630894318356,80.50297425881709
72.6,04,Södermanland,2013-04-01,277569,54311,19.566666306395888,82.36671616101175
72.4,05,Östergötland,2013-04-01,437848,106230,24.261844292996656,84.36395883084056
74.7,06,Jönköping,2013-04-01,341235,68416,20.04952598649025,82.52005248377692
74.0,07,Kronoberg,2013-04-01,187156,40927,21.86785355532283,77.95313689246494
71.3,08,Kalmar,2013-04-01,233874,46540,19.899604060305975,77.54735886544259
71.7,09,Gotland,2013-04-01,57161,11846,20.723920155350676,58.44872444079694
71.0,10,Blekinge,2013-04-01,152757,33846,22.156758773738684,79.63413758671774
74.9,12,Skåne,2013-04-01,1274069,331264,26.000475641429155,88.58403527947952
76.39999999999999,13,Halland,2013-04-01,306840,69958,22.799504627819058,79.27034499338863
75.60000000000001,14,Västra Götaland,2013-04-01,1615084,406218,25.15150914751183,83.95605383038757
74.0,17,Värmland,2013-04-01,273815,56879,20.772784544309115,74.40177117450094
71.3,18,Örebro,2013-04-01,285395,61804,21.655600133148795,82.6681654355351
74.2,19,Västmanland,2013-04-01,259054,55402,21.386274676322312,87.57853423855417
72.0,20,Dalarna,2013-04-01,277349,52710,19.0049360192393,79.92759351301405
72.4,21,Gävleborg,2013-04-01,277970,52381,18.844119869050616,78.28923575448088
71.60000000000001,22,Västernorrland,2013-04-01,242156,50055,20.670559474058045,76.57454920144255
71.60000000000001,23,Jämtland,2013-04-01,126461,26605,21.038106609942986,66.36619807247554
72.9,24,Västerbotten,2013-04-01,261112,69087,26.458760991451946,77.56801369915846
70.8,25,Norrbotten,2013-04-01,249436,53491,21.444779422376882,82.22389374479604
77.1,01,Stockholm,2013-07-01,2163042,685573,31.694853821608643,95.73732331942621
73.0,03,Uppsala,2013-07-01,345481,103597,29.98630894318356,80.50297425881709
71.5,04,Södermanland,2013-07-01,277569,54311,19.566666306395888,82.36671616101175
71.60000000000001,05,Östergötland,2013-07-01,437848,106230,24.261844292996656,84.36395883084056
74.7,06,Jönköping,2013-07-01,341235,68416,20.04952598649025,82.52005248377692
74.7,07,Kronoberg,2013-07-01,187156,40927,21.86785355532283,77.95313689246494
69.8,08,Kalmar,2013-07-01,233874,46540,19.899604060305975,77.54735886544259
73.8,09,Gotland,2013-07-01,57161,11846,20.723920155350676,58.44872444079694
69.5,10,Blekinge,2013-07-01,152757,33846,22.156758773738684,79.63413758671774
74.4,12,Skåne,2013-07-01,1274069,331264,26.000475641429155,88.58403527947952
76.1,13,Halland,2013-07-01,306840,69958,22.799504627819058,79.27034499338863
75.2,14,Västra Götaland,2013-07-01,1615084,406218,25.15150914751183,83.95605383038757
73.6,17,Värmland,2013-07-01,273815,56879,20.772784544309115,74.40177117450094
71.7,18,Örebro,2013-07-01,285395,61804,21.655600133148795,82.6681654355351
74.7,19,Västmanland,2013-07-01,259054,55402,21.386274676322312,87.57853423855417
71.4,20,Dalarna,2013-07-01,277349,52710,19.0049360192393,79.92759351301405
70.9,21,Gävleborg,2013-07-01,277970,52381,18.844119869050616,78.28923575448088
71.5,22,Västernorrland,2013-07-01,242156,50055,20.670559474058045,76.57454920144255
69.8,23,Jämtland,2013-07-01,126461,26605,21.038106609942986,66.36619807247554
71.7,24,Västerbotten,2013-07-01,261112,69087,26.458760991451946,77.56801369915846
71.3,25,Norrbotten,2013-07-01,249436,53491,21.444779422376882,82.22389374479604
76.69999999999999,01,Stockholm,2013-10-01,2163042,685573,31.694853821608643,95.73732331942621
71.89999999999999,03,Uppsala,2013-10-01,345481,103597,29.98630894318356,80.50297425881709
70.6,04,Södermanland,2013-10-01,277569,54311,19.566666306395888,82.36671616101175
70.6,05,Östergötland,2013-10-01,437848,106230,24.261844292996656,84.36395883084056
74.2,06,Jönköping,2013-10-01,341235,68416,20.04952598649025,82.52005248377692
73.9,07,Kronoberg,2013-10-01,187156,40927,21.86785355532283,77.95313689246494
67.7,08,Kalmar,2013-10-01,233874,46540,19.899604060305975,77.54735886544259
69.8,09,Gotland,2013-10-01,57161,11846,20.723920155350676,58.44872444079694
69.3,10,Blekinge,2013-10-01,152757,33846,22.156758773738684,79.63413758671774
72.8,12,Skåne,2013-10-01,1274069,331264,26.000475641429155,88.58403527947952
73.5,13,Halland,2013-10-01,306840,69958,22.799504627819058,79.27034499338863
74.2,14,Västra Götaland,2013-10-01,1615084,406218,25.15150914751183,83.95605383038757
71.0,17,Värmland,2013-10-01,273815,56879,20.772784544309115,74.40177117450094
69.8,18,Örebro,2013-10-01,285395,61804,21.655600133148795,82.6681654355351
73.30000000000001,19,Västmanland,2013-10-01,259054,55402,21.386274676322312,87.57853423855417
71.7,20,Dalarna,2013-10-01,277349,52710,19.0049360192393,79.92759351301405
69.5,21,Gävleborg,2013-10-01,277970,52381,18.844119869050616,78.28923575448088
69.9,22,Västernorrland,2013-10-01,242156,50055,20.670559474058045,76.57454920144255
69.6,23,Jämtland,2013-10-01,126461,26605,21.038106609942986,66.36619807247554
71.1,24,Västerbotten,2013-10-01,261112,69087,26.458760991451946,77.56801369915846
68.2,25,Norrbotten,2013-10-01,249436,53491,21.444779422376882,82.22389374479604
77.0,01,Stockholm,2014-01-01,2198044,706054,32.12192294603748,95.73732331942621
72.3,03,Uppsala,2014-01-01,348942,105587,30.259183474617558,80.50297425881709
72.0,04,Södermanland,2014-01-01,280666,55699,19.845296544647375,82.36671616101175
71.6,05,Östergötland,2014-01-01,442105,109222,24.704990895827912,84.36395883084056
72.8,06,Jönköping,2014-01-01,344262,70195,20.38999366761362,82.52005248377692
75.3,07,Kronoberg,2014-01-01,189128,42000,22.20718243729115,77.95313689246494
68.3,08,Kalmar,2014-01-01,235598,47843,20.30704844693079,77.54735886544259
68.4,09,Gotland,2014-01-01,57255,12083,21.103833726312114,58.44872444079694
70.6,10,Blekinge,2014-01-01,154157,34598,22.4433532048496,79.63413758671774
73.0,12,Skåne,2014-01-01,1288908,340390,26.40917738116297,88.58403527947952
75.39999999999999,13,Halland,2014-01-01,310665,71968,23.165789516038178,79.27034499338863
74.4,14,Västra Götaland,2014-01-01,1632012,418163,25.622544442075178,83.95605383038757
70.3,17,Värmland,2014-01-01,274691,58104,21.152494985274362,74.40177117450094
70.1,18,Örebro,2014-01-01,288150,63391,21.99930591705709,82.6681654355351
74.0,19,Västmanland,2014-01-01,261703,57010,21.784236328968333,87.57853423855417
72.3,20,Dalarna,2014-01-01,278903,53801,19.29021918014507,79.92759351301405
68.9,21,Gävleborg,2014-01-01,279991,53684,19.173473433074633,78.28923575448088
71.1,22,Västernorrland,2014-01-01,243061,50908,20.944536556666847,76.57454920144255
70.39999999999999,23,Jämtland,2014-01-01,126765,27159,21.424683469411903,66.36619807247554
71.7,24,Västerbotten,2014-01-01,262362,70614,26.91472088183502,77.56801369915846
68.1,25,Norrbotten,2014-01-01,249987,54629,21.8527363422898,82.22389374479604
78.3,01,Stockholm,2014-04-01,2198044,706054,32.12192294603748,95.73732331942621
75.80000000000001,03,Uppsala,2014-04-01,348942,105587,30.259183474617558,80.50297425881709
72.5,04,Södermanland,2014-04-01,280666,55699,19.845296544647375,82.36671616101175
73.4,05,Östergötland,2014-04-01,442105,109222,24.704990895827912,84.36395883084056
75.80000000000001,06,Jönköping,2014-04-01,344262,70195,20.38999366761362,82.52005248377692
77.0,07,Kronoberg,2014-04-01,189128,42000,22.20718243729115,77.95313689246494
70.2,08,Kalmar,2014-04-01,235598,47843,20.30704844693079,77.54735886544259
73.69999999999999,09,Gotland,2014-04-01,57255,12083,21.103833726312114,58.44872444079694
70.6,10,Blekinge,2014-04-01,154157,34598,22.4433532048496,79.63413758671774
75.60000000000001,12,Skåne,2014-04-01,1288908,340390,26.40917738116297,88.58403527947952
77.4,13,Halland,2014-04-01,310665,71968,23.165789516038178,79.27034499338863
75.7,14,Västra Götaland,2014-04-01,1632012,418163,25.622544442075178,83.95605383038757
72.2,17,Värmland,2014-04-01,274691,58104,21.152494985274362,74.40177117450094
71.39999999999999,18,Örebro,2014-04-01,288150,63391,21.99930591705709,82.6681654355351
73.3,19,Västmanland,2014-04-01,261703,57010,21.784236328968333,87.57853423855417
72.1,20,Dalarna,2014-04-01,278903,53801,19.29021918014507,79.92759351301405
69.2,21,Gävleborg,2014-04-01,279991,53684,19.173473433074633,78.28923575448088
73.10000000000001,22,Västernorrland,2014-04-01,243061,50908,20.944536556666847,76.57454920144255
71.6,23,Jämtland,2014-04-01,126765,27159,21.424683469411903,66.36619807247554
74.2,24,Västerbotten,2014-04-01,262362,70614,26.91472088183502,77.56801369915846
71.3,25,Norrbotten,2014-04-01,249987,54629,21.8527363422898,82.22389374479604
77.39999999999999,01,Stockholm,2014-07-01,2198044,706054,32.12192294603748,95.73732331942621
74.7,03,Uppsala,2014-07-01,348942,105587,30.259183474617558,80.50297425881709
72.4,04,Södermanland,2014-07-01,280666,55699,19.845296544647375,82.36671616101175
73.89999999999999,05,Östergötland,2014-07-01,442105,109222,24.704990895827912,84.36395883084056
74.89999999999999,06,Jönköping,2014-07-01,344262,70195,20.38999366761362,82.52005248377692
76.0,07,Kronoberg,2014-07-01,189128,42000,22.20718243729115,77.95313689246494
72.60000000000001,08,Kalmar,2014-07-01,235598,47843,20.30704844693079,77.54735886544259
73.80000000000001,09,Gotland,2014-07-01,57255,12083,21.103833726312114,58.44872444079694
71.39999999999999,10,Blekinge,2014-07-01,154157,34598,22.4433532048496,79.63413758671774
74.7,12,Skåne,2014-07-01,1288908,340390,26.40917738116297,88.58403527947952
76.4,13,Halland,2014-07-01,310665,71968,23.165789516038178,79.27034499338863
76.0,14,Västra Götaland,2014-07-01,1632012,418163,25.622544442075178,83.95605383038757
71.2,17,Värmland,2014-07-01,274691,58104,21.152494985274362,74.40177117450094
72.4,18,Örebro,2014-07-01,288150,63391,21.99930591705709,82.6681654355351
73.2,19,Västmanland,2014-07-01,261703,57010,21.784236328968333,87.57853423855417
72.5,20,Dalarna,2014-07-01,278903,53801,19.29021918014507,79.92759351301405
69.89999999999999,21,Gävleborg,2014-07-01,279991,53684,19.173473433074633,78.28923575448088
72.9,22,Västernorrland,2014-07-01,243061,50908,20.944536556666847,76.57454920144255
72.9,23,Jämtland,2014-07-01,126765,27159,21.424683469411903,66.36619807247554
74.4,24,Västerbotten,2014-07-01,262362,70614,26.91472088183502,77.56801369915846
71.6,25,Norrbotten,2014-07-01,249987,54629,21.8527363422898,82.22389374479604
77.2,01,Stockholm,2014-10-01,2198044,706054,32.12192294603748,95.73732331942621
72.6,03,Uppsala,2014-10-01,348942,105587,30.259183474617558,80.50297425881709
71.7,04,Södermanland,2014-10-01,280666,55699,19.845296544647375,82.36671616101175
72.0,05,Östergötland,2014-10-01,442105,109222,24.704990895827912,84.36395883084056
73.89999999999999,06,Jönköping,2014-10-01,344262,70195,20.38999366761362,82.52005248377692
75.7,07,Kronoberg,2014-10-01,189128,42000,22.20718243729115,77.95313689246494
67.5,08,Kalmar,2014-10-01,235598,47843,20.30704844693079,77.54735886544259
68.7,09,Gotland,2014-10-01,57255,12083,21.103833726312114,58.44872444079694
68.3,10,Blekinge,2014-10-01,154157,34598,22.4433532048496,79.63413758671774
72.7,12,Skåne,2014-10-01,1288908,340390,26.40917738116297,88.58403527947952
75.39999999999999,13,Halland,2014-10-01,310665,71968,23.165789516038178,79.27034499338863
74.0,14,Västra Götaland,2014-10-01,1632012,418163,25.622544442075178,83.95605383038757
69.8,17,Värmland,2014-10-01,274691,58104,21.152494985274362,74.40177117450094
70.1,18,Örebro,2014-10-01,288150,63391,21.99930591705709,82.6681654355351
72.1,19,Västmanland,2014-10-01,261703,57010,21.784236328968333,87.57853423855417
70.5,20,Dalarna,2014-10-01,278903,53801,19.29021918014507,79.92759351301405
68.89999999999999,21,Gävleborg,2014-10-01,279991,53684,19.173473433074633,78.28923575448088
70.8,22,Västernorrland,2014-10-01,243061,50908,20.944536556666847,76.57454920144255
72.60000000000001,23,Jämtland,2014-10-01,126765,27159,21.424683469411903,66.36619807247554
71.4,24,Västerbotten,2014-10-01,262362,70614,26.91472088183502,77.56801369915846
69.5,25,Norrbotten,2014-10-01,249987,54629,21.8527363422898,82.22389374479604
77.9,01,Stockholm,2015-01-01,2231439,726522,32.55845219161267,96.80103287609475
72.7,03,Uppsala,2015-01-01,354164,108000,30.494347251555777,81.5441433911973
71.39999999999999,04,Södermanland,2015-01-01,283712,56865,20.043212835551547,84.38557410331605
72.3,05,Östergötland,2015-01-01,445661,111551,25.030460372345797,85.40594757001398
74.0,06,Jönköping,2015-01-01,347837,72104,20.72924961979318,83.82776990371927
75.8,07,Kronoberg,2015-01-01,191369,43286,22.619128489985314,78.6558951554327
70.9,08,Kalmar,2015-01-01,237679,49056,20.639602152482972,79.45674628385343
68.89999999999999,09,Gotland,2015-01-01,57391,12258,21.358749629732884,62.10904148734122
70.2,10,Blekinge,2015-01-01,156253,35657,22.82004185519638,83.35135965389465
74.0,12,Skåne,2015-01-01,1303627,348603,26.741007972372465,90.29500002684817
75.60000000000001,13,Halland,2015-01-01,314784,74190,23.568542238487346,84.2434812442818
74.0,14,Västra Götaland,2015-01-01,1648682,429669,26.061362955378904,86.1841155541214
69.2,17,Värmland,2015-01-01,275904,59484,21.559672929714683,75.70821735096266
71.9,18,Örebro,2015-01-01,291012,64790,22.26368672082251,83.91750168377936
72.3,19,Västmanland,2015-01-01,264276,58346,22.0776763686449,88.2615144772889
70.4,20,Dalarna,2015-01-01,281028,54934,19.547518396743385,82.53056634926057
68.7,21,Gävleborg,2015-01-01,281815,54656,19.394283483845786,80.21680889945532
69.9,22,Västernorrland,2015-01-01,243897,51690,21.193372612209252,79.21581651270824
71.1,23,Jämtland,2015-01-01,127376,27695,21.74271448310514,71.18766486622283
71.3,24,Västerbotten,2015-01-01,263378,71689,27.219053983248408,79.34717402364663
68.4,25,Norrbotten,2015-01-01,249733,55245,22.121625896457417,82.63945894215021
78.39999999999999,01,Stockholm,2015-04-01,2231439,726522,32.55845219161267,96.80103287609475
75.6,03,Uppsala,2015-04-01,354164,108000,30.494347251555777,81.5441433911973
70.6,04,Södermanland,2015-04-01,283712,56865,20.043212835551547,84.38557410331605
73.2,05,Östergötland,2015-04-01,445661,111551,25.030460372345797,85.40594757001398
73.6,06,Jönköping,2015-04-01,347837,72104,20.72924961979318,83.82776990371927
76.8,07,Kronoberg,2015-04-01,191369,43286,22.619128489985314,78.6558951554327
73.2,08,Kalmar,2015-04-01,237679,49056,20.639602152482972,79.45674628385343
71.30000000000001,09,Gotland,2015-04-01,57391,12258,21.358749629732884,62.10904148734122
73.6,10,Blekinge,2015-04-01,156253,35657,22.82004185519638,83.35135965389465
75.9,12,Skåne,2015-04-01,1303627,348603,26.741007972372465,90.29500002684817
78.0,13,Halland,2015-04-01,314784,74190,23.568542238487346,84.2434812442818
75.30000000000001,14,Västra Götaland,2015-04-01,1648682,429669,26.061362955378904,86.1841155541214
71.0,17,Värmland,2015-04-01,275904,59484,21.559672929714683,75.70821735096266
73.0,18,Örebro,2015-04-01,291012,64790,22.26368672082251,83.91750168377936
73.8,19,Västmanland,2015-04-01,264276,58346,22.0776763686449,88.2615144772889
72.8,20,Dalarna,2015-04-01,281028,54934,19.547518396743385,82.53056634926057
69.4,21,Gävleborg,2015-04-01,281815,54656,19.394283483845786,80.21680889945532
71.1,22,Västernorrland,2015-04-01,243897,51690,21.193372612209252,79.21581651270824
71.0,23,Jämtland,2015-04-01,127376,27695,21.74271448310514,71.18766486622283
73.3,24,Västerbotten,2015-04-01,263378,71689,27.219053983248408,79.34717402364663
70.9,25,Norrbotten,2015-04-01,249733,55245,22.121625896457417,82.63945894215021
78.2,01,Stockholm,2015-07-01,2231439,726522,32.55845219161267,96.80103287609475
75.0,03,Uppsala,2015-07-01,354164,108000,30.494347251555777,81.5441433911973
69.5,04,Södermanland,2015-07-01,283712,56865,20.043212835551547,84.38557410331605
73.0,05,Östergötland,2015-07-01,445661,111551,25.030460372345797,85.40594757001398
75.3,06,Jönköping,2015-07-01,347837,72104,20.72924961979318,83.82776990371927
74.7,07,Kronoberg,2015-07-01,191369,43286,22.619128489985314,78.6558951554327
70.5,08,Kalmar,2015-07-01,237679,49056,20.639602152482972,79.45674628385343
74.3,09,Gotland,2015-07-01,57391,12258,21.358749629732884,62.10904148734122
71.60000000000001,10,Blekinge,2015-07-01,156253,35657,22.82004185519638,83.35135965389465
74.7,12,Skåne,2015-07-01,1303627,348603,26.741007972372465,90.29500002684817
75.5,13,Halland,2015-07-01,314784,74190,23.568542238487346,84.2434812442818
74.5,14,Västra Götaland,2015-07-01,1648682,429669,26.061362955378904,86.1841155541214
70.3,17,Värmland,2015-07-01,275904,59484,21.559672929714683,75.70821735096266
71.6,18,Örebro,2015-07-01,291012,64790,22.26368672082251,83.91750168377936
72.5,19,Västmanland,2015-07-01,264276,58346,22.0776763686449,88.2615144772889
70.6,20,Dalarna,2015-07-01,281028,54934,19.547518396743385,82.53056634926057
69.4,21,Gävleborg,2015-07-01,281815,54656,19.394283483845786,80.21680889945532
71.8,22,Västernorrland,2015-07-01,243897,51690,21.193372612209252,79.21581651270824
71.8,23,Jämtland,2015-07-01,127376,27695,21.74271448310514,71.18766486622283
72.2,24,Västerbotten,2015-07-01,263378,71689,27.219053983248408,79.34717402364663
71.3,25,Norrbotten,2015-07-01,249733,55245,22.121625896457417,82.63945894215021
77.3,01,Stockholm,2015-10-01,2231439,726522,32.55845219161267,96.80103287609475
74.5,03,Uppsala,2015-10-01,354164,108000,30.494347251555777,81.5441433911973
70.1,04,Södermanland,2015-10-01,283712,56865,20.043212835551547,84.38557410331605
70.6,05,Östergötland,2015-10-01,445661,111551,25.030460372345797,85.40594757001398
74.4,06,Jönköping,2015-10-01,347837,72104,20.72924961979318,83.82776990371927
74.4,07,Kronoberg,2015-10-01,191369,43286,22.619128489985314,78.6558951554327
70.9,08,Kalmar,2015-10-01,237679,49056,20.639602152482972,79.45674628385343
69.0,09,Gotland,2015-10-01,57391,12258,21.358749629732884,62.10904148734122
70.1,10,Blekinge,2015-10-01,156253,35657,22.82004185519638,83.35135965389465
73.2,12,Skåne,2015-10-01,1303627,348603,26.741007972372465,90.29500002684817
73.0,13,Halland,2015-10-01,314784,74190,23.568542238487346,84.2434812442818
72.9,14,Västra Götaland,2015-10-01,1648682,429669,26.061362955378904,86.1841155541214
68.89999999999999,17,Värmland,2015-10-01,275904,59484,21.559672929714683,75.70821735096266
71.3,18,Örebro,2015-10-01,291012,64790,22.26368672082251,83.91750168377936
70.6,19,Västmanland,2015-10-01,264276,58346,22.0776763686449,88.2615144772889
70.5,20,Dalarna,2015-10-01,281028,54934,19.547518396743385,82.53056634926057
69.2,21,Gävleborg,2015-10-01,281815,54656,19.394283483845786,80.21680889945532
67.9,22,Västernorrland,2015-10-01,243897,51690,21.193372612209252,79.21581651270824
72.2,23,Jämtland,2015-10-01,127376,27695,21.74271448310514,71.18766486622283
71.5,24,Västerbotten,2015-10-01,263378,71689,27.219053983248408,79.34717402364663
70.3,25,Norrbotten,2015-10-01,249733,55245,22.121625896457417,82.63945894215021
77.2,01,Stockholm,2016-01-01,2269060,746433,32.89613320053238,96.80103287609475
74.7,03,Uppsala,2016-01-01,361373,110488,30.574503352491746,81.5441433911973
70.9,04,Södermanland,2016-01-01,288097,58183,20.195628555660072,84.38557410331605
71.9,05,Östergötland,2016-01-01,452105,114779,25.387686488758142,85.40594757001398
75.0,06,Jönköping,2016-01-01,352735,74511,21.123789813882944,83.82776990371927
73.80000000000001,07,Kronoberg,2016-01-01,194628,44542,22.885710175308795,78.6558951554327
71.7,08,Kalmar,2016-01-01,242301,50365,20.786129648660136,79.45674628385343
67.1,09,Gotland,2016-01-01,58003,12562,21.65750047411341,62.10904148734122
72.4,10,Blekinge,2016-01-01,158453,36661,23.136829217496672,83.35135965389465
73.1,12,Skåne,2016-01-01,1324565,357918,27.021550471286798,90.29500002684817
75.3,13,Halland,2016-01-01,320333,76463,23.869847939487972,84.2434812442818
73.39999999999999,14,Västra Götaland,2016-01-01,1671783,442252,26.453911781612803,86.1841155541214
69.7,17,Värmland,2016-01-01,279334,60866,21.789685466144473,75.70821735096266
70.7,18,Örebro,2016-01-01,294941,66602,22.581465445631498,83.91750168377936
71.7,19,Västmanland,2016-01-01,267629,59689,22.302889447705592,88.2615144772889
71.39999999999999,20,Dalarna,2016-01-01,284531,56366,19.810143710175694,82.53056634926057
69.1,21,Gävleborg,2016-01-01,284586,55931,19.653461519540667,80.21680889945532
69.3,22,Västernorrland,2016-01-01,245572,52602,21.42019448471324,79.21581651270824
70.89999999999999,23,Jämtland,2016-01-01,128673,28305,21.997621878715815,71.18766486622283
71.4,24,Västerbotten,2016-01-01,265881,73194,27.528856894625793,79.34717402364663
73.2,25,Norrbotten,2016-01-01,250570,55947,22.32789240531588,82.63945894215021
78.3,01,Stockholm,2016-04-01,2269060,746433,32.89613320053238,96.80103287609475
75.1,03,Uppsala,2016-04-01,361373,110488,30.574503352491746,81.5441433911973
73.10000000000001,04,Södermanland,2016-04-01,288097,58183,20.195628555660072,84.38557410331605
73.39999999999999,05,Östergötland,2016-04-01,452105,114779,25.387686488758142,85.40594757001398
74.8,06,Jönköping,2016-04-01,352735,74511,21.123789813882944,83.82776990371927
74.1,07,Kronoberg,2016-04-01,194628,44542,22.885710175308795,78.6558951554327
72.4,08,Kalmar,2016-04-01,242301,50365,20.786129648660136,79.45674628385343
69.7,09,Gotland,2016-04-01,58003,12562,21.65750047411341,62.10904148734122
73.5,10,Blekinge,2016-04-01,158453,36661,23.136829217496672,83.35135965389465
74.8,12,Skåne,2016-04-01,1324565,357918,27.021550471286798,90.29500002684817
75.2,13,Halland,2016-04-01,320333,76463,23.869847939487972,84.2434812442818
75.89999999999999,14,Västra Götaland,2016-04-01,1671783,442252,26.453911781612803,86.1841155541214
71.5,17,Värmland,2016-04-01,279334,60866,21.789685466144473,75.70821735096266
73.9,18,Örebro,2016-04-01,294941,66602,22.581465445631498,83.91750168377936
72.69999999999999,19,Västmanland,2016-04-01,267629,59689,22.302889447705592,88.2615144772889
72.10000000000001,20,Dalarna,2016-04-01,284531,56366,19.810143710175694,82.53056634926057
70.2,21,Gävleborg,2016-04-01,284586,55931,19.653461519540667,80.21680889945532
71.1,22,Västernorrland,2016-04-01,245572,52602,21.42019448471324,79.21581651270824
72.2,23,Jämtland,2016-04-01,128673,28305,21.997621878715815,71.18766486622283
74.5,24,Västerbotten,2016-04-01,265881,73194,27.528856894625793,79.34717402364663
73.3,25,Norrbotten,2016-04-01,250570,55947,22.32789240531588,82.63945894215021
78.0,01,Stockholm,2016-07-01,2269060,746433,32.89613320053238,96.80103287609475
75.69999999999999,03,Uppsala,2016-07-01,361373,110488,30.574503352491746,81.5441433911973
71.6,04,Södermanland,2016-07-01,288097,58183,20.195628555660072,84.38557410331605
72.6,05,Östergötland,2016-07-01,452105,114779,25.387686488758142,85.40594757001398
74.8,06,Jönköping,2016-07-01,352735,74511,21.123789813882944,83.82776990371927
73.5,07,Kronoberg,2016-07-01,194628,44542,22.885710175308795,78.6558951554327
71.1,08,Kalmar,2016-07-01,242301,50365,20.786129648660136,79.45674628385343
71.5,09,Gotland,2016-07-01,58003,12562,21.65750047411341,62.10904148734122
71.5,10,Blekinge,2016-07-01,158453,36661,23.136829217496672,83.35135965389465
73.3,12,Skåne,2016-07-01,1324565,357918,27.021550471286798,90.29500002684817
72.5,13,Halland,2016-07-01,320333,76463,23.869847939487972,84.2434812442818
74.5,14,Västra Götaland,2016-07-01,1671783,442252,26.453911781612803,86.1841155541214
70.39999999999999,17,Värmland,2016-07-01,279334,60866,21.789685466144473,75.70821735096266
73.3,18,Örebro,2016-07-01,294941,66602,22.581465445631498,83.91750168377936
72.2,19,Västmanland,2016-07-01,267629,59689,22.302889447705592,88.2615144772889
71.7,20,Dalarna,2016-07-01,284531,56366,19.810143710175694,82.53056634926057
69.0,21,Gävleborg,2016-07-01,284586,55931,19.653461519540667,80.21680889945532
70.2,22,Västernorrland,2016-07-01,245572,52602,21.42019448471324,79.21581651270824
73.3,23,Jämtland,2016-07-01,128673,28305,21.997621878715815,71.18766486622283
74.8,24,Västerbotten,2016-07-01,265881,73194,27.528856894625793,79.34717402364663
71.9,25,Norrbotten,2016-07-01,250570,55947,22.32789240531588,82.63945894215021
77.39999999999999,01,Stockholm,2016-10-01,2269060,746433,32.89613320053238,96.80103287609475
73.5,03,Uppsala,2016-10-01,361373,110488,30.574503352491746,81.5441433911973
72.3,04,Södermanland,2016-10-01,288097,58183,20.195628555660072,84.38557410331605
71.39999999999999,05,Östergötland,2016-10-01,452105,114779,25.387686488758142,85.40594757001398
74.4,06,Jönköping,2016-10-01,352735,74511,21.123789813882944,83.82776990371927
74.8,07,Kronoberg,2016-10-01,194628,44542,22.885710175308795,78.6558951554327
70.8,08,Kalmar,2016-10-01,242301,50365,20.786129648660136,79.45674628385343
69.4,09,Gotland,2016-10-01,58003,12562,21.65750047411341,62.10904148734122
68.7,10,Blekinge,2016-10-01,158453,36661,23.136829217496672,83.35135965389465
72.60000000000001,12,Skåne,2016-10-01,1324565,357918,27.021550471286798,90.29500002684817
72.6,13,Halland,2016-10-01,320333,76463,23.869847939487972,84.2434812442818
73.8,14,Västra Götaland,2016-10-01,1671783,442252,26.453911781612803,86.1841155541214
67.5,17,Värmland,2016-10-01,279334,60866,21.789685466144473,75.70821735096266
71.60000000000001,18,Örebro,2016-10-01,294941,66602,22.581465445631498,83.91750168377936
69.4,19,Västmanland,2016-10-01,267629,59689,22.302889447705592,88.2615144772889
69.89999999999999,20,Dalarna,2016-10-01,284531,56366,19.810143710175694,82.53056634926057
68.89999999999999,21,Gävleborg,2016-10-01,284586,55931,19.653461519540667,80.21680889945532
70.2,22,Västernorrland,2016-10-01,245572,52602,21.42019448471324,79.21581651270824
73.1,23,Jämtland,2016-10-01,128673,28305,21.997621878715815,71.18766486622283
71.60000000000001,24,Västerbotten,2016-10-01,265881,73194,27.528856894625793,79.34717402364663
71.0,25,Norrbotten,2016-10-01,250570,55947,22.32789240531588,82.63945894215021
77.89999999999999,01,Stockholm,2017-01-01,2308143,764202,33.1089538213187,96.80103287609475
73.1,03,Uppsala,2017-01-01,368971,113001,30.625984155936376,81.5441433911973
71.5,04,Södermanland,2017-01-01,291341,59280,20.34729063193989,84.38557410331605
72.2,05,Östergötland,2017-01-01,457496,117474,25.67760155280046,85.40594757001398
74.0,06,Jönköping,2017-01-01,357237,76403,21.3872023334649,83.82776990371927
72.5,07,Kronoberg,2017-01-01,197519,45558,23.065122848941115,78.6558951554327
71.3,08,Kalmar,2017-01-01,243536,51153,21.00428684054924,79.45674628385343
70.5,09,Gotland,2017-01-01,58595,12909,22.030890007679837,62.10904148734122
70.6,10,Blekinge,2017-01-01,159371,37250,23.37313563948272,83.35135965389465
73.2,12,Skåne,2017-01-01,1344689,365578,27.186806763496985,90.29500002684817
72.2,13,Halland,2017-01-01,324825,78416,24.14099899946125,84.2434812442818
74.89999999999999,14,Västra Götaland,2017-01-01,1690782,452054,26.736385885347723,86.1841155541214
69.2,17,Värmland,2017-01-01,280399,61741,22.018980096220027,75.70821735096266
71.7,18,Örebro,2017-01-01,298907,68293,22.847574663691383,83.91750168377936
70.5,19,Västmanland,2017-01-01,271095,60995,22.499492797727733,88.2615144772889
68.7,20,Dalarna,2017-01-01,286165,57211,19.992312127618682,82.53056634926057
70.5,21,Gävleborg,2017-01-01,285637,55967,19.593750109404596,80.21680889945532
71.10000000000001,22,Västernorrland,2017-01-01,245968,53056,21.570285565602028,79.21581651270824
74.30000000000001,23,Jämtland,2017-01-01,129806,28921,22.28017194890837,71.18766486622283
74.5,24,Västerbotten,2017-01-01,268465,74306,27.678095841171103,79.34717402364663
72.3,25,Norrbotten,2017-01-01,251295,56465,22.4696074334945,82.63945894215021
79.2,01,Stockholm,2017-04-01,2308143,764202,33.1089538213187,96.80103287609475
75.5,03,Uppsala,2017-04-01,368971,113001,30.625984155936376,81.5441433911973
74.1,04,Södermanland,2017-04-01,291341,59280,20.34729063193989,84.38557410331605
73.60000000000001,05,Östergötland,2017-04-01,457496,117474,25.67760155280046,85.40594757001398
76.6,06,Jönköping,2017-04-01,357237,76403,21.3872023334649,83.82776990371927
73.4,07,Kronoberg,2017-04-01,197519,45558,23.065122848941115,78.6558951554327
74.3,08,Kalmar,2017-04-01,243536,51153,21.00428684054924,79.45674628385343
74.5,09,Gotland,2017-04-01,58595,12909,22.030890007679837,62.10904148734122
70.1,10,Blekinge,2017-04-01,159371,37250,23.37313563948272,83.35135965389465
74.8,12,Skåne,2017-04-01,1344689,365578,27.186806763496985,90.29500002684817
74.9,13,Halland,2017-04-01,324825,78416,24.14099899946125,84.2434812442818
75.60000000000001,14,Västra Götaland,2017-04-01,1690782,452054,26.736385885347723,86.1841155541214
71.6,17,Värmland,2017-04-01,280399,61741,22.018980096220027,75.70821735096266
73.8,18,Örebro,2017-04-01,298907,68293,22.847574663691383,83.91750168377936
71.0,19,Västmanland,2017-04-01,271095,60995,22.499492797727733,88.2615144772889
72.3,20,Dalarna,2017-04-01,286165,57211,19.992312127618682,82.53056634926057
72.8,21,Gävleborg,2017-04-01,285637,55967,19.593750109404596,80.21680889945532
72.80000000000001,22,Västernorrland,2017-04-01,245968,53056,21.570285565602028,79.21581651270824
75.10000000000001,23,Jämtland,2017-04-01,129806,28921,22.28017194890837,71.18766486622283
74.60000000000001,24,Västerbotten,2017-04-01,268465,74306,27.678095841171103,79.34717402364663
72.19999999999999,25,Norrbotten,2017-04-01,251295,56465,22.4696074334945,82.63945894215021
78.39999999999999,01,Stockholm,2017-07-01,2308143,764202,33.1089538213187,96.80103287609475
75.7,03,Uppsala,2017-07-01,368971,113001,30.625984155936376,81.5441433911973
75.39999999999999,04,Södermanland,2017-07-01,291341,59280,20.34729063193989,84.38557410331605
73.4,05,Östergötland,2017-07-01,457496,117474,25.67760155280046,85.40594757001398
75.8,06,Jönköping,2017-07-01,357237,76403,21.3872023334649,83.82776990371927
73.0,07,Kronoberg,2017-07-01,197519,45558,23.065122848941115,78.6558951554327
73.2,08,Kalmar,2017-07-01,243536,51153,21.00428684054924,79.45674628385343
75.10000000000001,09,Gotland,2017-07-01,58595,12909,22.030890007679837,62.10904148734122
71.5,10,Blekinge,2017-07-01,159371,37250,23.37313563948272,83.35135965389465
74.9,12,Skåne,2017-07-01,1344689,365578,27.186806763496985,90.29500002684817
75.3,13,Halland,2017-07-01,324825,78416,24.14099899946125,84.2434812442818
75.3,14,Västra Götaland,2017-07-01,1690782,452054,26.736385885347723,86.1841155541214
73.2,17,Värmland,2017-07-01,280399,61741,22.018980096220027,75.70821735096266
72.0,18,Örebro,2017-07-01,298907,68293,22.847574663691383,83.91750168377936
70.69999999999999,19,Västmanland,2017-07-01,271095,60995,22.499492797727733,88.2615144772889
72.6,20,Dalarna,2017-07-01,286165,57211,19.992312127618682,82.53056634926057
71.3,21,Gävleborg,2017-07-01,285637,55967,19.593750109404596,80.21680889945532
73.7,22,Västernorrland,2017-07-01,245968,53056,21.570285565602028,79.21581651270824
74.2,23,Jämtland,2017-07-01,129806,28921,22.28017194890837,71.18766486622283
75.4,24,Västerbotten,2017-07-01,268465,74306,27.678095841171103,79.34717402364663
69.9,25,Norrbotten,2017-07-01,251295,56465,22.4696074334945,82.63945894215021
77.7,01,Stockholm,2017-10-01,2308143,764202,33.1089538213187,96.80103287609475
72.80000000000001,03,Uppsala,2017-10-01,368971,113001,30.625984155936376,81.5441433911973
73.10000000000001,04,Södermanland,2017-10-01,291341,59280,20.34729063193989,84.38557410331605
71.19999999999999,05,Östergötland,2017-10-01,457496,117474,25.67760155280046,85.40594757001398
74.2,06,Jönköping,2017-10-01,357237,76403,21.3872023334649,83.82776990371927
71.9,07,Kronoberg,2017-10-01,197519,45558,23.065122848941115,78.6558951554327
73.5,08,Kalmar,2017-10-01,243536,51153,21.00428684054924,79.45674628385343
72.7,09,Gotland,2017-10-01,58595,12909,22.030890007679837,62.10904148734122
67.7,10,Blekinge,2017-10-01,159371,37250,23.37313563948272,83.35135965389465
73.3,12,Skåne,2017-10-01,1344689,365578,27.186806763496985,90.29500002684817
74.6,13,Halland,2017-10-01,324825,78416,24.14099899946125,84.2434812442818
73.80000000000001,14,Västra Götaland,2017-10-01,1690782,452054,26.736385885347723,86.1841155541214
70.5,17,Värmland,2017-10-01,280399,61741,22.018980096220027,75.70821735096266
71.19999999999999,18,Örebro,2017-10-01,298907,68293,22.847574663691383,83.91750168377936
70.5,19,Västmanland,2017-10-01,271095,60995,22.499492797727733,88.2615144772889
71.1,20,Dalarna,2017-10-01,286165,57211,19.992312127618682,82.53056634926057
69.5,21,Gävleborg,2017-10-01,285637,55967,19.593750109404596,80.21680889945532
70.4,22,Västernorrland,2017-10-01,245968,53056,21.570285565602028,79.21581651270824
73.3,23,Jämtland,2017-10-01,129806,28921,22.28017194890837,71.18766486622283
71.7,24,Västerbotten,2017-10-01,268465,74306,27.678095841171103,79.34717402364663
70.60000000000001,25,Norrbotten,2017-10-01,251295,56465,22.4696074334945,82.63945894215021
77.8,01,Stockholm,2018-01-01,2344124,785247,33.4985265284601,96.80103287609475
73.1,03,Uppsala,2018-01-01,376354,115955,30.8100883742434,81.5441433911973
73.9,04,Södermanland,2018-01-01,294695,60492,20.526985527409693,84.38557410331605
71.4,05,Östergötland,2018-01-01,461583,119935,25.983409267672336,85.40594757001398
76.0,06,Jönköping,2018-01-01,360825,78315,21.704427353980464,83.82776990371927
72.6,07,Kronoberg,2018-01-01,199886,46661,23.34380596940256,78.6558951554327
71.7,08,Kalmar,2018-01-01,244670,51937,21.227367474557568,79.45674628385343
73.0,09,Gotland,2018-01-01,59249,13146,22.1877162483755,62.10904148734122
71.1,10,Blekinge,2018-01-01,159684,37505,23.48701184840059,83.35135965389465
73.0,12,Skåne,2018-01-01,1362164,374503,27.49323869959858,90.29500002684817
74.9,13,Halland,2018-01-01,329352,80062,24.3089460516408,84.2434812442818
73.9,14,Västra Götaland,2018-01-01,1709814,463494,27.10786085504037,86.1841155541214
69.6,17,Värmland,2018-01-01,281482,62621,22.24689322940721,75.70821735096266
73.4,18,Örebro,2018-01-01,302252,70115,23.197530537432343,83.91750168377936
72.2,19,Västmanland,2018-01-01,273929,62196,22.705153525183533,88.2615144772889
72.10000000000001,20,Dalarna,2018-01-01,287191,57847,20.142344293518946,82.53056634926057
70.2,21,Gävleborg,2018-01-01,286547,57308,19.999511423954882,80.21680889945532
71.0,22,Västernorrland,2018-01-01,245453,53497,21.79521130318228,79.21581651270824
75.8,23,Jämtland,2018-01-01,130280,29335,22.516886705557262,71.18766486622283
72.2,24,Västerbotten,2018-01-01,270154,75548,27.964790452852817,79.34717402364663
71.7,25,Norrbotten,2018-01-01,250497,56833,22.688096065022734,82.63945894215021
78.9,01,Stockholm,2018-04-01,2344124,785247,33.4985265284601,96.80103287609475
74.69999999999999,03,Uppsala,2018-04-01,376354,115955,30.8100883742434,81.5441433911973
73.5,04,Södermanland,2018-04-01,294695,60492,20.526985527409693,84.38557410331605
73.5,05,Östergötland,2018-04-01,461583,119935,25.983409267672336,85.40594757001398
76.5,06,Jönköping,2018-04-01,360825,78315,21.704427353980464,83.82776990371927
76.1,07,Kronoberg,2018-04-01,199886,46661,23.34380596940256,78.6558951554327
73.5,08,Kalmar,2018-04-01,244670,51937,21.227367474557568,79.45674628385343
73.10000000000001,09,Gotland,2018-04-01,59249,13146,22.1877162483755,62.10904148734122
74.2,10,Blekinge,2018-04-01,159684,37505,23.48701184840059,83.35135965389465
75.0,12,Skåne,2018-04-01,1362164,374503,27.49323869959858,90.29500002684817
75.7,13,Halland,2018-04-01,329352,80062,24.3089460516408,84.2434812442818
76.0,14,Västra Götaland,2018-04-01,1709814,463494,27.10786085504037,86.1841155541214
71.60000000000001,17,Värmland,2018-04-01,281482,62621,22.24689322940721,75.70821735096266
74.2,18,Örebro,2018-04-01,302252,70115,23.197530537432343,83.91750168377936
73.80000000000001,19,Västmanland,2018-04-01,273929,62196,22.705153525183533,88.2615144772889
73.60000000000001,20,Dalarna,2018-04-01,287191,57847,20.142344293518946,82.53056634926057
70.60000000000001,21,Gävleborg,2018-04-01,286547,57308,19.999511423954882,80.21680889945532
73.5,22,Västernorrland,2018-04-01,245453,53497,21.79521130318228,79.21581651270824
76.3,23,Jämtland,2018-04-01,130280,29335,22.516886705557262,71.18766486622283
73.8,24,Västerbotten,2018-04-01,270154,75548,27.964790452852817,79.34717402364663
72.4,25,Norrbotten,2018-04-01,250497,56833,22.688096065022734,82.63945894215021
78.39999999999999,01,Stockholm,2018-07-01,2344124,785247,33.4985265284601,96.80103287609475
73.5,03,Uppsala,2018-07-01,376354,115955,30.8100883742434,81.5441433911973
71.7,04,Södermanland,2018-07-01,294695,60492,20.526985527409693,84.38557410331605
76.4,05,Östergötland,2018-07-01,461583,119935,25.983409267672336,85.40594757001398
76.39999999999999,06,Jönköping,2018-07-01,360825,78315,21.704427353980464,83.82776990371927
74.60000000000001,07,Kronoberg,2018-07-01,199886,46661,23.34380596940256,78.6558951554327
74.3,08,Kalmar,2018-07-01,244670,51937,21.227367474557568,79.45674628385343
73.9,09,Gotland,2018-07-01,59249,13146,22.1877162483755,62.10904148734122
74.3,10,Blekinge,2018-07-01,159684,37505,23.48701184840059,83.35135965389465
75.5,12,Skåne,2018-07-01,1362164,374503,27.49323869959858,90.29500002684817
75.9,13,Halland,2018-07-01,329352,80062,24.3089460516408,84.2434812442818
76.1,14,Västra Götaland,2018-07-01,1709814,463494,27.10786085504037,86.1841155541214
72.19999999999999,17,Värmland,2018-07-01,281482,62621,22.24689322940721,75.70821735096266
75.4,18,Örebro,2018-07-01,302252,70115,23.197530537432343,83.91750168377936
72.0,19,Västmanland,2018-07-01,273929,62196,22.705153525183533,88.2615144772889
74.10000000000001,20,Dalarna,2018-07-01,287191,57847,20.142344293518946,82.53056634926057
70.8,21,Gävleborg,2018-07-01,286547,57308,19.999511423954882,80.21680889945532
70.89999999999999,22,Västernorrland,2018-07-01,245453,53497,21.79521130318228,79.21581651270824
76.9,23,Jämtland,2018-07-01,130280,29335,22.516886705557262,71.18766486622283
74.0,24,Västerbotten,2018-07-01,270154,75548,27.964790452852817,79.34717402364663
71.2,25,Norrbotten,2018-07-01,250497,56833,22.688096065022734,82.63945894215021
78.19999999999999,01,Stockholm,2018-10-01,2344124,785247,33.4985265284601,96.80103287609475
72.39999999999999,03,Uppsala,2018-10-01,376354,115955,30.8100883742434,81.5441433911973
69.8,04,Södermanland,2018-10-01,294695,60492,20.526985527409693,84.38557410331605
73.5,05,Östergötland,2018-10-01,461583,119935,25.983409267672336,85.40594757001398
75.2,06,Jönköping,2018-10-01,360825,78315,21.704427353980464,83.82776990371927
74.1,07,Kronoberg,2018-10-01,199886,46661,23.34380596940256,78.6558951554327
72.7,08,Kalmar,2018-10-01,244670,51937,21.227367474557568,79.45674628385343
72.9,09,Gotland,2018-10-01,59249,13146,22.1877162483755,62.10904148734122
72.6,10,Blekinge,2018-10-01,159684,37505,23.48701184840059,83.35135965389465
74.0,12,Skåne,2018-10-01,1362164,374503,27.49323869959858,90.29500002684817
75.4,13,Halland,2018-10-01,329352,80062,24.3089460516408,84.2434812442818
74.80000000000001,14,Västra Götaland,2018-10-01,1709814,463494,27.10786085504037,86.1841155541214
69.7,17,Värmland,2018-10-01,281482,62621,22.24689322940721,75.70821735096266
73.4,18,Örebro,2018-10-01,302252,70115,23.197530537432343,83.91750168377936
71.9,19,Västmanland,2018-10-01,273929,62196,22.705153525183533,88.2615144772889
73.9,20,Dalarna,2018-10-01,287191,57847,20.142344293518946,82.53056634926057
70.5,21,Gävleborg,2018-10-01,286547,57308,19.999511423954882,80.21680889945532
69.8,22,Västernorrland,2018-10-01,245453,53497,21.79521130318228,79.21581651270824
73.30000000000001,23,Jämtland,2018-10-01,130280,29335,22.516886705557262,71.18766486622283
69.89999999999999,24,Västerbotten,2018-10-01,270154,75548,27.964790452852817,79.34717402364663
67.9,25,Norrbotten,2018-10-01,250497,56833,22.688096065022734,82.63945894215021
78.3,01,Stockholm,2019-01-01,,,,96.80103287609475
73.5,03,Uppsala,2019-01-01,,,,81.5441433911973
70.9,04,Södermanland,2019-01-01,,,,84.38557410331605
73.6,05,Östergötland,2019-01-01,,,,85.40594757001398
75.6,06,Jönköping,2019-01-01,,,,83.82776990371927
77.5,07,Kronoberg,2019-01-01,,,,78.6558951554327
74.10000000000001,08,Kalmar,2019-01-01,,,,79.45674628385343
75.7,09,Gotland,2019-01-01,,,,62.10904148734122
73.5,10,Blekinge,2019-01-01,,,,83.35135965389465
73.60000000000001,12,Skåne,2019-01-01,,,,90.29500002684817
75.4,13,Halland,2019-01-01,,,,84.2434812442818
75.19999999999999,14,Västra Götaland,2019-01-01,,,,86.1841155541214
70.0,17,Värmland,2019-01-01,,,,75.70821735096266
73.60000000000001,18,Örebro,2019-01-01,,,,83.91750168377936
73.30000000000001,19,Västmanland,2019-01-01,,,,88.2615144772889
73.1,20,Dalarna,2019-01-01,,,,82.53056634926057
72.0,21,Gävleborg,2019-01-01,,,,80.21680889945532
70.10000000000001,22,Västernorrland,2019-01-01,,,,79.21581651270824
72.8,23,Jämtland,2019-01-01,,,,71.18766486622283
71.4,24,Västerbotten,2019-01-01,,,,79.34717402364663
67.2,25,Norrbotten,2019-01-01,,,,82.63945894215021
79.30000000000001,01,Stockholm,2019-04-01,,,,96.80103287609475
74.2,03,Uppsala,2019-04-01,,,,81.5441433911973
72.0,04,Södermanland,2019-04-01,,,,84.38557410331605
74.9,05,Östergötland,2019-04-01,,,,85.40594757001398
75.4,06,Jönköping,2019-04-01,,,,83.82776990371927
77.10000000000001,07,Kronoberg,2019-04-01,,,,78.6558951554327
73.4,08,Kalmar,2019-04-01,,,,79.45674628385343
76.19999999999999,09,Gotland,2019-04-01,,,,62.10904148734122
73.5,10,Blekinge,2019-04-01,,,,83.35135965389465
75.2,12,Skåne,2019-04-01,,,,90.29500002684817
77.1,13,Halland,2019-04-01,,,,84.2434812442818
76.19999999999999,14,Västra Götaland,2019-04-01,,,,86.1841155541214
71.19999999999999,17,Värmland,2019-04-01,,,,75.70821735096266
74.39999999999999,18,Örebro,2019-04-01,,,,83.91750168377936
72.5,19,Västmanland,2019-04-01,,,,88.2615144772889
74.5,20,Dalarna,2019-04-01,,,,82.53056634926057
73.1,21,Gävleborg,2019-04-01,,,,80.21680889945532
71.5,22,Västernorrland,2019-04-01,,,,79.21581651270824
74.6,23,Jämtland,2019-04-01,,,,71.18766486622283
73.5,24,Västerbotten,2019-04-01,,,,79.34717402364663
70.0,25,Norrbotten,2019-04-01,,,,82.63945894215021
79.2,01,Stockholm,2019-07-01,,,,96.80103287609475
76.1,03,Uppsala,2019-07-01,,,,81.5441433911973
73.3,04,Södermanland,2019-07-01,,,,84.38557410331605
74.10000000000001,05,Östergötland,2019-07-01,,,,85.40594757001398
75.5,06,Jönköping,2019-07-01,,,,83.82776990371927
75.3,07,Kronoberg,2019-07-01,,,,78.6558951554327
71.8,08,Kalmar,2019-07-01,,,,79.45674628385343
75.2,09,Gotland,2019-07-01,,,,62.10904148734122
73.3,10,Blekinge,2019-07-01,,,,83.35135965389465
75.4,12,Skåne,2019-07-01,,,,90.29500002684817
76.69999999999999,13,Halland,2019-07-01,,,,84.2434812442818
76.4,14,Västra Götaland,2019-07-01,,,,86.1841155541214
72.8,17,Värmland,2019-07-01,,,,75.70821735096266
74.7,18,Örebro,2019-07-01,,,,83.91750168377936
72.9,19,Västmanland,2019-07-01,,,,88.2615144772889
71.5,20,Dalarna,2019-07-01,,,,82.53056634926057
72.7,21,Gävleborg,2019-07-01,,,,80.21680889945532
72.3,22,Västernorrland,2019-07-01,,,,79.21581651270824
73.19999999999999,23,Jämtland,2019-07-01,,,,71.18766486622283
72.8,24,Västerbotten,2019-07-01,,,,79.34717402364663
70.8,25,Norrbotten,2019-07-01,,,,82.63945894215021
