date,jobs,ID,labour_force,sector_information_technology,sector_engineering_technology,sector_management_staff,sector_trade_service,sector_industry_craft,sector_sales_communication,sector_teaching,sector_office_finance,sector_social_health,sector_other
2004-01-01,635,Blekinge,,24,23,32,121,67,88,88,100,206,23
2004-04-01,673,Blekinge,,26,26,39,88,84,85,250,82,102,28
2004-07-01,337,Blekinge,,23,18,24,60,48,66,49,62,66,11
2004-10-01,463,Blekinge,,33,21,26,59,54,64,123,56,101,6
2005-01-01,547,Blekinge,,20,40,26,98,67,88,86,87,138,28
2005-04-01,761,Blekinge,76400.0,20,25,23,103,91,124,261,104,146,19
2005-07-01,472,Blekinge,76800.0,25,16,20,59,69,73,92,60,120,23
2005-10-01,651,Blekinge,72300.0,59,52,30,82,69,117,122,82,125,33
2006-01-01,708,Blekinge,73500.0,38,51,35,99,74,129,100,128,178,43
2006-04-01,926,Blekinge,74800.0,57,41,42,108,99,178,264,99,143,42
2006-07-01,594,Blekinge,76700.0,26,31,33,86,100,126,124,66,77,31
2006-10-01,732,Blekinge,76000.0,37,59,49,102,80,105,170,125,127,40
2007-01-01,1166,Blekinge,77700.0,126,108,94,160,194,182,134,174,233,35
2007-04-01,1161,Blekinge,79100.0,106,73,87,188,181,172,290,153,135,26
2007-07-01,833,Blekinge,80300.0,79,74,66,163,144,152,80,137,92,23
2007-10-01,963,Blekinge,76000.0,147,103,86,114,149,181,127,125,109,24
2008-01-01,1320,Blekinge,76900.0,129,91,83,207,206,205,101,196,263,135
2008-04-01,131,Blekinge,79300.0,71,58,47,114,113,132,294,109,146,65
2008-07-01,616,Blekinge,78300.0,48,39,40,93,69,102,95,99,121,35
2008-10-01,593,Blekinge,74400.0,30,33,53,70,44,140,162,73,99,26
2009-01-01,689,Blekinge,74400.0,31,24,46,120,37,150,104,91,158,76
2009-04-01,655,Blekinge,77399.99999999999,27,30,30,80,41,163,164,81,98,47
2009-07-01,432,Blekinge,77000.0,18,20,25,86,29,115,83,55,67,27
2009-10-01,632,Blekinge,74100.00000000001,31,41,61,76,45,162,142,72,86,43
2010-01-01,796,Blekinge,75700.0,52,63,60,126,49,189,97,105,164,88
2010-04-01,829,Blekinge,77200.0,55,49,63,125,57,135,211,109,137,76
2010-07-01,759,Blekinge,78800.0,63,57,59,90,41,143,168,109,131,66
2010-10-01,888,Blekinge,77500.0,55,61,63,74,59,143,212,143,171,84
2011-01-01,164,Blekinge,76600.0,79,57,65,156,108,183,104,190,245,152
2011-04-01,13,Blekinge,79400.0,81,78,66,146,131,188,185,122,125,77
2011-07-01,760,Blekinge,80000.0,69,69,74,111,92,155,110,83,104,34
2011-10-01,855,Blekinge,77600.00000000001,81,101,49,100,67,161,123,150,127,43
2012-01-01,193,Blekinge,77600.00000000001,73,83,47,177,127,187,96,152,215,109
2012-04-01,999,Blekinge,76500.0,78,48,43,158,92,171,207,94,146,89
2012-07-01,747,Blekinge,77300.0,41,53,46,117,67,145,141,93,115,51
2012-10-01,889,Blekinge,76100.0,59,68,42,101,43,188,160,130,180,84
2013-01-01,1207,Blekinge,75900.0,36,51,77,170,53,243,124,200,409,111
2013-04-01,1446,Blekinge,75800.00000000001,55,42,75,187,74,258,430,200,316,74
2013-07-01,123,Blekinge,75500.0,86,38,52,179,69,227,205,120,165,61
2013-10-01,14,Blekinge,75000.0,62,60,45,109,101,155,185,114,207,108
2014-01-01,1298,Blekinge,75500.0,74,73,44,186,183,209,113,173,312,166
2014-04-01,1401,Blekinge,75700.0,90,64,40,168,182,182,359,101,248,126
2014-07-01,982,Blekinge,77100.0,76,41,26,144,117,163,194,126,217,64
2014-10-01,1264,Blekinge,73700.0,79,46,32,161,90,223,279,158,282,116
2015-01-01,1412,Blekinge,74900.0,73,65,43,202,143,233,175,185,402,135
2015-04-01,1569,Blekinge,79600.0,76,60,55,184,121,282,466,124,245,117
2015-07-01,798,Blekinge,78300.0,65,40,39,67,41,169,171,78,140,86
2015-10-01,175,Blekinge,76500.0,174,75,47,66,42,125,279,117,198,90
2016-01-01,181,Blekinge,79200.0,148,65,50,89,106,173,184,135,230,69
2016-04-01,1879,Blekinge,81100.00000000001,231,71,62,164,249,234,384,173,384,158
2016-07-01,1543,Blekinge,79300.00000000001,184,82,64,117,305,220,196,133,356,68
2016-10-01,1849,Blekinge,76500.0,167,141,67,111,307,260,274,213,444,92
2017-01-01,286,Blekinge,78399.99999999999,224,142,99,182,341,280,225,232,546,112
2017-04-01,1921,Blekinge,78100.0,162,119,55,145,328,274,389,168,419,88
2017-07-01,163,Blekinge,80200.0,159,89,47,110,118,183,162,113,179,72
2017-10-01,1130,Blekinge,75699.99999999999,142,95,48,86,117,161,218,155,248,69
2018-01-01,1284,Blekinge,78100.0,143,145,58,121,129,209,199,151,242,130
2018-04-01,4166,Blekinge,82300.0,382,199,175,332,971,795,461,419,403,455
2018-07-01,32,Blekinge,81300.0,327,159,118,299,597,526,242,325,394,358
2018-10-01,2790,Blekinge,78000.0,296,134,113,292,422,443,331,366,515,259
2019-01-01,244,Blekinge,79000.0,177,105,57,307,184,260,307,237,522,162
2019-04-01,1898,Blekinge,79900.0,133,73,51,233,149,203,413,166,505,165
2019-07-01,911,Blekinge,80800.0,68,36,24,110,79,149,135,114,249,67
2004-01-01,1168,Dalarna,,8,60,47,198,172,179,199,213,373,49
2004-04-01,1595,Dalarna,,10,37,64,217,133,159,720,187,310,37
2004-07-01,834,Dalarna,,7,44,38,186,128,94,185,136,205,17
2004-10-01,156,Dalarna,,11,50,62,153,113,112,274,172,313,31
2005-01-01,1106,Dalarna,,7,51,56,207,147,123,170,158,394,32
2005-04-01,1686,Dalarna,143700.0,21,38,48,255,145,159,688,220,392,25
2005-07-01,1142,Dalarna,139000.0,19,50,46,331,117,143,201,161,320,22
2005-10-01,1312,Dalarna,138500.0,21,61,63,322,91,167,324,175,340,53
2006-01-01,1422,Dalarna,137000.0,17,91,76,306,144,222,192,203,413,87
2006-04-01,1649,Dalarna,141600.0,38,106,63,317,157,172,551,157,295,44
2006-07-01,1258,Dalarna,140700.0,25,57,58,306,142,184,216,170,287,34
2006-10-01,1398,Dalarna,137299.99999999994,40,88,81,290,152,148,300,202,350,53
2007-01-01,1841,Dalarna,137400.0,43,178,140,378,293,240,195,259,522,56
2007-04-01,2150,Dalarna,146100.0,46,119,113,375,307,248,615,234,422,39
2007-07-01,1427,Dalarna,146899.99999999994,28,94,88,400,227,217,184,192,245,36
2007-10-01,1664,Dalarna,142300.0,67,154,113,315,236,290,249,234,300,51
2008-01-01,2154,Dalarna,145700.0,60,198,154,493,303,263,203,325,471,178
2008-04-01,1813,Dalarna,147000.0,57,127,104,295,190,230,502,204,320,121
2008-07-01,1418,Dalarna,143899.99999999994,67,105,119,231,147,260,188,246,266,100
2008-10-01,1245,Dalarna,139600.0,40,101,81,149,90,219,232,166,309,70
2009-01-01,1273,Dalarna,139100.0,38,65,80,185,80,251,124,203,387,152
2009-04-01,1244,Dalarna,140500.0,21,71,78,163,63,224,310,146,281,67
2009-07-01,926,Dalarna,141700.0,18,38,53,178,57,235,113,98,210,53
2009-10-01,1285,Dalarna,137500.0,36,81,102,150,50,333,190,180,379,65
2010-01-01,1461,Dalarna,136700.0,44,84,93,165,90,357,138,176,449,145
2010-04-01,1510,Dalarna,141200.0,46,77,93,200,80,243,474,188,312,135
2010-07-01,1250,Dalarna,142800.0,26,103,88,242,82,202,229,135,293,73
2010-10-01,1506,Dalarna,139799.99999999994,50,116,116,164,116,253,353,201,395,86
2011-01-01,1909,Dalarna,142500.0,83,153,164,313,153,335,240,298,493,190
2011-04-01,249,Dalarna,146500.0,62,155,149,309,152,353,505,277,339,176
2011-07-01,1531,Dalarna,142500.0,50,128,106,304,137,356,254,149,241,96
2011-10-01,1858,Dalarna,140000.0,70,180,82,288,127,415,410,198,318,85
2012-01-01,1983,Dalarna,139700.0,58,153,78,333,144,441,233,274,495,140
2012-04-01,2125,Dalarna,145400.0,66,128,90,321,107,378,522,208,473,161
2012-07-01,1554,Dalarna,147299.99999999994,54,73,101,271,89,305,270,152,382,95
2012-10-01,1774,Dalarna,142400.0,91,124,93,239,88,364,324,217,442,113
2013-01-01,218,Dalarna,142400.0,53,132,78,355,141,371,215,265,596,144
2013-04-01,2157,Dalarna,143000.0,48,105,66,308,135,300,570,222,561,150
2013-07-01,1571,Dalarna,142400.0,48,92,43,302,92,249,257,169,452,120
2013-10-01,1723,Dalarna,142100.0,57,113,68,195,93,169,345,207,562,139
2014-01-01,1952,Dalarna,143100.0,82,104,76,264,132,252,257,239,728,124
2014-04-01,2369,Dalarna,143100.0,96,127,66,264,94,288,671,203,686,131
2014-07-01,1763,Dalarna,144500.0,59,79,52,311,109,359,309,169,460,103
2014-10-01,2281,Dalarna,139200.0,58,92,68,321,132,346,474,259,707,167
2015-01-01,2519,Dalarna,139899.99999999994,91,125,84,355,157,417,350,296,829,181
2015-04-01,2801,Dalarna,144700.0,84,130,88,255,145,610,705,239,584,231
2015-07-01,1318,Dalarna,141500.0,42,61,53,134,72,372,179,140,257,136
2015-10-01,1718,Dalarna,141500.0,99,121,79,121,89,290,374,252,407,153
2016-01-01,1604,Dalarna,142899.99999999994,60,86,84,168,109,325,295,192,414,93
2016-04-01,2469,Dalarna,144700.0,84,82,80,210,142,272,801,275,692,149
2016-07-01,291,Dalarna,144400.0,103,70,105,341,134,257,413,244,609,99
2016-10-01,2482,Dalarna,140100.0,145,158,116,265,148,266,590,285,762,130
2017-01-01,2904,Dalarna,136500.0,127,140,131,405,234,393,566,308,859,165
2017-04-01,2806,Dalarna,145200.00000000006,109,148,113,267,181,316,807,307,779,170
2017-07-01,1833,Dalarna,146900.0,106,116,78,246,114,256,361,248,492,108
2017-10-01,2120,Dalarna,143799.99999999994,113,157,100,222,155,223,480,308,627,107
2018-01-01,2249,Dalarna,146000.0,121,148,100,284,151,281,409,288,682,150
2018-04-01,5522,Dalarna,148100.0,354,290,241,568,1045,936,912,592,746,469
2018-07-01,4390,Dalarna,149900.0,327,233,184,665,734,667,456,493,801,385
2018-10-01,4536,Dalarna,149700.00000000006,340,252,198,640,523,614,712,542,969,315
2019-01-01,4177,Dalarna,144200.00000000006,221,204,152,628,384,449,706,490,1185,281
2019-04-01,3869,Dalarna,148100.0,211,196,134,508,395,365,851,386,1042,264
2019-07-01,240,Dalarna,145000.0,91,114,72,370,179,279,276,252,519,145
2004-01-01,207,Gotland,,5,8,3,89,13,11,26,21,55,7
2004-04-01,185,Gotland,,0,7,8,62,20,10,46,22,39,8
2004-07-01,97,Gotland,,3,8,12,20,13,10,17,17,28,7
2004-10-01,132,Gotland,,5,4,5,8,9,14,24,27,54,2
2005-01-01,230,Gotland,,4,7,8,87,15,24,14,40,66,8
2005-04-01,399,Gotland,30300.0,6,4,13,60,9,28,204,53,74,2
2005-07-01,188,Gotland,29900.000000000004,3,4,8,19,6,12,83,33,58,2
2005-10-01,217,Gotland,30000.0,14,1,8,13,10,19,79,44,54,8
2006-01-01,397,Gotland,30300.0,22,9,12,114,26,45,48,77,98,18
2006-04-01,612,Gotland,30900.0,16,9,15,142,28,60,195,76,152,13
2006-07-01,274,Gotland,31200.0,7,10,8,36,19,37,48,59,99,7
2006-10-01,301,Gotland,31100.0,5,7,23,29,29,32,75,60,114,6
2007-01-01,425,Gotland,31000.0,13,17,13,146,40,43,40,52,121,13
2007-04-01,534,Gotland,31600.0,19,15,22,127,41,57,155,53,110,11
2007-07-01,266,Gotland,32200.000000000004,8,13,16,60,18,43,63,29,69,7
2007-10-01,331,Gotland,31300.0,34,13,16,24,27,38,86,60,96,13
2008-01-01,593,Gotland,31800.0,24,22,32,234,42,56,50,108,123,33
2008-04-01,527,Gotland,33500.0,15,9,32,155,26,46,140,50,93,31
2008-07-01,237,Gotland,34200.0,25,13,14,45,19,42,37,41,53,9
2008-10-01,278,Gotland,31800.0,30,12,25,25,20,55,38,45,83,19
2009-01-01,457,Gotland,32200.0,35,11,35,127,27,82,33,42,124,34
2009-04-01,471,Gotland,32500.0,23,9,15,105,21,81,97,36,114,32
2009-07-01,208,Gotland,31300.0,6,12,27,30,15,42,20,34,62,9
2009-10-01,244,Gotland,30000.0,8,9,26,38,13,58,59,35,44,16
2010-01-01,443,Gotland,29800.0,11,14,26,133,24,55,37,64,115,61
2010-04-01,544,Gotland,31500.0,17,15,56,157,33,78,90,55,97,61
2010-07-01,248,Gotland,31100.0,5,11,22,49,10,28,68,29,66,16
2010-10-01,325,Gotland,29900.0,14,21,28,49,18,34,84,68,79,25
2011-01-01,600,Gotland,29900.0,15,21,43,206,44,55,60,98,162,58
2011-04-01,1120,Gotland,31000.0,14,28,83,176,47,52,387,107,337,46
2011-07-01,522,Gotland,31400.000000000004,16,25,44,33,14,37,228,57,131,17
2011-10-01,446,Gotland,29200.0,17,26,23,55,15,56,101,64,153,15
2012-01-01,494,Gotland,29100.0,23,25,26,157,33,58,35,66,111,31
2012-04-01,505,Gotland,31000.0,9,18,21,123,16,60,144,36,95,29
2012-07-01,280,Gotland,30800.0,11,24,10,47,13,31,41,40,84,16
2012-10-01,285,Gotland,29500.0,17,12,15,42,14,25,61,47,81,26
2013-01-01,459,Gotland,29300.0,10,17,16,139,23,46,33,58,144,41
2013-04-01,362,Gotland,29700.000000000004,9,5,5,133,18,56,20,38,92,28
2013-07-01,215,Gotland,31100.0,4,3,10,60,12,60,19,27,30,13
2013-10-01,171,Gotland,29300.0,13,8,8,51,7,35,10,16,24,24
2014-01-01,394,Gotland,28400.000000000004,14,10,8,193,26,43,11,45,68,34
2014-04-01,363,Gotland,30600.0,9,7,8,151,23,45,20,28,82,31
2014-07-01,244,Gotland,30800.0,9,6,8,71,10,42,11,11,59,40
2014-10-01,229,Gotland,28500.0,10,3,3,58,3,44,15,27,62,33
2015-01-01,487,Gotland,28500.0,13,19,4,212,24,65,13,41,114,40
2015-04-01,472,Gotland,29600.0,18,5,7,196,16,83,23,28,93,54
2015-07-01,121,Gotland,31100.0,1,9,3,26,7,26,15,8,16,25
2015-10-01,113,Gotland,28700.0,15,3,14,17,7,24,1,13,16,16
2016-01-01,180,Gotland,27700.0,4,7,5,46,10,39,1,20,24,57
2016-04-01,274,Gotland,28800.0,13,5,6,95,29,42,29,27,53,16
2016-07-01,235,Gotland,30000.0,14,13,12,79,21,40,3,45,43,17
2016-10-01,274,Gotland,29100.0,24,11,8,55,26,54,18,56,49,22
2017-01-01,435,Gotland,29500.0,24,15,12,166,40,80,12,52,73,30
2017-04-01,405,Gotland,31600.0,18,37,11,135,21,77,30,50,65,24
2017-07-01,178,Gotland,32000.0,13,20,6,46,11,46,10,20,29,13
2017-10-01,205,Gotland,30900.0,14,39,16,32,11,43,13,38,65,23
2018-01-01,239,Gotland,30700.0,10,43,21,48,13,58,7,43,67,27
2018-04-01,2801,Gotland,31100.0,235,133,140,270,839,680,102,292,103,286
2018-07-01,1900,Gotland,32400.0,171,98,86,214,497,435,62,229,129,214
2018-10-01,1459,Gotland,31400.000000000004,138,55,68,188,277,307,52,182,198,172
2019-01-01,732,Gotland,32600.0,25,20,16,240,47,109,40,70,216,43
2019-04-01,770,Gotland,32200.000000000004,35,16,14,188,55,99,63,78,266,57
2019-07-01,329,Gotland,30600.0,26,5,10,74,20,62,18,49,91,27
2004-01-01,968,Gävleborg,,33,42,49,174,121,204,129,200,283,55
2004-04-01,1308,Gävleborg,,15,48,48,134,88,162,654,194,248,29
2004-07-01,661,Gävleborg,,12,34,56,133,65,144,121,151,157,21
2004-10-01,812,Gävleborg,,21,38,33,116,59,157,234,120,198,23
2005-01-01,931,Gävleborg,,26,42,39,187,91,184,127,159,258,38
2005-04-01,1466,Gävleborg,140500.0,26,35,72,166,93,202,722,170,245,19
2005-07-01,835,Gävleborg,140600.0,10,40,31,154,79,179,229,109,185,25
2005-10-01,112,Gävleborg,135800.0,12,32,69,145,49,208,320,141,257,45
2006-01-01,1270,Gävleborg,133600.0,33,60,65,229,117,351,165,150,328,60
2006-04-01,1566,Gävleborg,139000.0,38,63,55,192,119,283,633,156,219,60
2006-07-01,920,Gävleborg,141200.00000000006,32,34,31,147,103,236,162,135,161,38
2006-10-01,1259,Gävleborg,137400.0,83,67,93,160,134,261,271,190,245,35
2007-01-01,1470,Gävleborg,138400.0,58,134,111,245,174,305,185,217,364,50
2007-04-01,1770,Gävleborg,138799.99999999994,107,131,114,225,220,298,507,202,274,35
2007-07-01,1267,Gävleborg,140300.0,68,107,106,239,151,252,224,165,178,35
2007-10-01,1468,Gävleborg,136800.0,103,142,147,185,207,340,175,217,229,36
2008-01-01,1841,Gävleborg,137400.0,116,138,118,283,197,420,169,291,369,144
2008-04-01,1577,Gävleborg,139900.0,88,94,120,210,153,298,433,158,191,136
2008-07-01,1208,Gävleborg,138200.0,67,71,80,183,93,295,173,158,173,129
2008-10-01,1149,Gävleborg,129500.0,44,63,91,147,61,282,228,161,203,75
2009-01-01,1195,Gävleborg,136000.0,34,35,95,150,68,343,138,172,282,141
2009-04-01,1239,Gävleborg,143400.0,36,61,48,161,33,265,397,111,186,119
2009-07-01,860,Gävleborg,140500.0,22,24,38,168,36,288,131,80,144,53
2009-10-01,184,Gävleborg,136500.0,30,53,94,119,64,343,197,128,198,56
2010-01-01,1359,Gävleborg,139400.0,34,89,87,176,78,383,145,169,365,138
2010-04-01,1515,Gävleborg,147800.0,70,92,98,201,111,277,329,210,322,111
2010-07-01,1231,Gävleborg,147500.0,64,92,96,205,116,299,194,134,185,84
2010-10-01,1461,Gävleborg,142000.0,99,96,146,178,99,361,263,218,296,87
2011-01-01,1869,Gävleborg,141100.00000000006,129,151,188,254,165,412,231,228,396,183
2011-04-01,1944,Gävleborg,145200.0,97,146,208,250,172,323,420,330,307,157
2011-07-01,1369,Gävleborg,145800.0,81,95,109,291,109,334,234,139,175,71
2011-10-01,1487,Gävleborg,142800.0,54,115,68,268,98,373,256,174,250,74
2012-01-01,1576,Gävleborg,140500.0,69,102,57,309,141,386,162,200,353,106
2012-04-01,1819,Gävleborg,142100.0,89,116,104,279,138,334,436,186,304,104
2012-07-01,1429,Gävleborg,144100.0,70,89,91,253,103,305,195,149,278,100
2012-10-01,1480,Gävleborg,140600.0,64,62,85,218,77,321,267,200,316,105
2013-01-01,1730,Gävleborg,140000.0,66,98,93,276,119,340,162,249,465,154
2013-04-01,2108,Gävleborg,142800.0,82,79,73,281,153,312,624,189,438,128
2013-07-01,1508,Gävleborg,141200.00000000006,79,61,64,277,94,269,260,174,329,125
2013-10-01,1507,Gävleborg,136600.0,89,96,56,190,85,222,287,235,371,119
2014-01-01,1859,Gävleborg,134600.0,89,146,92,265,112,297,205,230,572,145
2014-04-01,2232,Gävleborg,135000.0,93,107,92,274,142,274,618,195,579,121
2014-07-01,1712,Gävleborg,138900.0,65,80,61,331,83,324,302,202,447,110
2014-10-01,1938,Gävleborg,136800.0,52,102,73,289,105,348,378,198,476,200
2015-01-01,2427,Gävleborg,134700.0,79,131,104,362,148,435,333,284,719,183
2015-04-01,2769,Gävleborg,136600.0,70,137,97,239,119,519,710,275,649,223
2015-07-01,1361,Gävleborg,139200.00000000006,42,68,51,108,62,426,285,114,213,141
2015-10-01,1836,Gävleborg,137100.0,82,122,88,125,88,389,398,250,392,162
2016-01-01,1717,Gävleborg,136800.0,77,72,92,154,119,331,292,276,432,126
2016-04-01,2503,Gävleborg,140100.0,108,149,94,208,184,322,661,292,595,209
2016-07-01,1879,Gävleborg,137900.0,56,113,95,233,189,346,291,206,464,115
2016-10-01,2301,Gävleborg,138100.0,119,148,113,220,166,385,430,385,638,144
2017-01-01,2598,Gävleborg,142200.00000000006,94,149,111,332,223,424,401,367,728,165
2017-04-01,2409,Gävleborg,146700.00000000006,121,150,114,249,187,336,603,261,579,119
2017-07-01,1636,Gävleborg,145900.0,118,124,69,172,129,274,296,177,430,59
2017-10-01,1763,Gävleborg,140799.99999999994,113,155,106,133,120,252,391,230,455,105
2018-01-01,1979,Gävleborg,140900.0,126,147,96,231,169,362,366,257,485,108
2018-04-01,5244,Gävleborg,142700.00000000006,403,284,229,459,1089,990,737,524,719,385
2018-07-01,479,Gävleborg,145300.0,307,246,175,475,762,709,393,430,757,315
2018-10-01,4245,Gävleborg,142799.99999999994,340,220,176,453,543,735,542,505,970,275
2019-01-01,3757,Gävleborg,147900.0,241,210,114,444,374,549,526,388,1155,190
2019-04-01,3716,Gävleborg,150200.00000000006,212,202,133,369,338,447,758,397,1153,140
2019-07-01,236,Gävleborg,150200.0,111,110,73,310,158,346,277,236,571,112
2004-01-01,1318,Halland,,32,43,45,325,189,170,222,211,326,54
2004-04-01,1401,Halland,,16,47,67,223,174,127,560,170,237,44
2004-07-01,839,Halland,,10,41,42,192,137,151,176,114,131,23
2004-10-01,992,Halland,,10,41,48,172,110,150,306,124,177,23
2005-01-01,1242,Halland,,9,55,51,237,209,192,164,184,382,49
2005-04-01,1657,Halland,151500.0,13,49,57,287,194,205,626,206,284,29
2005-07-01,1181,Halland,150100.0,12,38,28,211,153,187,303,144,256,43
2005-10-01,1493,Halland,149000.0,27,59,63,213,174,294,389,213,329,57
2006-01-01,1790,Halland,150899.99999999994,27,63,77,318,255,364,280,259,462,90
2006-04-01,1884,Halland,155100.0,21,53,56,326,236,292,551,202,341,80
2006-07-01,1319,Halland,159100.0,21,52,51,248,203,268,256,172,242,61
2006-10-01,1610,Halland,152200.0,40,71,85,254,247,261,322,258,356,64
2007-01-01,2135,Halland,155500.0,52,133,119,448,392,329,273,319,481,71
2007-04-01,2365,Halland,163400.0,65,121,126,414,401,326,583,308,404,65
2007-07-01,1787,Halland,160400.0,35,102,92,368,361,287,254,249,311,46
2007-10-01,2126,Halland,156700.0,58,137,139,310,363,317,409,311,417,61
2008-01-01,2841,Halland,154300.0,85,147,168,596,460,443,332,383,577,194
2008-04-01,2247,Halland,158700.0,42,79,116,409,250,264,667,221,383,157
2008-07-01,1504,Halland,158399.99999999994,35,53,88,261,184,254,307,171,248,124
2008-10-01,1399,Halland,156100.0,40,52,85,215,96,227,399,160,284,72
2009-01-01,1513,Halland,153400.0,40,54,84,344,107,225,215,170,383,195
2009-04-01,1425,Halland,158200.0,16,37,67,257,73,248,466,146,231,88
2009-07-01,939,Halland,156899.99999999994,24,26,45,194,81,212,176,99,165,74
2009-10-01,1312,Halland,152600.00000000006,22,52,107,202,95,275,347,166,249,57
2010-01-01,1760,Halland,155400.0,49,82,126,359,163,359,235,205,413,146
2010-04-01,1943,Halland,160200.0,50,86,124,310,164,284,609,210,334,184
2010-07-01,1355,Halland,157000.0,47,63,101,264,144,240,294,145,210,73
2010-10-01,1787,Halland,154899.99999999994,61,78,121,234,142,274,458,226,388,141
2011-01-01,2518,Halland,157799.99999999994,93,155,200,438,263,417,347,388,544,279
2011-04-01,2710,Halland,160800.0,61,128,173,439,258,404,806,347,452,191
2011-07-01,1854,Halland,161500.0,61,136,126,329,217,331,371,213,301,107
2011-10-01,2177,Halland,157300.0,76,152,109,285,168,355,581,251,390,95
2012-01-01,2185,Halland,157200.00000000006,79,114,87,406,219,366,336,274,468,173
2012-04-01,2389,Halland,166500.0,78,83,81,422,190,312,782,218,355,138
2012-07-01,1661,Halland,165100.0,61,75,70,348,140,284,330,189,261,117
2012-10-01,1944,Halland,159600.0,59,91,74,290,127,332,442,238,423,125
2013-01-01,2144,Halland,162399.99999999994,73,90,70,426,180,346,257,221,582,186
2013-04-01,2333,Halland,166200.00000000006,55,87,58,407,201,327,740,216,380,147
2013-07-01,1768,Halland,166900.0,67,66,70,323,189,282,371,184,312,119
2013-10-01,1819,Halland,161300.0,77,70,64,246,131,265,479,174,370,157
2014-01-01,2311,Halland,164900.0,77,102,71,437,207,371,309,295,554,221
2014-04-01,2658,Halland,170400.0,103,110,89,427,272,338,777,237,418,186
2014-07-01,2147,Halland,170400.0,54,95,71,406,229,351,434,215,390,166
2014-10-01,2571,Halland,167799.99999999994,101,116,67,327,197,350,658,295,536,237
2015-01-01,2993,Halland,168000.0,94,118,91,558,345,463,389,351,702,318
2015-04-01,3451,Halland,174200.0,76,105,91,422,375,471,901,320,611,403
2015-07-01,1626,Halland,170400.0,45,63,59,158,177,313,323,183,236,218
2015-10-01,1856,Halland,164000.0,76,99,58,203,168,324,402,228,301,229
2016-01-01,214,Halland,169399.99999999994,81,85,84,258,259,321,369,299,366,144
2016-04-01,2869,Halland,169400.0,72,120,76,313,384,355,775,295,525,244
2016-07-01,2562,Halland,164500.0,94,131,69,325,416,403,451,290,563,143
2016-10-01,2866,Halland,165100.0,129,167,116,308,376,427,563,383,598,180
2017-01-01,3372,Halland,164200.00000000006,144,191,112,519,446,543,463,373,768,235
2017-04-01,3451,Halland,170100.0,124,197,111,494,398,538,840,296,662,189
2017-07-01,2332,Halland,173700.0,131,133,105,365,260,463,458,299,357,139
2017-10-01,2183,Halland,171399.99999999994,119,152,105,298,220,411,445,256,346,167
2018-01-01,2422,Halland,171800.0,136,176,130,384,291,464,359,289,399,201
2018-04-01,5893,Halland,174900.0,365,276,262,677,1274,1045,897,624,697,469
2018-07-01,4880,Halland,171900.0,333,233,186,806,884,760,623,573,697,372
2018-10-01,4963,Halland,170700.0,337,221,206,772,730,749,826,588,810,333
2019-01-01,4435,Halland,173500.0,165,165,129,907,596,600,651,481,982,305
2019-04-01,4251,Halland,181700.0,168,182,95,773,525,615,827,413,868,243
2019-07-01,2398,Halland,183800.0,100,86,80,485,333,451,320,260,414,151
2004-01-01,637,Jämtland,,11,10,18,122,59,65,86,162,296,17
2004-04-01,994,Jämtland,,5,21,26,147,37,59,540,134,194,16
2004-07-01,556,Jämtland,,6,14,25,212,45,49,84,111,168,12
2004-10-01,790,Jämtland,,12,21,25,159,51,74,258,159,211,12
2005-01-01,659,Jämtland,,14,14,29,147,71,102,79,157,225,22
2005-04-01,1138,Jämtland,65700.0,20,22,45,173,85,103,472,192,262,30
2005-07-01,660,Jämtland,65800.0,10,13,30,189,52,87,104,141,182,29
2005-10-01,865,Jämtland,64399.99999999999,14,14,25,165,42,100,217,212,272,30
2006-01-01,860,Jämtland,64500.0,35,42,48,160,80,117,108,192,240,47
2006-04-01,13,Jämtland,65400.00000000001,22,18,42,151,97,112,341,153,199,51
2006-07-01,856,Jämtland,65600.00000000001,20,30,36,292,81,107,121,129,162,31
2006-10-01,955,Jämtland,63600.0,22,36,55,212,72,84,234,173,231,40
2007-01-01,912,Jämtland,64099.99999999999,37,75,53,179,113,130,82,177,261,24
2007-04-01,164,Jämtland,66300.0,33,45,44,178,104,120,317,118,240,25
2007-07-01,845,Jämtland,67000.0,20,24,38,337,99,104,75,99,170,19
2007-10-01,1131,Jämtland,65500.0,31,58,63,312,93,138,171,193,245,35
2008-01-01,1138,Jämtland,66900.0,26,46,74,270,101,158,121,179,307,80
2008-04-01,1199,Jämtland,67399.99999999999,35,21,46,211,84,134,391,128,233,109
2008-07-01,1121,Jämtland,67800.0,22,18,37,426,70,135,136,113,139,180
2008-10-01,923,Jämtland,64700.0,35,20,34,279,17,275,154,106,145,48
2009-01-01,805,Jämtland,67000.0,33,24,38,104,39,276,79,90,160,81
2009-04-01,694,Jämtland,67700.0,9,18,15,119,38,121,237,72,115,29
2009-07-01,630,Jämtland,67400.0,10,10,23,239,47,117,80,82,89,34
2009-10-01,650,Jämtland,63300.0,16,24,38,160,33,114,127,85,133,39
2010-01-01,693,Jämtland,64700.0,19,30,58,131,43,150,80,101,163,67
2010-04-01,995,Jämtland,69300.0,78,26,62,179,53,128,278,124,157,79
2010-07-01,833,Jämtland,66200.0,46,15,32,276,37,107,126,116,146,66
2010-10-01,833,Jämtland,64599.99999999999,34,36,53,217,49,111,164,123,155,59
2011-01-01,967,Jämtland,64900.00000000001,32,44,69,187,57,184,134,158,228,107
2011-04-01,1157,Jämtland,67899.99999999999,14,42,45,160,64,120,443,182,245,106
2011-07-01,938,Jämtland,66000.0,31,39,46,251,58,96,197,167,161,61
2011-10-01,977,Jämtland,66200.0,44,49,42,193,58,128,209,133,206,63
2012-01-01,940,Jämtland,65000.0,36,35,30,176,61,137,150,136,252,68
2012-04-01,18,Jämtland,65099.99999999999,36,27,47,162,51,110,347,128,192,47
2012-07-01,817,Jämtland,64600.00000000001,28,20,42,250,46,95,126,116,144,52
2012-10-01,856,Jämtland,63100.0,38,29,28,186,39,108,177,118,169,57
2013-01-01,877,Jämtland,62500.0,34,37,27,167,47,123,98,127,266,61
2013-04-01,126,Jämtland,65000.0,21,30,32,165,43,138,331,119,199,68
2013-07-01,893,Jämtland,63500.0,30,39,22,258,42,134,157,79,170,61
2013-10-01,881,Jämtland,63100.0,37,49,24,155,38,90,168,111,238,75
2014-01-01,906,Jämtland,63199.99999999999,23,49,24,134,48,100,125,162,307,78
2014-04-01,1190,Jämtland,64899.99999999999,34,46,33,139,46,124,405,160,290,56
2014-07-01,17,Jämtland,66100.00000000001,38,36,18,281,56,126,159,92,245,56
2014-10-01,1143,Jämtland,65899.99999999999,47,42,33,218,40,134,218,128,315,94
2015-01-01,1264,Jämtland,64400.00000000001,50,34,32,169,64,158,220,202,405,99
2015-04-01,1448,Jämtland,64599.99999999999,32,31,28,168,65,239,367,145,399,118
2015-07-01,595,Jämtland,65800.0,30,15,14,71,18,126,114,55,133,63
2015-10-01,711,Jämtland,66100.0,56,26,31,76,20,120,128,119,170,54
2016-01-01,776,Jämtland,64700.0,34,23,17,67,39,159,81,98,282,61
2016-04-01,1505,Jämtland,65800.0,59,58,43,193,68,179,384,207,429,67
2016-07-01,1286,Jämtland,67300.0,44,49,35,288,70,182,173,167,398,50
2016-10-01,1477,Jämtland,67200.0,68,60,43,222,73,226,235,238,459,68
2017-01-01,1669,Jämtland,68600.0,58,61,46,358,94,260,223,194,525,78
2017-04-01,1587,Jämtland,69300.00000000001,76,90,37,245,100,201,357,198,427,65
2017-07-01,888,Jämtland,68600.00000000001,47,54,28,133,56,162,132,103,261,48
2017-10-01,941,Jämtland,68100.00000000001,62,78,42,114,33,151,137,128,316,50
2018-01-01,972,Jämtland,70200.0,61,75,46,127,63,164,90,182,337,56
2018-04-01,3829,Jämtland,70800.00000000001,273,165,180,354,903,786,422,474,381,340
2018-07-01,2898,Jämtland,71700.0,218,145,118,467,557,535,200,394,364,268
2018-10-01,2651,Jämtland,68399.99999999999,220,116,120,405,355,395,261,384,510,221
2019-01-01,1769,Jämtland,67500.0,104,70,58,283,108,234,235,226,599,78
2019-04-01,1907,Jämtland,68900.0,98,52,52,330,111,197,437,241,527,95
2019-07-01,1104,Jämtland,66500.0,60,19,33,263,53,151,152,162,275,69
2004-01-01,1648,Jönköping,,19,73,46,335,304,224,237,201,451,58
2004-04-01,242,Jönköping,,32,70,65,384,283,195,742,184,327,53
2004-07-01,1300,Jönköping,,23,73,56,288,250,182,214,146,235,41
2004-10-01,1585,Jönköping,,31,96,69,211,308,237,385,171,306,29
2005-01-01,1868,Jönköping,,54,93,66,340,388,301,229,281,449,59
2005-04-01,2507,Jönköping,176200.0,19,77,118,276,323,301,1017,347,480,49
2005-07-01,1552,Jönköping,179500.0,32,92,66,267,290,282,252,219,321,53
2005-10-01,1950,Jönköping,177799.99999999997,53,107,102,236,297,287,446,362,476,62
2006-01-01,2227,Jönköping,176899.99999999997,62,114,115,389,363,397,284,321,490,191
2006-04-01,2949,Jönköping,179300.0,73,127,141,359,445,447,899,323,468,167
2006-07-01,1961,Jönköping,180800.0,64,93,101,316,427,330,280,233,352,104
2006-10-01,2532,Jönköping,176300.0,78,153,108,349,513,307,498,275,496,133
2007-01-01,3202,Jönköping,178500.0,124,274,179,489,777,445,346,455,714,82
2007-04-01,3632,Jönköping,180300.0,125,254,186,493,649,492,968,371,594,101
2007-07-01,2556,Jönköping,182700.0,76,197,186,440,533,484,314,315,425,60
2007-10-01,321,Jönköping,179000.0,126,257,224,355,547,550,460,428,543,78
2008-01-01,3655,Jönköping,179800.0,136,213,222,569,607,596,441,481,823,294
2008-04-01,3112,Jönköping,183100.0,121,144,171,406,337,435,955,332,524,209
2008-07-01,1978,Jönköping,186300.0,104,116,116,303,223,381,306,238,388,123
2008-10-01,237,Jönköping,180500.0,120,123,120,234,163,354,476,221,418,116
2009-01-01,1659,Jönköping,179800.0,58,52,84,220,116,338,248,217,449,172
2009-04-01,1722,Jönköping,182800.0,48,73,90,210,103,332,533,193,306,100
2009-07-01,1190,Jönköping,182500.0,48,47,87,186,86,303,216,136,193,86
2009-10-01,1662,Jönköping,177500.0,66,77,131,174,105,326,496,193,331,80
2010-01-01,1945,Jönköping,174400.0,75,106,147,262,138,510,281,303,437,161
2010-04-01,2735,Jönköping,176799.99999999997,114,161,199,299,275,461,765,357,481,215
2010-07-01,234,Jönköping,178300.0,81,127,170,304,267,406,356,260,344,135
2010-10-01,2564,Jönköping,173700.00000000006,144,183,204,284,283,413,585,336,486,191
2011-01-01,3351,Jönköping,174799.99999999994,196,228,256,429,471,623,379,523,682,320
2011-04-01,3887,Jönköping,180000.0,231,235,280,409,468,581,960,564,629,309
2011-07-01,2766,Jönköping,182200.0,195,214,201,385,329,489,432,381,422,218
2011-10-01,3201,Jönköping,179299.99999999997,223,238,175,384,301,564,586,375,535,233
2012-01-01,3128,Jönköping,181500.0,237,207,131,483,350,632,361,413,571,201
2012-04-01,3382,Jönköping,183800.0,185,188,152,478,366,540,827,338,543,182
2012-07-01,2298,Jönköping,185500.0,111,137,158,379,241,422,359,295,393,162
2012-10-01,2696,Jönköping,177300.0,208,145,135,377,189,565,466,337,507,162
2013-01-01,2826,Jönköping,176800.0,192,142,110,476,271,639,262,345,664,202
2013-04-01,3199,Jönköping,181300.0,193,146,99,495,310,568,812,316,560,198
2013-07-01,2314,Jönköping,182500.0,132,156,82,407,298,438,363,250,378,165
2013-10-01,2674,Jönköping,181000.0,151,150,131,362,246,393,555,325,514,217
2014-01-01,3144,Jönköping,177399.99999999997,158,176,152,466,418,495,363,381,694,306
2014-04-01,3787,Jönköping,185300.0,172,164,129,483,486,589,972,337,620,262
2014-07-01,2974,Jönköping,184400.0,161,154,86,465,357,665,482,250,513,222
2014-10-01,3817,Jönköping,182300.0,211,209,120,477,346,709,769,390,788,290
2015-01-01,4378,Jönköping,182000.0,221,194,150,646,552,825,629,512,964,346
2015-04-01,4781,Jönköping,181200.00000000003,190,188,114,474,580,849,1196,527,803,389
2015-07-01,2457,Jönköping,187100.0,133,115,80,211,295,547,399,276,378,276
2015-10-01,3918,Jönköping,184900.0,328,251,163,265,357,673,860,519,760,312
2016-01-01,3692,Jönköping,185500.0,312,227,133,315,509,490,620,582,758,243
2016-04-01,4594,Jönköping,185100.0,330,229,166,316,620,532,1362,550,722,268
2016-07-01,3299,Jönköping,187900.0,298,183,123,340,461,547,578,414,565,200
2016-10-01,4333,Jönköping,186500.0,426,205,150,354,616,640,885,554,819,260
2017-01-01,4830,Jönköping,186300.0,425,279,188,502,682,693,838,654,925,327
2017-04-01,4415,Jönköping,193400.0,317,209,161,420,536,631,1133,475,772,313
2017-07-01,3184,Jönköping,192000.0,225,197,118,356,486,497,497,402,694,162
2017-10-01,3552,Jönköping,188500.0,314,251,155,346,506,482,688,466,710,142
2018-01-01,3872,Jönköping,192200.00000000003,330,245,162,429,522,580,693,485,811,198
2018-04-01,7687,Jönköping,195600.00000000003,609,398,358,746,1645,1282,1318,814,903,514
2018-07-01,5911,Jönköping,197600.0,520,363,234,790,1235,965,579,703,868,407
2018-10-01,6421,Jönköping,196000.0,577,358,273,878,1074,975,851,731,1004,459
2019-01-01,5923,Jönköping,196900.0,448,321,225,868,920,822,846,691,1198,335
2019-04-01,5724,Jönköping,196000.0,422,250,196,729,997,742,1112,529,1115,274
2019-07-01,315,Jönköping,194500.0,216,125,106,523,478,466,349,315,633,170
2004-01-01,1181,Kalmar,,4,38,37,336,171,138,152,168,332,23
2004-04-01,1270,Kalmar,,7,41,54,282,203,124,441,152,211,30
2004-07-01,745,Kalmar,,10,36,48,176,179,110,115,102,142,13
2004-10-01,858,Kalmar,,12,50,44,134,143,121,193,153,227,11
2005-01-01,1217,Kalmar,,18,53,31,233,316,153,142,164,311,71
2005-04-01,1528,Kalmar,119700.0,37,46,66,289,219,209,500,164,307,32
2005-07-01,856,Kalmar,117200.0,8,43,47,140,154,152,138,133,194,23
2005-10-01,118,Kalmar,110300.0,10,49,50,133,129,173,236,169,302,27
2006-01-01,1504,Kalmar,113700.0,32,69,62,314,208,241,183,206,416,83
2006-04-01,1766,Kalmar,118600.0,25,104,82,290,239,258,491,170,334,55
2006-07-01,180,Kalmar,119800.0,22,68,55,191,186,204,132,132,239,42
2006-10-01,1294,Kalmar,113000.0,33,100,68,194,207,154,254,178,316,39
2007-01-01,1946,Kalmar,114900.0,53,144,122,449,319,290,148,287,549,53
2007-04-01,1999,Kalmar,120600.0,49,111,121,367,351,259,500,198,339,45
2007-07-01,1374,Kalmar,122100.0,36,133,128,266,285,240,138,192,204,43
2007-10-01,1587,Kalmar,118600.0,48,172,141,251,246,244,273,231,261,49
2008-01-01,2235,Kalmar,119500.0,39,153,134,573,311,342,182,263,506,156
2008-04-01,1790,Kalmar,124200.0,39,86,99,325,222,215,494,177,292,119
2008-07-01,1108,Kalmar,122500.0,54,94,61,180,137,197,143,165,214,65
2008-10-01,1106,Kalmar,117500.0,28,85,51,136,96,192,265,172,234,75
2009-01-01,1259,Kalmar,118500.0,23,40,50,290,120,228,146,166,320,133
2009-04-01,1215,Kalmar,118900.0,9,57,48,242,97,227,356,102,206,74
2009-07-01,767,Kalmar,119500.0,20,44,49,132,61,189,105,85,150,58
2009-10-01,12,Kalmar,113300.0,17,83,87,115,75,247,191,124,223,56
2010-01-01,1443,Kalmar,114900.0,29,65,78,297,106,352,110,178,348,147
2010-04-01,1503,Kalmar,117300.0,32,81,90,270,137,241,349,196,261,154
2010-07-01,981,Kalmar,120100.0,26,58,89,157,113,201,161,156,207,52
2010-10-01,1290,Kalmar,113900.0,31,95,96,155,125,221,273,166,320,108
2011-01-01,2106,Kalmar,111600.0,45,144,162,479,240,387,196,321,481,207
2011-04-01,277,Kalmar,116700.0,47,113,123,406,196,417,475,284,355,115
2011-07-01,1367,Kalmar,118800.0,46,100,105,237,139,356,203,168,238,59
2011-10-01,1603,Kalmar,113700.0,46,127,91,195,108,325,273,215,390,89
2012-01-01,1807,Kalmar,111900.0,50,108,66,406,164,379,190,207,362,120
2012-04-01,1865,Kalmar,120400.0,52,89,63,367,113,276,561,190,281,98
2012-07-01,1287,Kalmar,118500.0,28,77,75,257,98,299,217,142,249,88
2012-10-01,1471,Kalmar,113700.0,48,86,80,231,105,337,302,146,326,74
2013-01-01,1707,Kalmar,114000.0,37,84,44,457,100,356,200,194,386,133
2013-04-01,1847,Kalmar,118900.0,23,79,56,436,149,342,517,154,281,107
2013-07-01,1380,Kalmar,117800.0,38,65,44,275,110,356,176,150,285,127
2013-10-01,1512,Kalmar,113600.0,39,90,49,189,110,208,314,186,373,145
2014-01-01,1852,Kalmar,113300.0,48,88,54,401,132,329,243,224,468,161
2014-04-01,2151,Kalmar,117200.0,28,85,50,352,153,333,631,178,407,138
2014-07-01,1577,Kalmar,122300.0,26,84,38,262,123,379,251,145,348,139
2014-10-01,2132,Kalmar,113800.0,60,122,59,256,104,430,450,231,497,213
2015-01-01,2548,Kalmar,119700.0,72,139,66,527,204,504,341,256,594,197
2015-04-01,2865,Kalmar,123200.0,45,134,82,423,221,540,770,223,471,200
2015-07-01,1295,Kalmar,119900.0,21,48,30,109,110,400,204,103,234,138
2015-10-01,1662,Kalmar,120500.0,63,68,58,130,89,348,364,172,458,111
2016-01-01,1748,Kalmar,121100.0,68,73,56,155,149,287,338,216,468,119
2016-04-01,1988,Kalmar,122900.0,49,67,47,208,207,242,579,202,455,111
2016-07-01,1457,Kalmar,122400.0,56,61,29,150,157,293,259,188,333,90
2016-10-01,277,Kalmar,121800.0,113,102,75,169,266,353,397,265,506,121
2017-01-01,2281,Kalmar,122100.0,71,121,52,312,365,378,344,283,499,156
2017-04-01,288,Kalmar,128300.0,61,110,73,240,247,325,516,227,419,107
2017-07-01,1425,Kalmar,126600.0,49,99,60,149,171,237,243,169,359,80
2017-10-01,1699,Kalmar,126500.0,86,138,78,155,171,232,306,188,460,118
2018-01-01,1997,Kalmar,123100.0,97,129,70,316,188,330,303,243,479,123
2018-04-01,4985,Kalmar,126500.0,316,236,205,514,1057,879,710,556,683,356
2018-07-01,3637,Kalmar,124200.0,260,191,147,406,709,679,365,439,590,274
2018-10-01,3845,Kalmar,124300.0,281,213,152,434,556,576,548,466,825,250
2019-01-01,3338,Kalmar,125100.0,109,148,82,618,374,407,539,392,927,154
2019-04-01,2998,Kalmar,123000.0,81,118,108,442,362,304,722,305,773,129
2019-07-01,1497,Kalmar,120100.0,56,79,41,228,185,234,227,168,376,71
2004-01-01,1230,Kronoberg,,40,79,62,194,385,165,121,223,310,21
2004-04-01,1204,Kronoberg,,29,87,109,200,264,140,339,171,169,30
2004-07-01,795,Kronoberg,,15,57,109,120,315,104,72,125,133,20
2004-10-01,962,Kronoberg,,44,62,108,93,292,134,159,170,187,9
2005-01-01,1194,Kronoberg,,50,62,82,146,368,138,108,247,272,44
2005-04-01,1273,Kronoberg,96300.0,68,71,66,132,378,139,292,171,205,23
2005-07-01,782,Kronoberg,96800.0,38,40,41,115,229,119,93,138,130,32
2005-10-01,962,Kronoberg,96400.0,50,61,56,148,201,156,122,192,175,50
2006-01-01,1239,Kronoberg,97200.0,69,85,53,170,254,211,135,159,275,58
2006-04-01,1294,Kronoberg,100500.0,63,90,67,170,214,226,298,138,184,68
2006-07-01,141,Kronoberg,100100.0,57,77,52,153,239,159,135,161,149,40
2006-10-01,1391,Kronoberg,99200.0,97,146,79,168,307,213,177,220,221,59
2007-01-01,1765,Kronoberg,99500.0,115,166,113,251,346,304,125,299,415,51
2007-04-01,1769,Kronoberg,99300.0,91,119,87,266,390,255,353,232,263,81
2007-07-01,1343,Kronoberg,98400.0,66,104,107,213,327,223,144,188,206,33
2007-10-01,1399,Kronoberg,97200.0,143,110,115,168,242,240,188,205,200,67
2008-01-01,1836,Kronoberg,97000.0,127,127,114,272,305,316,165,267,366,169
2008-04-01,1505,Kronoberg,97800.0,78,73,97,219,216,217,357,167,197,150
2008-07-01,1152,Kronoberg,98100.0,106,75,75,151,134,168,145,189,165,141
2008-10-01,949,Kronoberg,95400.0,65,62,80,114,67,196,224,150,154,69
2009-01-01,976,Kronoberg,96600.0,94,42,58,127,69,184,104,136,269,114
2009-04-01,833,Kronoberg,99700.0,35,32,45,105,54,181,223,84,147,61
2009-07-01,595,Kronoberg,95800.0,52,32,26,92,40,148,82,70,93,59
2009-10-01,770,Kronoberg,94900.0,39,37,68,92,54,193,144,112,142,55
2010-01-01,1136,Kronoberg,95500.0,52,80,97,162,87,282,105,168,281,113
2010-04-01,1237,Kronoberg,97400.0,59,78,109,142,116,198,305,179,213,138
2010-07-01,962,Kronoberg,98500.0,88,60,90,133,110,167,129,180,161,74
2010-10-01,1185,Kronoberg,94400.0,100,119,120,151,113,197,193,171,215,97
2011-01-01,1955,Kronoberg,96700.0,149,143,250,252,187,357,202,397,458,226
2011-04-01,1886,Kronoberg,101100.0,143,151,153,231,251,311,360,246,290,177
2011-07-01,1407,Kronoberg,99700.0,112,131,103,199,178,268,215,189,180,110
2011-10-01,1570,Kronoberg,96400.0,142,145,115,169,183,262,231,201,248,114
2012-01-01,1662,Kronoberg,96200.0,124,106,83,194,229,311,183,201,339,135
2012-04-01,1572,Kronoberg,98600.0,91,112,100,194,218,247,330,180,255,98
2012-07-01,1271,Kronoberg,102200.0,56,70,91,206,152,231,212,146,203,89
2012-10-01,1373,Kronoberg,97900.0,93,47,76,210,105,273,270,169,259,98
2013-01-01,1456,Kronoberg,97600.0,56,88,55,216,144,303,184,160,346,126
2013-04-01,1600,Kronoberg,98500.0,60,68,61,228,200,368,336,173,235,108
2013-07-01,1398,Kronoberg,100000.0,74,61,41,203,170,421,189,119,189,110
2013-10-01,1230,Kronoberg,98700.0,81,74,51,139,129,186,236,160,241,96
2014-01-01,1452,Kronoberg,100400.0,75,94,53,186,151,235,175,174,373,129
2014-04-01,1814,Kronoberg,103200.0,81,74,67,208,231,277,447,195,347,131
2014-07-01,1490,Kronoberg,102200.0,75,85,70,205,154,278,249,148,285,131
2014-10-01,1967,Kronoberg,102000.0,107,99,66,226,145,308,372,265,484,186
2015-01-01,2146,Kronoberg,101900.0,110,97,76,303,226,380,286,286,533,204
2015-04-01,2368,Kronoberg,103500.0,138,107,65,194,304,398,460,231,439,253
2015-07-01,1421,Kronoberg,101300.0,88,72,57,97,182,356,162,145,217,188
2015-10-01,1695,Kronoberg,101000.0,190,88,67,109,184,295,249,224,291,177
2016-01-01,1867,Kronoberg,100000.0,170,105,56,131,349,314,198,253,305,171
2016-04-01,338,Kronoberg,100500.0,187,119,65,194,448,350,915,310,882,199
2016-07-01,2757,Kronoberg,99600.0,202,106,77,207,569,393,536,295,774,151
2016-10-01,3554,Kronoberg,102000.0,264,175,102,261,727,492,688,371,804,195
2017-01-01,3547,Kronoberg,99600.0,251,185,116,341,750,485,584,396,744,208
2017-04-01,3406,Kronoberg,101400.0,234,152,74,272,553,400,1092,301,607,137
2017-07-01,296,Kronoberg,101400.0,223,142,70,157,436,308,334,237,291,147
2017-10-01,262,Kronoberg,99800.0,211,136,84,196,406,361,311,257,312,127
2018-01-01,2173,Kronoberg,100800.0,249,155,99,216,367,405,298,276,357,120
2018-04-01,5354,Kronoberg,105200.0,441,281,233,432,1425,952,695,606,526,382
2018-07-01,4153,Kronoberg,103800.0,368,242,150,487,970,727,332,491,578,305
2018-10-01,4239,Kronoberg,104800.0,369,253,158,486,827,709,445,493,672,308
2019-01-01,3299,Kronoberg,110500.0,219,156,103,456,581,470,434,355,729,194
2019-04-01,3265,Kronoberg,110000.0,277,162,102,370,604,438,578,305,564,192
2019-07-01,1793,Kronoberg,109900.0,129,89,51,248,380,280,175,206,338,113
2004-01-01,164,Norrbotten,,24,31,48,209,122,140,147,197,384,18
2004-04-01,1313,Norrbotten,,12,41,54,244,84,105,559,157,284,32
2004-07-01,814,Norrbotten,,17,43,51,242,89,106,146,137,153,21
2004-10-01,864,Norrbotten,,18,41,51,145,91,79,265,143,225,16
2005-01-01,928,Norrbotten,,26,30,56,194,130,144,135,149,268,43
2005-04-01,1366,Norrbotten,129100.0,18,37,62,279,142,161,488,175,259,49
2005-07-01,823,Norrbotten,125300.0,19,30,47,210,100,124,160,120,155,31
2005-10-01,1166,Norrbotten,125100.0,22,75,80,176,156,148,314,174,241,64
2006-01-01,1245,Norrbotten,127500.0,44,79,59,224,162,204,148,226,368,77
2006-04-01,1482,Norrbotten,132100.0,27,62,71,238,195,197,467,181,294,73
2006-07-01,1102,Norrbotten,133299.99999999994,22,62,45,285,135,162,199,139,193,53
2006-10-01,1245,Norrbotten,129800.0,34,79,79,215,161,218,235,172,248,59
2007-01-01,1459,Norrbotten,126600.0,54,127,87,275,259,225,121,245,387,62
2007-04-01,1661,Norrbotten,134800.0,68,131,98,248,273,174,397,227,341,63
2007-07-01,1176,Norrbotten,130500.0,31,107,73,294,177,167,171,161,222,21
2007-10-01,1428,Norrbotten,126900.0,64,134,109,246,205,236,202,252,259,53
2008-01-01,1839,Norrbotten,125000.0,97,174,125,311,238,230,164,260,502,183
2008-04-01,1620,Norrbotten,129800.0,57,91,101,270,191,174,467,208,270,142
2008-07-01,1180,Norrbotten,130300.0,42,95,76,244,190,153,171,190,189,96
2008-10-01,988,Norrbotten,123200.0,41,70,73,159,75,159,180,159,202,76
2009-01-01,1116,Norrbotten,122400.0,38,72,81,163,103,190,130,187,306,117
2009-04-01,164,Norrbotten,127900.0,16,42,55,159,63,192,311,126,197,75
2009-07-01,769,Norrbotten,125400.0,14,44,49,207,46,148,133,98,120,57
2009-10-01,994,Norrbotten,122000.0,27,54,93,166,72,189,213,123,180,89
2010-01-01,1289,Norrbotten,119800.0,38,84,83,205,102,259,166,194,301,144
2010-04-01,1463,Norrbotten,127300.0,33,105,119,206,119,235,383,200,269,126
2010-07-01,198,Norrbotten,126000.0,40,84,95,205,108,196,196,146,182,98
2010-10-01,1438,Norrbotten,122000.0,61,107,146,187,163,201,246,222,286,118
2011-01-01,1971,Norrbotten,124800.0,91,138,151,284,215,316,215,323,441,259
2011-04-01,266,Norrbotten,130800.0,70,117,165,293,243,263,521,298,324,198
2011-07-01,1576,Norrbotten,129100.0,40,99,97,329,160,243,277,225,250,129
2011-10-01,1974,Norrbotten,126500.0,67,158,115,347,224,289,360,253,311,154
2012-01-01,2208,Norrbotten,124200.0,83,140,105,401,287,316,297,274,446,225
2012-04-01,2357,Norrbotten,128700.0,85,169,116,388,316,279,526,244,402,162
2012-07-01,1951,Norrbotten,126200.0,60,120,145,410,230,201,316,260,356,135
2012-10-01,2133,Norrbotten,123200.0,96,143,105,300,194,263,393,307,425,230
2013-01-01,2360,Norrbotten,124500.0,96,177,113,377,286,281,220,296,620,231
2013-04-01,2445,Norrbotten,127300.0,62,121,98,449,317,286,543,281,435,228
2013-07-01,1929,Norrbotten,129600.0,40,102,66,409,259,264,280,219,362,201
2013-10-01,1891,Norrbotten,123600.0,92,124,75,243,225,234,340,254,369,186
2014-01-01,2272,Norrbotten,122500.0,77,163,99,331,277,261,284,330,595,231
2014-04-01,2419,Norrbotten,127800.0,103,117,99,393,261,253,619,261,459,192
2014-07-01,1979,Norrbotten,129800.0,65,108,82,327,211,259,289,237,480,189
2014-10-01,2222,Norrbotten,125200.0,92,158,92,292,213,233,399,312,536,220
2015-01-01,2550,Norrbotten,123100.0,92,144,78,389,256,296,282,318,771,295
2015-04-01,2914,Norrbotten,127700.0,98,167,91,293,203,455,752,272,536,327
2015-07-01,1282,Norrbotten,129300.0,58,51,42,160,97,268,210,132,207,197
2015-10-01,1399,Norrbotten,127000.0,113,75,68,161,87,221,191,226,250,179
2016-01-01,1683,Norrbotten,131800.0,113,92,51,228,134,275,231,262,394,137
2016-04-01,2494,Norrbotten,133300.0,105,109,92,321,238,338,608,291,444,254
2016-07-01,1914,Norrbotten,131200.00000000006,120,117,66,311,193,280,283,257,410,126
2016-10-01,2207,Norrbotten,129300.0,143,156,77,291,144,281,394,343,480,192
2017-01-01,2627,Norrbotten,129400.0,138,164,96,499,239,421,269,366,629,213
2017-04-01,2464,Norrbotten,130000.0,134,124,65,359,223,321,612,254,550,177
2017-07-01,1521,Norrbotten,127900.0,94,86,53,250,129,201,272,189,346,114
2017-10-01,1628,Norrbotten,127800.0,131,141,78,170,126,214,329,194,370,145
2018-01-01,1970,Norrbotten,130300.0,156,137,90,256,190,280,266,221,538,185
2018-04-01,5552,Norrbotten,131400.0,439,280,235,625,1101,1000,758,572,684,539
2018-07-01,4328,Norrbotten,126200.0,334,255,168,636,750,724,423,487,714,385
2018-10-01,4669,Norrbotten,120900.0,413,266,194,637,613,687,627,501,940,413
2019-01-01,4476,Norrbotten,116400.0,250,264,137,954,476,605,542,481,1080,318
2019-04-01,4229,Norrbotten,121100.0,226,258,170,716,497,434,787,431,1002,268
2019-07-01,2165,Norrbotten,124400.0,104,132,99,498,233,301,285,247,474,130
2004-01-01,6129,Skåne,,189,261,254,1043,722,1055,842,1237,1855,274
2004-04-01,6194,Skåne,,143,220,276,962,663,903,1739,951,1316,227
2004-07-01,4170,Skåne,,132,163,203,721,506,796,842,672,833,144
2004-10-01,5165,Skåne,,235,257,251,747,513,852,1211,732,1209,144
2005-01-01,8664,Skåne,,363,351,289,1007,797,1079,729,1033,4166,240
2005-04-01,10952,Skåne,599800.0,433,356,370,1026,790,1113,2453,1031,4608,242
2005-07-01,5687,Skåne,604100.0,383,232,303,900,654,1053,1154,803,1033,209
2005-10-01,6846,Skåne,588500.0,557,369,372,849,729,1350,1507,1103,1272,271
2006-01-01,7957,Skåne,588700.0,621,399,438,1104,860,1640,1000,1202,1905,450
2006-04-01,9290,Skåne,608100.0,746,490,475,1377,1109,1622,2092,1097,1402,409
2006-07-01,7996,Skåne,616400.0,709,448,397,1341,1093,1513,1280,967,1241,320
2006-10-01,8988,Skåne,599500.0,783,624,557,1306,1168,1536,1549,1401,1473,365
2007-01-01,11181,Skåne,603500.0,1043,885,922,1801,1564,2147,1024,1832,2247,397
2007-04-01,11985,Skåne,624100.0,955,821,945,1887,1709,1962,2282,1814,1577,393
2007-07-01,9900,Skåne,625000.0,927,714,810,1685,1453,1913,1122,1522,1277,365
2007-10-01,11864,Skåne,613600.0,1261,991,993,1673,1418,2397,1526,1926,1499,481
2008-01-01,14917,Skåne,623200.0,1378,1006,1020,2569,1925,2266,1533,2137,2789,1065
2008-04-01,11348,Skåne,650900.0,1227,618,896,1451,1275,1680,2158,1485,1594,906
2008-07-01,8887,Skåne,643000.0,824,527,784,1336,939,1622,1087,1406,1301,620
2008-10-01,7829,Skåne,630800.0000000001,797,518,655,846,622,1435,1411,1224,1320,541
2009-01-01,7795,Skåne,628100.0,584,348,568,1085,545,1471,991,1172,1917,815
2009-04-01,6968,Skåne,643599.9999999999,371,294,399,995,486,1312,1484,864,1193,621
2009-07-01,5579,Skåne,639600.0,297,205,376,942,456,1221,826,752,1045,413
2009-10-01,6602,Skåne,630000.0,387,306,592,708,460,1556,1227,974,1261,426
2010-01-01,8361,Skåne,637100.0,536,467,743,1135,682,1924,977,1169,1771,914
2010-04-01,9665,Skåne,647199.9999999999,589,569,699,1069,782,1599,2367,1335,1661,1009
2010-07-01,7610,Skåne,658900.0,550,488,657,1000,706,1492,1278,1037,1297,558
2010-10-01,9266,Skåne,642800.0,832,630,857,929,724,1719,1669,1493,1633,749
2011-01-01,1392,Skåne,649000.0,1006,749,1065,1471,1159,2500,1418,2413,2741,1473
2011-04-01,13252,Skåne,661600.0,1109,799,1011,1445,1113,2285,2541,2352,2025,1186
2011-07-01,10632,Skåne,656700.0,861,685,880,1319,991,2248,1636,1687,1406,796
2011-10-01,11652,Skåne,643600.0,1235,868,710,1181,906,2272,2035,1690,1585,803
2012-01-01,11784,Skåne,639500.0,1050,821,602,1472,1034,2241,1435,1709,2242,842
2012-04-01,11862,Skåne,658500.0,1024,701,489,1446,939,2015,2685,1340,1918,778
2012-07-01,9182,Skåne,665199.9999999999,722,526,460,1387,734,1732,1544,1076,1459,722
2012-10-01,9520,Skåne,661199.9999999999,872,540,432,1147,664,1823,1835,1161,1613,699
2013-01-01,10182,Skåne,664599.9999999999,933,561,362,1545,735,1995,1286,1161,2093,870
2013-04-01,11675,Skåne,679300.0000000001,1152,482,458,1569,785,2260,2631,1213,1763,881
2013-07-01,921,Skåne,675699.9999999999,892,380,375,1336,612,1871,1490,1098,1476,730
2013-10-01,9449,Skåne,662000.0,835,486,407,929,599,1662,1794,1315,1731,815
2014-01-01,11336,Skåne,661500.0,947,554,463,1459,708,2258,1398,1413,2585,999
2014-04-01,13465,Skåne,686699.9999999999,991,616,529,1613,840,2310,3380,1396,2555,890
2014-07-01,11533,Skåne,685199.9999999999,844,484,410,1512,788,2660,1847,1321,2255,823
2014-10-01,13277,Skåne,665900.0000000001,1071,642,493,1401,832,2755,2187,1787,2713,1206
2015-01-01,15651,Skåne,677500.0,1179,782,587,2005,1218,3048,2024,1880,3682,1362
2015-04-01,17301,Skåne,697600.0,1136,770,651,1558,1353,3100,3849,1839,3027,1694
2015-07-01,9565,Skåne,693800.0000000001,814,397,421,799,682,1997,1523,1224,1459,1208
2015-10-01,10711,Skåne,678800.0,1329,569,502,753,791,1958,1732,1623,1408,1260
2016-01-01,11198,Skåne,676400.0000000001,1325,548,456,889,1030,2216,1646,1651,1820,963
2016-04-01,14893,Skåne,696099.9999999999,1395,658,531,1214,1631,2609,3009,2120,2423,965
2016-07-01,12655,Skåne,687600.0,1223,583,439,1282,1374,2338,1832,1803,2305,835
2016-10-01,14350,Skåne,682300.0,1610,780,633,1195,1434,2550,2326,2171,2368,980
2017-01-01,15988,Skåne,688200.0,1792,801,571,1733,1614,2628,2055,2430,3225,1039
2017-04-01,14927,Skåne,705700.0,1503,791,508,1525,1535,2305,3040,1829,2805,731
2017-07-01,10991,Skåne,710900.0,1307,542,434,1196,1180,1906,1730,1506,1978,663
2017-10-01,11575,Skåne,697400.0000000001,1527,645,498,1205,1117,2268,1931,1749,1527,754
2018-01-01,12556,Skåne,694900.0,1671,733,577,1463,1325,2424,1628,1754,1792,910
2018-04-01,2098,Skåne,715900.0,2101,1008,781,2298,2775,3156,3533,2375,3126,1275
2018-07-01,17445,Skåne,720500.0,1774,885,661,2219,2271,2610,2209,2127,3502,1175
2018-10-01,20718,Skåne,705300.0000000001,2355,948,834,2385,2076,3150,3181,2599,4333,1378
2019-01-01,21441,Skåne,691900.0000000001,2310,991,765,2851,2165,3248,2778,2581,5071,1393
2019-04-01,21460,Skåne,716000.0,2161,864,718,2630,2121,2856,4280,2348,4470,1304
2019-07-01,12884,Skåne,720000.0,1324,533,404,1993,1336,1924,1676,1419,2896,852
2004-01-01,13322,Stockholm,,560,575,679,3066,1257,2589,1857,2547,2676,519
2004-04-01,14188,Stockholm,,495,459,778,2575,1374,2247,4037,2299,2376,578
2004-07-01,12101,Stockholm,,592,451,718,2842,1090,2211,2055,2142,2127,421
2004-10-01,1398,Stockholm,,915,559,832,2383,1099,2659,2463,2364,2226,414
2005-01-01,14355,Stockholm,,1152,503,799,2837,1241,3137,1570,2966,2723,480
2005-04-01,17876,Stockholm,1046100.0,1261,530,928,2959,1454,3236,4028,3255,3040,701
2005-07-01,14966,Stockholm,1045600.0,1017,313,733,3449,1126,3354,1897,2902,2688,552
2005-10-01,17296,Stockholm,1042500.0,1625,474,1197,3201,1303,3558,2723,3377,2927,680
2006-01-01,20535,Stockholm,1036000.0,1938,631,1218,3735,1707,4842,2207,3778,3673,857
2006-04-01,23208,Stockholm,1051700.0,2049,957,1236,3595,2141,4537,4027,3970,3680,1051
2006-07-01,19854,Stockholm,1067100.0,1801,824,1106,3990,1923,4049,2492,3460,3027,801
2006-10-01,22212,Stockholm,1057300.0,2173,829,1395,3894,1858,4578,2799,4403,3329,1010
2007-01-01,2719,Stockholm,1054800.0,3094,1202,2256,4827,2280,6291,2147,5637,4308,799
2007-04-01,29475,Stockholm,1069800.0,2969,1241,2450,4602,2613,5774,4051,6580,3845,1044
2007-07-01,25470,Stockholm,1083000.0,2703,1013,2066,4871,2099,5561,2360,5554,3079,870
2007-10-01,31503,Stockholm,1079500.0,4402,1385,2684,4771,2437,7034,2906,7015,3368,1275
2008-01-01,33106,Stockholm,1080700.0,4181,1302,2493,5802,2782,6341,3043,6038,4763,2346
2008-04-01,28819,Stockholm,1098699.9999999998,3377,1017,2115,4596,2106,4852,4907,5222,3572,2232
2008-07-01,24479,Stockholm,1109899.9999999998,2806,840,1783,4430,1825,4370,2852,4909,2990,1799
2008-10-01,20208,Stockholm,1119900.0,2417,715,1588,3001,1207,3772,2952,4075,2795,1404
2009-01-01,20139,Stockholm,1110399.9999999998,2498,706,1419,3065,1377,4104,2151,3912,3235,1622
2009-04-01,18164,Stockholm,1132900.0,1524,497,1131,2779,1285,3293,3489,2839,2789,1379
2009-07-01,14426,Stockholm,1135200.0,1127,378,941,2797,1070,2960,1961,2295,2335,911
2009-10-01,18372,Stockholm,1135200.0,2482,572,1594,2639,1171,4099,2429,3224,2466,1137
2010-01-01,23793,Stockholm,1130700.0,3277,854,2205,3655,1485,5269,2048,4285,3707,1964
2010-04-01,27554,Stockholm,1153100.0000000002,3514,920,2366,3543,1960,5028,4473,4857,3347,2876
2010-07-01,24914,Stockholm,1152500.0,3133,976,2164,4197,1793,4984,3039,4184,3002,2041
2010-10-01,28235,Stockholm,1142300.0,4116,1222,2685,3843,2055,5310,3581,5155,3543,2410
2011-01-01,39918,Stockholm,1154900.0,5386,1660,3676,5554,3034,7233,3561,8754,5300,3721
2011-04-01,42429,Stockholm,1178500.0,5300,1732,3608,4899,3306,6908,6228,9674,4428,3831
2011-07-01,32946,Stockholm,1171400.0,4395,1430,2949,5032,2666,6078,3707,6407,3668,2495
2011-10-01,36886,Stockholm,1165500.0,5641,1620,2135,4740,2410,6727,4540,6701,4155,2712
2012-01-01,37955,Stockholm,1167500.0,5062,1641,1980,5328,2526,6744,3524,6854,4966,3805
2012-04-01,35892,Stockholm,1192800.0000000002,4286,1397,1650,4714,2540,5655,5957,5573,4480,3566
2012-07-01,29366,Stockholm,1195500.0,3194,969,1367,4955,2007,5097,3634,4482,3695,3261
2012-10-01,31889,Stockholm,1192399.9999999998,4210,1218,1548,3925,1857,5791,3977,5502,4056,3641
2013-01-01,33317,Stockholm,1200000.0,3961,1335,1473,4811,2250,5797,3360,5143,5285,3920
2013-04-01,34796,Stockholm,1228000.0,4385,1185,1683,4740,2434,5973,5487,5352,4383,3318
2013-07-01,29792,Stockholm,1219600.0,3198,941,1385,4787,2093,5420,3411,4593,3913,3467
2013-10-01,32296,Stockholm,1218700.0,3720,1182,1653,4084,1952,5597,4045,5566,4502,3918
2014-01-01,37285,Stockholm,1221900.0,4218,1245,1884,5118,2314,6948,3280,5843,6156,4693
2014-04-01,408,Stockholm,1247399.9999999998,3989,1291,1880,4911,2412,7261,6350,5932,5727,4776
2014-07-01,35861,Stockholm,1243399.9999999998,3632,1249,1666,5473,2404,7260,3643,5185,5092,4288
2014-10-01,41676,Stockholm,1244900.0,4646,1552,2143,5089,2617,7966,4793,6609,6117,5179
2015-01-01,46633,Stockholm,1252400.0,5256,1772,2259,6174,3154,8974,4335,7375,7300,5529
2015-04-01,48815,Stockholm,1267399.9999999998,5031,1794,2452,4685,3225,9220,6867,7792,5949,6759
2015-07-01,31753,Stockholm,1270000.0,3973,1141,1690,3004,1888,6390,2805,5072,3221,5795
2015-10-01,43474,Stockholm,1263300.0,8051,1788,2683,3170,2080,7943,3837,7781,4804,6171
2016-01-01,44844,Stockholm,1262300.0,8381,1827,2239,3316,2326,8640,3638,8173,6601,5130
2016-04-01,53126,Stockholm,1286000.0,8285,1904,2295,5005,3392,9797,7512,8780,7686,4763
2016-07-01,47113,Stockholm,1287200.0,7445,1578,1932,6015,3461,8693,5163,8373,7048,3370
2016-10-01,52574,Stockholm,1284200.0,9089,2068,2722,5424,3309,9263,6007,10129,8157,3625
2017-01-01,5778,Stockholm,1294200.0,10445,1962,2480,6928,3544,10287,5865,9856,9550,3509
2017-04-01,5387,Stockholm,1321200.0,10452,1712,2437,6321,3051,8543,8498,8439,8151,2324
2017-07-01,37352,Stockholm,1316800.0,6639,1479,1761,5389,2304,6658,4904,5973,5495,1741
2017-10-01,423,Stockholm,1309600.0000000002,8633,1677,2198,4865,1995,8183,5230,7709,5323,2300
2018-01-01,44939,Stockholm,1315100.0000000002,8803,1866,2391,5448,2610,9018,4726,8098,5950,2726
2018-04-01,67267,Stockholm,1340200.0,16194,2224,2960,7738,5068,12333,8751,10662,7687,3397
2018-07-01,56700,Stockholm,1325399.9999999998,11628,1785,2598,8675,4232,10777,5824,8668,7076,3158
2018-10-01,61642,Stockholm,1328300.0,13234,2027,2694,8294,4025,11476,7634,8974,7856,3616
2019-01-01,59338,Stockholm,1342300.0000000002,9214,1907,2552,8708,4327,11669,6088,9150,9478,3553
2019-04-01,57200,Stockholm,1362000.0,8741,1797,2377,7358,3830,10944,8464,8587,8935,3293
2019-07-01,34467,Stockholm,1366500.0,4688,1008,1542,6087,2385,6937,3660,5136,5409,1905
2004-01-01,1124,Södermanland,,15,45,39,221,166,145,193,197,307,35
2004-04-01,1457,Södermanland,,12,44,65,261,152,195,535,172,245,37
2004-07-01,821,Södermanland,,13,36,45,196,109,122,143,128,195,20
2004-10-01,1189,Södermanland,,20,49,40,299,115,244,269,161,259,18
2005-01-01,1200,Södermanland,,17,48,63,256,118,213,133,225,384,45
2005-04-01,1786,Södermanland,129000.0,24,41,65,202,149,157,844,238,335,49
2005-07-01,892,Södermanland,132300.0,16,39,43,150,119,168,188,129,210,19
2005-10-01,1341,Södermanland,131200.0,59,61,67,152,132,186,410,250,294,46
2006-01-01,1545,Södermanland,130700.0,39,71,66,239,181,329,179,276,471,98
2006-04-01,1864,Södermanland,136400.0,33,81,76,267,215,328,580,199,308,93
2006-07-01,1256,Södermanland,137100.0,19,59,45,232,200,240,188,184,253,50
2006-10-01,1659,Södermanland,132500.0,49,107,100,210,242,230,354,260,385,73
2007-01-01,1862,Södermanland,133600.0,64,132,141,356,320,293,194,311,463,86
2007-04-01,2288,Södermanland,133600.0,55,159,123,313,339,285,676,280,399,60
2007-07-01,1557,Södermanland,134900.0,36,130,90,271,295,308,149,233,291,52
2007-10-01,1841,Södermanland,130000.0,51,142,104,234,288,380,304,276,350,62
2008-01-01,2312,Södermanland,133500.0,54,145,166,437,318,337,230,346,585,202
2008-04-01,1810,Södermanland,133500.0,48,125,108,302,202,211,474,214,298,158
2008-07-01,1438,Södermanland,137300.0,59,112,78,281,194,223,210,211,215,108
2008-10-01,1268,Södermanland,133800.0,49,63,84,157,122,184,284,219,240,99
2009-01-01,1306,Södermanland,132800.0,44,39,79,195,126,259,167,214,321,119
2009-04-01,1361,Södermanland,140300.0,14,31,52,194,84,254,427,133,259,87
2009-07-01,839,Södermanland,139200.0,10,33,36,162,70,226,138,103,149,56
2009-10-01,1210,Södermanland,136400.0,27,48,108,145,68,317,244,157,282,72
2010-01-01,1702,Södermanland,134200.0,42,81,129,259,112,392,177,272,515,177
2010-04-01,1913,Södermanland,138000.0,69,112,134,226,148,311,507,297,424,159
2010-07-01,1395,Södermanland,140700.00000000006,79,115,122,228,117,297,212,179,251,85
2010-10-01,1673,Södermanland,133700.0,98,157,176,173,173,229,329,278,390,91
2011-01-01,2494,Södermanland,135900.0,97,182,225,466,239,482,247,422,590,268
2011-04-01,2375,Södermanland,138000.0,108,201,193,353,257,389,570,344,398,141
2011-07-01,1810,Södermanland,137600.0,101,154,141,283,211,355,255,267,293,113
2011-10-01,238,Södermanland,134400.0,68,149,96,244,219,374,428,277,379,105
2012-01-01,2102,Södermanland,136400.0,93,132,96,374,212,411,213,311,496,133
2012-04-01,2251,Södermanland,142799.99999999994,66,104,78,315,186,344,705,213,369,121
2012-07-01,1629,Södermanland,139300.0,79,93,96,289,146,275,273,203,320,118
2012-10-01,1884,Södermanland,136900.0,102,112,106,220,113,391,387,269,372,98
2013-01-01,233,Södermanland,134600.0,48,108,79,358,169,356,271,298,515,165
2013-04-01,2381,Södermanland,140900.0,97,123,85,373,214,398,549,296,450,154
2013-07-01,1836,Södermanland,140600.00000000006,69,75,72,295,164,347,333,203,354,173
2013-10-01,1843,Södermanland,139000.0,84,126,88,215,132,287,331,278,463,143
2014-01-01,29,Södermanland,141100.0,63,127,56,317,157,315,315,270,575,127
2014-04-01,2158,Södermanland,142500.0,60,77,90,282,154,289,541,275,538,152
2014-07-01,1864,Södermanland,144200.0,56,94,53,268,158,285,348,228,507,144
2014-10-01,2247,Södermanland,142000.0,53,122,95,282,165,306,431,311,639,179
2015-01-01,2734,Södermanland,141700.0,74,114,96,399,290,403,333,405,772,235
2015-04-01,3101,Södermanland,140300.0,110,175,79,272,252,496,695,371,644,308
2015-07-01,1413,Södermanland,139100.0,45,79,36,119,137,289,257,206,242,162
2015-10-01,212,Södermanland,139500.0,72,108,116,131,154,307,420,402,439,160
2016-01-01,297,Södermanland,141000.0,83,127,103,188,195,341,314,375,550,167
2016-04-01,319,Södermanland,145600.0,118,111,106,210,276,378,896,472,717,145
2016-07-01,2472,Södermanland,143900.0,70,147,78,200,288,430,421,419,614,139
2016-10-01,2925,Södermanland,143700.0,105,178,127,231,309,391,616,483,748,172
2017-01-01,3210,Södermanland,142799.99999999994,165,195,96,381,378,439,468,486,948,172
2017-04-01,3130,Södermanland,149400.0,198,204,133,286,278,359,802,431,759,151
2017-07-01,2214,Södermanland,152900.0,170,225,85,221,250,321,379,327,542,104
2017-10-01,365,Södermanland,148500.0,232,431,211,243,233,517,540,418,747,121
2018-01-01,2779,Södermanland,149400.0,217,312,155,323,311,431,361,420,650,154
2018-04-01,5618,Södermanland,150200.00000000006,345,313,228,596,1233,953,832,632,745,407
2018-07-01,4368,Södermanland,152000.0,259,243,144,534,907,671,493,542,790,325
2018-10-01,4743,Södermanland,143800.0,278,234,192,544,712,707,646,764,1158,373
2019-01-01,3915,Södermanland,140700.0,164,221,124,623,494,515,522,520,1103,210
2019-04-01,3582,Södermanland,144700.0,110,138,99,465,408,492,772,418,957,163
2019-07-01,1958,Södermanland,148299.99999999994,65,68,64,309,219,349,306,219,528,112
2004-01-01,1499,Uppsala,,45,68,69,295,153,234,225,188,462,58
2004-04-01,1855,Uppsala,,36,69,64,374,127,232,691,191,360,53
2004-07-01,1262,Uppsala,,17,50,49,323,87,203,297,169,288,41
2004-10-01,1576,Uppsala,,45,67,67,223,104,211,509,218,419,38
2005-01-01,1579,Uppsala,,38,69,80,247,141,258,290,243,516,60
2005-04-01,2362,Uppsala,168400.0,44,63,75,373,195,287,899,263,480,46
2005-07-01,1630,Uppsala,160700.0,28,66,66,277,177,306,397,224,347,39
2005-10-01,1844,Uppsala,157100.0,70,84,91,290,128,302,514,271,426,66
2006-01-01,217,Uppsala,156899.99999999994,81,99,77,292,200,438,342,266,541,102
2006-04-01,2245,Uppsala,164700.0,100,91,97,291,209,394,605,258,474,106
2006-07-01,1755,Uppsala,162299.99999999994,34,78,67,281,204,322,341,238,396,71
2006-10-01,2180,Uppsala,156600.0,96,107,108,261,228,376,366,307,650,95
2007-01-01,2797,Uppsala,165200.0,134,183,157,403,332,556,361,411,804,94
2007-04-01,2726,Uppsala,172200.0,119,183,144,393,353,433,550,412,571,78
2007-07-01,2190,Uppsala,175000.0,108,143,129,350,262,362,319,335,513,81
2007-10-01,2700,Uppsala,172200.00000000006,161,214,146,346,242,538,497,425,577,85
2008-01-01,3366,Uppsala,172800.0,151,228,201,559,393,480,549,482,796,222
2008-04-01,2618,Uppsala,183000.0,124,112,132,359,196,321,769,314,555,203
2008-07-01,1965,Uppsala,176500.0,73,90,111,334,172,305,379,234,440,133
2008-10-01,1886,Uppsala,174400.0,103,93,108,259,95,341,431,280,427,97
2009-01-01,245,Uppsala,176200.0,86,80,116,268,102,399,413,299,521,169
2009-04-01,1912,Uppsala,182300.0,65,67,107,288,108,337,473,220,361,170
2009-07-01,1413,Uppsala,177399.99999999997,60,38,52,250,81,266,244,142,343,114
2009-10-01,1851,Uppsala,172000.0,83,94,102,262,89,348,360,217,420,147
2010-01-01,2396,Uppsala,172700.0,75,90,121,377,148,538,380,259,575,227
2010-04-01,2582,Uppsala,180900.0,120,108,161,320,127,415,621,326,608,262
2010-07-01,2254,Uppsala,180900.0,123,113,165,324,141,364,399,283,556,175
2010-10-01,2541,Uppsala,176200.0,128,152,228,341,141,358,568,313,579,203
2011-01-01,3522,Uppsala,180200.00000000003,212,208,280,525,267,546,537,539,806,332
2011-04-01,3502,Uppsala,184900.0,151,176,209,474,263,490,809,500,670,335
2011-07-01,2713,Uppsala,186100.0,117,170,156,423,242,456,468,362,561,189
2011-10-01,3190,Uppsala,181600.0,187,210,156,401,243,429,606,379,683,259
2012-01-01,3410,Uppsala,183400.0,192,200,154,490,273,528,458,418,791,326
2012-04-01,3543,Uppsala,187400.0,171,172,151,458,253,483,798,435,796,279
2012-07-01,2651,Uppsala,186900.0,158,130,95,408,214,394,440,287,633,201
2012-10-01,2997,Uppsala,183400.0,169,197,136,396,210,452,554,356,666,248
2013-01-01,3285,Uppsala,179799.99999999997,158,201,111,449,278,475,409,423,897,320
2013-04-01,3438,Uppsala,182900.0,153,161,106,501,262,512,725,389,714,315
2013-07-01,2611,Uppsala,184800.0,99,139,111,470,250,382,335,311,625,223
2013-10-01,2992,Uppsala,182900.0,134,153,107,330,213,369,499,342,882,312
2014-01-01,3518,Uppsala,183700.00000000003,152,195,120,437,304,475,398,390,1076,417
2014-04-01,3763,Uppsala,193200.0,140,191,108,492,285,486,763,385,974,372
2014-07-01,3364,Uppsala,192100.0,136,159,116,525,233,571,442,368,919,291
2014-10-01,4215,Uppsala,186200.0,245,208,170,504,268,598,676,462,1116,454
2015-01-01,4861,Uppsala,186800.0,211,281,157,620,399,662,595,612,1396,507
2015-04-01,4612,Uppsala,194500.0,180,262,168,428,399,675,888,517,1014,516
2015-07-01,2719,Uppsala,193400.0,140,169,108,214,219,507,382,287,519,395
2015-10-01,488,Uppsala,192900.0,280,260,190,254,258,604,845,545,817,464
2016-01-01,3840,Uppsala,193400.0,264,215,167,301,285,621,614,617,953,300
2016-04-01,4490,Uppsala,196300.0,284,282,175,247,406,511,1199,546,981,307
2016-07-01,3258,Uppsala,198300.0,234,198,117,245,263,465,694,428,762,205
2016-10-01,4580,Uppsala,194400.0,329,296,186,334,357,585,1095,668,1018,287
2017-01-01,4537,Uppsala,193500.0,312,277,194,428,403,570,872,602,1212,277
2017-04-01,3998,Uppsala,200000.0,220,229,150,326,307,420,1256,439,957,174
2017-07-01,3736,Uppsala,201700.0,229,200,129,423,315,549,788,423,924,242
2017-10-01,4408,Uppsala,195600.0,316,298,171,405,278,593,1022,571,1118,258
2018-01-01,4380,Uppsala,197000.0,271,278,162,414,296,648,829,598,1241,281
2018-04-01,7504,Uppsala,201600.0,497,393,292,705,1218,1140,1395,810,1304,580
2018-07-01,6478,Uppsala,193100.0,522,364,245,820,917,948,913,714,1296,471
2018-10-01,7185,Uppsala,192500.0,591,391,245,866,717,897,1338,893,1544,567
2019-01-01,6588,Uppsala,196500.0,444,341,204,937,482,813,1138,761,1785,489
2019-04-01,6416,Uppsala,203600.0,370,303,186,723,440,720,1638,567,1734,404
2019-07-01,3796,Uppsala,209900.0,226,170,120,519,277,525,770,377,943,286
2004-01-01,114,Värmland,,13,42,45,167,128,107,186,174,357,35
2004-04-01,1273,Värmland,,12,35,58,167,95,118,591,174,243,30
2004-07-01,749,Värmland,,16,45,43,149,105,95,185,117,151,21
2004-10-01,997,Värmland,,21,34,49,135,107,114,340,179,252,22
2005-01-01,166,Värmland,,21,53,52,179,140,179,174,175,334,30
2005-04-01,1472,Värmland,137400.0,16,71,59,235,113,171,591,226,290,26
2005-07-01,180,Värmland,140300.0,13,54,36,220,120,131,295,195,282,20
2005-10-01,1108,Värmland,132800.0,21,46,64,151,124,151,314,233,298,37
2006-01-01,1272,Värmland,133600.0,24,78,56,185,169,199,200,206,372,74
2006-04-01,1582,Värmland,134600.0,30,107,57,194,193,197,530,197,277,66
2006-07-01,180,Värmland,135100.0,21,74,39,208,169,169,210,150,189,58
2006-10-01,1357,Värmland,134500.0,42,100,76,231,206,193,258,204,301,52
2007-01-01,1716,Värmland,135400.0,60,163,104,280,339,262,179,262,428,67
2007-04-01,2166,Värmland,140500.0,94,161,117,343,388,239,587,268,325,59
2007-07-01,1427,Värmland,144500.0,57,114,78,265,278,203,208,203,222,35
2007-10-01,1680,Värmland,139400.0,85,171,130,230,264,339,229,244,269,55
2008-01-01,253,Värmland,138400.0,83,161,118,327,286,372,170,263,478,185
2008-04-01,1757,Värmland,142200.0,54,106,108,276,221,255,461,198,252,127
2008-07-01,1310,Värmland,140900.0,39,60,81,236,152,283,191,212,182,96
2008-10-01,172,Värmland,133500.0,31,70,54,153,87,254,196,164,199,63
2009-01-01,173,Värmland,133600.0,30,44,87,170,80,270,119,147,284,134
2009-04-01,1200,Värmland,136100.0,21,33,41,195,68,301,353,129,197,64
2009-07-01,850,Värmland,136500.0,10,32,48,206,68,218,140,102,173,45
2009-10-01,152,Värmland,135800.0,30,32,64,166,56,301,210,142,218,72
2010-01-01,1541,Värmland,136400.0,72,70,113,271,122,416,170,211,410,159
2010-04-01,1695,Värmland,138300.0,69,98,125,239,131,305,452,203,316,144
2010-07-01,1214,Värmland,138100.0,70,77,95,236,110,293,153,141,185,87
2010-10-01,1490,Värmland,134000.0,86,139,135,202,150,315,266,178,278,95
2011-01-01,2254,Värmland,136300.0,114,209,164,291,243,431,276,278,447,304
2011-04-01,2180,Värmland,143000.0,81,165,155,343,261,410,434,288,340,171
2011-07-01,1586,Värmland,140000.0,43,145,91,356,177,356,245,170,209,107
2011-10-01,1761,Värmland,139200.00000000006,79,164,67,271,171,423,282,222,276,86
2012-01-01,1949,Värmland,139100.0,76,140,68,351,184,418,195,237,380,169
2012-04-01,225,Värmland,141100.0,60,128,80,376,177,376,417,206,370,138
2012-07-01,1617,Värmland,142800.0,33,113,129,354,122,351,211,190,248,106
2012-10-01,1649,Värmland,137900.0,51,89,78,275,69,370,294,226,359,108
2013-01-01,1840,Värmland,139700.00000000006,56,102,49,392,130,400,223,234,450,134
2013-04-01,2183,Värmland,144000.0,79,102,53,417,170,406,515,194,389,162
2013-07-01,1641,Värmland,144500.0,45,101,49,350,137,347,207,199,280,133
2013-10-01,1454,Värmland,138900.0,36,110,46,192,84,206,273,164,350,152
2014-01-01,1803,Värmland,137100.0,59,95,41,290,142,309,230,205,490,193
2014-04-01,2101,Värmland,140800.0,74,92,79,251,134,335,647,191,397,123
2014-07-01,1799,Värmland,140700.0,50,77,66,285,139,450,321,175,379,111
2014-10-01,2271,Värmland,137300.0,86,125,54,282,152,434,485,217,487,234
2015-01-01,2682,Värmland,135100.0,86,127,65,374,272,528,345,260,737,229
2015-04-01,3148,Värmland,138800.0,80,145,72,286,283,734,707,232,624,272
2015-07-01,1345,Värmland,138700.0,59,59,40,104,97,359,257,137,226,131
2015-10-01,291,Värmland,135700.0,157,76,96,141,120,616,356,237,332,190
2016-01-01,2194,Värmland,136900.0,172,122,79,147,133,515,319,271,530,172
2016-04-01,2288,Värmland,141000.0,127,130,82,223,152,367,661,247,467,111
2016-07-01,1812,Värmland,139600.00000000006,119,117,75,258,182,313,305,190,389,91
2016-10-01,2389,Värmland,134200.0,162,150,86,240,218,354,483,301,507,167
2017-01-01,2298,Värmland,137799.99999999994,112,166,92,330,283,364,312,326,589,113
2017-04-01,2343,Värmland,143000.0,81,151,91,273,213,332,657,243,512,110
2017-07-01,1561,Värmland,146200.00000000006,107,95,57,210,107,237,318,180,396,78
2017-10-01,1755,Värmland,140600.0,107,148,78,148,151,219,400,238,480,69
2018-01-01,1961,Värmland,138399.99999999994,127,162,81,265,197,261,253,251,569,132
2018-04-01,5220,Värmland,142200.00000000006,361,284,235,512,1076,1032,801,620,644,369
2018-07-01,3753,Värmland,143600.0,290,232,148,511,713,667,389,440,529,297
2018-10-01,3572,Värmland,141900.0,286,222,141,494,516,580,477,438,641,244
2019-01-01,317,Värmland,142200.0,178,187,103,553,322,457,387,366,766,162
2019-04-01,374,Värmland,144800.0,157,151,109,476,272,347,777,303,725,140
2019-07-01,1585,Värmland,147399.99999999994,74,90,65,340,130,239,215,215,362,86
2004-01-01,1388,Västerbotten,,27,46,30,255,251,221,131,188,289,253
2004-04-01,1297,Västerbotten,,23,44,53,222,146,170,370,187,267,120
2004-07-01,880,Västerbotten,,17,40,39,236,107,129,145,108,174,62
2004-10-01,1168,Västerbotten,,32,68,67,181,103,189,246,158,230,203
2005-01-01,1289,Västerbotten,,24,59,54,213,191,234,170,183,324,176
2005-04-01,1931,Västerbotten,132700.0,28,64,55,263,161,312,556,309,428,377
2005-07-01,128,Västerbotten,135400.0,15,36,31,200,118,207,166,196,245,113
2005-10-01,1801,Västerbotten,131100.0,33,85,63,191,116,283,320,450,510,456
2006-01-01,1569,Västerbotten,130100.0,40,81,56,193,180,303,206,244,423,291
2006-04-01,1796,Västerbotten,138200.00000000006,24,98,72,263,178,252,455,305,453,219
2006-07-01,1223,Västerbotten,136500.0,15,114,50,229,128,204,173,166,294,132
2006-10-01,1613,Västerbotten,132500.0,54,96,81,224,201,279,254,268,378,200
2007-01-01,1870,Västerbotten,133600.0,56,151,108,289,304,332,176,314,545,147
2007-04-01,1736,Västerbotten,139400.0,66,141,109,244,300,272,425,227,326,61
2007-07-01,1315,Västerbotten,139799.99999999994,38,98,103,290,218,228,184,186,223,33
2007-10-01,1592,Västerbotten,133900.0,75,141,116,265,232,290,242,250,326,50
2008-01-01,2220,Västerbotten,131800.0,108,145,148,372,307,351,274,379,567,207
2008-04-01,1838,Västerbotten,135800.0,58,102,102,299,231,252,482,261,370,127
2008-07-01,1407,Västerbotten,136600.0,59,69,109,217,133,244,233,237,242,169
2008-10-01,1284,Västerbotten,130300.0,79,51,71,200,62,224,319,189,284,86
2009-01-01,1415,Västerbotten,131200.00000000006,56,56,101,153,97,244,267,225,438,143
2009-04-01,1253,Västerbotten,136100.0,23,47,64,119,83,240,371,168,250,158
2009-07-01,923,Västerbotten,135600.0,27,40,59,174,62,192,159,124,189,86
2009-10-01,1139,Västerbotten,129500.0,32,46,83,106,49,249,257,184,252,105
2010-01-01,1755,Västerbotten,128100.0,62,64,113,220,119,360,282,226,460,241
2010-04-01,1584,Västerbotten,133300.0,73,87,89,159,129,253,348,198,384,201
2010-07-01,1292,Västerbotten,135300.0,47,67,115,149,78,249,244,208,308,124
2010-10-01,1626,Västerbotten,130700.0,62,106,122,158,102,238,396,213,429,133
2011-01-01,2139,Västerbotten,133100.0,103,153,160,226,151,361,301,336,628,252
2011-04-01,2360,Västerbotten,139400.0,83,174,154,255,218,304,590,357,473,285
2011-07-01,1712,Västerbotten,138500.0,60,124,136,291,159,294,309,232,357,105
2011-10-01,2158,Västerbotten,132500.0,102,155,92,260,143,325,535,265,377,177
2012-01-01,2220,Västerbotten,133600.0,119,133,90,281,218,291,357,316,598,162
2012-04-01,2347,Västerbotten,139700.0,105,130,92,258,230,311,625,236,508,147
2012-07-01,1835,Västerbotten,136800.0,64,123,78,300,159,261,375,184,444,89
2012-10-01,1988,Västerbotten,131600.0,90,128,81,224,143,311,420,250,467,142
2013-01-01,2223,Västerbotten,129800.0,89,123,93,241,186,352,291,312,684,193
2013-04-01,2234,Västerbotten,137900.0,84,99,107,270,171,360,527,254,502,153
2013-07-01,1739,Västerbotten,136299.99999999994,83,78,62,268,148,249,268,187,461,123
2013-10-01,1937,Västerbotten,134200.0,94,90,79,237,125,207,392,261,569,138
2014-01-01,2232,Västerbotten,136000.0,85,132,88,276,172,310,317,315,721,172
2014-04-01,2278,Västerbotten,140900.0,67,98,89,266,147,267,672,231,543,153
2014-07-01,1748,Västerbotten,141800.0,99,79,47,250,121,235,311,225,495,121
2014-10-01,2314,Västerbotten,136000.0,141,145,81,257,139,294,456,287,603,240
2015-01-01,2845,Västerbotten,134500.0,161,154,79,327,189,398,383,355,890,272
2015-04-01,336,Västerbotten,138400.0,163,173,112,305,185,519,628,324,667,304
2015-07-01,1356,Västerbotten,138000.0,88,84,55,161,88,271,193,137,259,172
2015-10-01,1866,Västerbotten,136900.0,141,150,99,191,110,294,325,230,406,162
2016-01-01,1935,Västerbotten,136000.0,150,120,63,205,155,284,333,237,481,165
2016-04-01,2839,Västerbotten,142200.00000000006,162,133,74,261,259,350,867,273,612,140
2016-07-01,2235,Västerbotten,143900.0,127,123,72,311,199,316,421,276,571,108
2016-10-01,2859,Västerbotten,138400.0,176,163,112,297,235,357,594,378,778,153
2017-01-01,3216,Västerbotten,143900.0,191,174,99,359,321,406,600,395,896,202
2017-04-01,2927,Västerbotten,144100.0,146,167,95,284,238,369,744,328,773,134
2017-07-01,1743,Västerbotten,146400.0,121,120,67,228,171,259,340,190,379,92
2017-10-01,2148,Västerbotten,139200.0,161,178,91,209,189,256,543,249,493,91
2018-01-01,2414,Västerbotten,140000.0,171,148,100,260,272,343,470,287,601,150
2018-04-01,5369,Västerbotten,142799.99999999994,415,293,256,482,1127,979,809,578,656,424
2018-07-01,4114,Västerbotten,138500.0,319,222,184,512,735,729,445,494,680,336
2018-10-01,4528,Västerbotten,128800.0,388,239,200,565,543,641,746,576,926,307
2019-01-01,4176,Västerbotten,133300.0,225,235,152,618,507,587,611,524,1103,271
2019-04-01,3602,Västerbotten,138500.0,227,165,131,486,416,474,802,421,872,160
2019-07-01,286,Västerbotten,141299.99999999994,115,115,86,393,220,316,319,245,474,121
2004-01-01,896,Västernorrland,,17,41,26,177,103,203,93,133,236,20
2004-04-01,168,Västernorrland,,33,41,47,145,85,162,332,150,235,22
2004-07-01,722,Västernorrland,,18,28,34,154,60,128,163,109,140,21
2004-10-01,833,Västernorrland,,40,40,41,114,88,175,187,151,168,24
2005-01-01,991,Västernorrland,,28,46,40,185,102,186,94,151,325,24
2005-04-01,1238,Västernorrland,126500.0,47,47,42,219,104,260,396,135,232,28
2005-07-01,888,Västernorrland,125500.0,33,27,31,162,83,170,178,117,224,30
2005-10-01,140,Västernorrland,125000.0,21,31,36,122,83,221,277,188,245,38
2006-01-01,1276,Västernorrland,122700.0,38,63,73,183,141,289,151,202,346,90
2006-04-01,1475,Västernorrland,122200.0,36,64,57,198,140,288,467,182,268,69
2006-07-01,156,Västernorrland,123600.0,33,94,62,150,111,211,219,134,210,47
2006-10-01,1218,Västernorrland,123700.0,40,122,81,151,140,214,264,196,262,43
2007-01-01,1346,Västernorrland,125600.0,40,128,90,218,202,299,99,233,342,55
2007-04-01,1460,Västernorrland,130200.0,53,101,100,223,158,278,355,187,274,42
2007-07-01,1214,Västernorrland,127400.0,62,114,67,242,157,271,146,145,209,25
2007-10-01,1436,Västernorrland,121900.0,79,165,95,163,202,289,222,209,236,48
2008-01-01,1801,Västernorrland,118800.0,88,143,105,346,190,319,143,250,410,180
2008-04-01,1516,Västernorrland,122500.0,85,100,106,242,128,236,325,187,249,132
2008-07-01,133,Västernorrland,121400.0,63,65,69,180,75,186,164,156,204,71
2008-10-01,114,Västernorrland,116700.0,72,63,70,137,65,218,195,162,128,75
2009-01-01,1110,Västernorrland,117700.0,47,79,63,158,82,229,151,188,230,104
2009-04-01,903,Västernorrland,119000.0,38,36,51,136,45,198,207,112,144,69
2009-07-01,824,Västernorrland,118800.0,16,21,55,123,50,168,164,151,172,55
2009-10-01,945,Västernorrland,115500.0,46,53,80,110,57,229,223,146,150,48
2010-01-01,1274,Västernorrland,116400.0,65,62,103,156,70,322,147,203,288,129
2010-04-01,1895,Västernorrland,122700.0,84,119,145,182,94,311,433,222,204,369
2010-07-01,1370,Västernorrland,122600.0,94,90,96,159,80,225,250,179,192,235
2010-10-01,1470,Västernorrland,119800.0,65,124,123,158,124,234,270,204,227,195
2011-01-01,1823,Västernorrland,122500.0,111,128,189,234,149,348,190,321,437,206
2011-04-01,1866,Västernorrland,123900.0,103,171,169,224,147,252,411,320,279,168
2011-07-01,1432,Västernorrland,123700.0,75,126,115,227,127,247,203,226,271,106
2011-10-01,1671,Västernorrland,119600.0,111,163,80,209,147,329,274,203,225,152
2012-01-01,1693,Västernorrland,119600.0,160,136,81,212,131,325,165,266,346,121
2012-04-01,1651,Västernorrland,121100.0,116,152,99,202,148,273,337,184,274,90
2012-07-01,1299,Västernorrland,123400.0,57,86,88,179,108,218,246,144,263,86
2012-10-01,1440,Västernorrland,119000.0,86,109,76,130,104,232,260,206,323,92
2013-01-01,1452,Västernorrland,120500.0,58,85,57,240,91,256,152,230,387,114
2013-04-01,1638,Västernorrland,123100.0,76,88,58,243,81,255,434,188,317,97
2013-07-01,1296,Västernorrland,124000.0,69,82,37,214,59,252,319,120,224,89
2013-10-01,1505,Västernorrland,121100.0,109,113,72,149,64,214,301,213,327,153
2014-01-01,1706,Västernorrland,123200.0,120,123,60,244,106,274,207,257,458,148
2014-04-01,1853,Västernorrland,126400.0,112,84,54,223,128,222,534,229,406,105
2014-07-01,1513,Västernorrland,126200.0,82,97,64,216,95,291,269,171,360,109
2014-10-01,23,Västernorrland,122700.0,116,115,76,231,124,286,421,310,474,179
2015-01-01,2397,Västernorrland,120200.0,132,140,67,287,157,388,318,296,702,229
2015-04-01,2533,Västernorrland,122100.0,99,162,100,206,149,442,590,272,542,241
2015-07-01,1227,Västernorrland,125000.0,51,65,34,81,54,269,238,134,278,143
2015-10-01,1574,Västernorrland,117400.0,113,95,79,116,54,278,319,213,342,146
2016-01-01,1589,Västernorrland,120100.0,88,80,51,167,118,347,202,246,389,113
2016-04-01,2311,Västernorrland,122700.0,95,90,72,158,112,208,681,414,545,156
2016-07-01,1727,Västernorrland,122100.0,106,105,54,141,109,237,326,308,442,89
2016-10-01,2143,Västernorrland,121700.0,185,149,79,168,117,329,388,304,603,125
2017-01-01,2388,Västernorrland,123900.0,153,173,112,252,174,367,341,313,695,154
2017-04-01,2361,Västernorrland,126500.0,151,163,95,223,127,320,683,254,518,126
2017-07-01,1655,Västernorrland,129200.0,118,128,77,162,112,276,309,201,399,87
2017-10-01,1760,Västernorrland,122800.0,157,191,108,118,111,246,307,265,440,109
2018-01-01,1892,Västernorrland,123600.0,173,189,122,181,153,357,300,266,363,128
2018-04-01,588,Västernorrland,127900.0,409,271,240,422,1031,1005,739,580,600,385
2018-07-01,3868,Västernorrland,121600.0,338,277,176,356,690,653,320,474,714,303
2018-10-01,48,Västernorrland,117700.0,395,247,161,371,485,557,502,522,933,283
2019-01-01,3285,Västernorrland,120200.0,251,184,143,339,347,455,359,421,1064,153
2019-04-01,3220,Västernorrland,121900.0,247,184,127,309,267,313,617,361,1001,159
2019-07-01,1599,Västernorrland,121800.0,105,97,51,218,122,226,231,177,471,73
2004-01-01,136,Västmanland,,31,72,32,197,136,196,128,140,290,51
2004-04-01,1291,Västmanland,,25,58,69,292,144,163,387,124,262,30
2004-07-01,791,Västmanland,,18,51,53,170,114,136,128,81,171,15
2004-10-01,851,Västmanland,,21,54,39,150,79,171,157,95,196,21
2005-01-01,194,Västmanland,,29,79,43,197,144,168,104,130,360,41
2005-04-01,1256,Västmanland,140400.0,47,65,48,168,143,185,332,147,292,37
2005-07-01,897,Västmanland,138600.00000000006,20,43,41,139,121,231,126,109,176,27
2005-10-01,185,Västmanland,134700.0,41,83,54,155,136,214,183,145,227,54
2006-01-01,1375,Västmanland,130000.0,34,90,78,204,184,292,120,203,361,101
2006-04-01,1678,Västmanland,135400.0,54,109,77,212,200,328,406,223,313,76
2006-07-01,1245,Västmanland,131400.0,56,117,70,164,181,214,164,171,252,74
2006-10-01,1535,Västmanland,131800.0,76,179,101,187,206,220,244,218,308,71
2007-01-01,1894,Västmanland,126500.0,116,284,147,248,302,321,179,299,393,61
2007-04-01,263,Västmanland,129100.0,109,226,166,257,295,310,447,276,327,62
2007-07-01,1863,Västmanland,129900.0,114,237,145,264,298,386,199,255,249,51
2007-10-01,256,Västmanland,123400.0,155,291,156,226,300,456,229,291,308,75
2008-01-01,2354,Västmanland,126100.0,167,281,180,323,282,441,194,355,481,185
2008-04-01,1946,Västmanland,130000.0,143,187,134,271,221,316,405,219,272,183
2008-07-01,1612,Västmanland,134700.0,141,226,118,204,176,360,162,181,227,130
2008-10-01,1373,Västmanland,130700.0,103,137,105,139,63,289,230,216,237,96
2009-01-01,1233,Västmanland,130100.0,56,93,78,144,79,246,133,204,339,130
2009-04-01,1273,Västmanland,135200.0,79,69,98,140,64,263,293,150,215,99
2009-07-01,877,Västmanland,133299.99999999994,37,50,50,135,58,278,107,107,155,49
2009-10-01,1166,Västmanland,129700.0,68,95,106,139,82,297,187,156,203,79
2010-01-01,1596,Västmanland,129900.0,89,126,136,220,106,449,209,213,329,113
2010-04-01,1751,Västmanland,131300.0,113,132,112,200,121,393,379,224,289,163
2010-07-01,1449,Västmanland,129200.0,146,128,125,218,133,316,199,166,212,82
2010-10-01,1763,Västmanland,129100.0,121,199,148,205,140,399,264,248,300,109
2011-01-01,2463,Västmanland,128100.0,157,250,204,288,213,596,201,401,471,249
2011-04-01,2457,Västmanland,130400.0,155,283,180,271,246,488,436,339,299,202
2011-07-01,269,Västmanland,128400.0,125,241,171,268,187,526,235,271,252,160
2011-10-01,2379,Västmanland,127600.0,211,304,164,246,185,481,407,276,292,147
2012-01-01,2671,Västmanland,126900.0,210,321,163,326,308,546,253,317,478,187
2012-04-01,2568,Västmanland,131100.0,222,290,130,269,199,459,536,245,406,154
2012-07-01,1833,Västmanland,131700.0,126,199,92,252,134,378,264,213,299,130
2012-10-01,1929,Västmanland,129600.0,153,237,119,217,115,409,273,217,332,116
2013-01-01,2237,Västmanland,131200.0,119,173,101,252,208,471,225,260,508,208
2013-04-01,2456,Västmanland,136000.0,168,202,100,317,220,436,477,274,441,155
2013-07-01,275,Västmanland,137900.0,164,163,96,255,226,370,233,275,373,183
2013-10-01,1889,Västmanland,135500.0,135,186,110,205,154,311,308,210,406,145
2014-01-01,2263,Västmanland,136000.0,124,201,114,261,217,344,296,265,535,240
2014-04-01,2628,Västmanland,136000.0,132,213,92,311,220,463,634,228,492,184
2014-07-01,2203,Västmanland,136600.0,111,172,69,403,156,585,295,182,464,174
2014-10-01,2678,Västmanland,134200.00000000006,136,224,115,385,210,531,414,307,598,222
2015-01-01,2929,Västmanland,134500.0,133,196,122,367,284,543,360,334,752,257
2015-04-01,314,Västmanland,137900.0,145,211,118,278,276,547,640,324,537,259
2015-07-01,1503,Västmanland,136400.0,103,91,69,103,141,360,209,170,253,156
2015-10-01,249,Västmanland,132299.99999999994,160,157,105,140,120,382,257,333,448,203
2016-01-01,1934,Västmanland,133900.0,121,147,62,164,178,340,202,297,515,139
2016-04-01,2822,Västmanland,136900.0,104,142,101,241,320,380,657,356,647,146
2016-07-01,2343,Västmanland,136200.0,155,132,100,236,248,358,399,310,571,126
2016-10-01,2823,Västmanland,130700.0,250,187,124,238,282,385,453,428,746,165
2017-01-01,3205,Västmanland,132900.0,249,182,130,410,360,457,395,420,851,215
2017-04-01,364,Västmanland,134700.0,195,212,119,277,254,342,648,342,649,359
2017-07-01,2291,Västmanland,135000.0,215,159,103,211,185,352,275,295,474,301
2017-10-01,2402,Västmanland,135000.0,227,238,131,198,227,389,286,300,500,242
2018-01-01,2416,Västmanland,137300.0,236,265,147,243,231,384,241,321,470,261
2018-04-01,5692,Västmanland,140400.0,429,321,251,481,1170,1065,691,611,626,698
2018-07-01,4452,Västmanland,136600.0,394,293,213,455,804,751,482,469,639,490
2018-10-01,4710,Västmanland,139400.0,576,370,250,490,582,720,689,555,693,465
2019-01-01,4164,Västmanland,139600.0,294,294,178,550,460,552,588,396,940,448
2019-04-01,3896,Västmanland,142000.0,276,226,157,455,447,482,709,365,800,416
2019-07-01,268,Västmanland,141100.0,164,120,63,273,212,325,265,215,410,255
2004-01-01,873,Västra Götalands,,231,425,332,1624,1105,1362,929,1243,2121,346
2004-04-01,8867,Västra Götalands,,228,461,426,1506,1093,1273,2623,1079,1521,301
2004-07-01,5391,Västra Götalands,,175,339,269,1197,756,949,807,829,1044,136
2004-10-01,6361,Västra Götalands,,255,487,349,975,800,1116,1428,933,1219,121
2005-01-01,7601,Västra Götalands,,404,534,376,1427,1138,1266,823,1174,1909,288
2005-04-01,1076,Västra Götalands,807800.0000000001,438,508,433,1392,1204,1448,3201,1309,1773,286
2005-07-01,6706,Västra Götalands,804200.0,335,372,352,1341,861,1352,1016,840,1197,259
2005-10-01,941,Västra Götalands,797000.0,552,612,527,1404,1092,1767,1648,1294,1640,420
2006-01-01,10464,Västra Götalands,801600.0,691,636,588,1801,1399,2108,1118,1493,2200,597
2006-04-01,11765,Västra Götalands,829800.0,633,612,583,1922,1598,2025,2771,1246,1827,549
2006-07-01,99,Västra Götalands,825100.0,544,581,449,1724,1340,1749,1174,1070,1572,478
2006-10-01,10722,Västra Götalands,805200.0,783,827,608,1542,1516,1763,1780,1539,2056,494
2007-01-01,13238,Västra Götalands,803900.0,1185,1170,929,2264,2106,2248,1170,2114,2619,459
2007-04-01,14903,Västra Götalands,818900.0000000001,1143,1187,987,2201,2294,2372,2629,1948,2360,551
2007-07-01,1210,Västra Götalands,825900.0,1000,1029,884,1969,1785,2175,1254,1778,1996,469
2007-10-01,1523,Västra Götalands,817000.0,1445,1423,1136,1926,1882,2796,1923,2297,2422,590
2008-01-01,16569,Västra Götalands,812800.0,1158,1361,1115,2548,2137,2847,1480,2430,3437,1367
2008-04-01,14332,Västra Götalands,845000.0,1017,1005,874,1904,1481,2015,2922,1705,2512,1227
2008-07-01,10200,Västra Götalands,834300.0,729,759,669,1555,1112,1781,1310,1427,1738,829
2008-10-01,8671,Västra Götalands,818000.0,702,558,550,1044,617,1477,1546,1259,1836,618
2009-01-01,8611,Västra Götalands,814800.0,610,384,522,1351,597,1531,886,1192,2176,891
2009-04-01,7567,Västra Götalands,840000.0,411,387,369,1088,504,1436,1654,854,1514,565
2009-07-01,5519,Västra Götalands,829400.0000000001,338,251,323,1039,415,1295,746,708,989,363
2009-10-01,6581,Västra Götalands,814800.0000000001,500,394,535,859,401,1604,1156,886,1144,354
2010-01-01,9493,Västra Götalands,823600.0,709,611,753,1434,677,2198,960,1370,2064,857
2010-04-01,11775,Västra Götalands,850199.9999999999,759,774,861,1481,927,1964,2703,1555,2202,1037
2010-07-01,9704,Västra Götalands,840199.9999999999,810,706,836,1402,843,1822,1554,1325,1673,637
2010-10-01,12287,Västra Götalands,830400.0000000001,1048,932,1060,1555,995,2007,2373,1833,2268,936
2011-01-01,17482,Västra Götalands,831500.0,1641,1359,1468,2438,1666,3287,1584,3079,3155,1738
2011-04-01,18615,Västra Götalands,857100.0,1779,1466,1501,2247,1524,3134,3282,2921,2774,1612
2011-07-01,14498,Västra Götalands,860300.0,1405,1063,1144,2154,1354,2917,1811,2099,2244,1042
2011-10-01,16641,Västra Götalands,847200.0,2260,1378,945,1910,1283,2967,2282,2422,2402,1121
2012-01-01,17662,Västra Götalands,848600.0,2254,1358,739,2378,1606,3075,1533,2451,3254,1469
2012-04-01,17811,Västra Götalands,876800.0000000001,1976,1205,745,2262,1583,2894,3190,2172,2911,1252
2012-07-01,13425,Västra Götalands,872200.0,1319,834,710,1999,1138,2498,1671,1718,2293,1135
2012-10-01,14604,Västra Götalands,850400.0,1526,1031,767,1905,906,2589,2252,1897,2694,1211
2013-01-01,16184,Västra Götalands,853600.0,1480,1001,632,2387,1180,2822,1648,2222,3731,1439
2013-04-01,16175,Västra Götalands,878400.0,1639,914,706,2302,1338,2881,2930,2042,2493,1310
2013-07-01,12672,Västra Götalands,881199.9999999999,1220,800,583,1973,1109,2466,1582,1814,1844,1112
2013-10-01,13962,Västra Götalands,866600.0,1226,996,625,1462,1094,2204,2286,1990,2475,1354
2014-01-01,16784,Västra Götalands,867000.0,1530,1127,641,2315,1424,2920,1622,2288,3672,1563
2014-04-01,18120,Västra Götalands,887900.0,1424,1064,728,2209,1351,3048,3663,2215,3287,1421
2014-07-01,14895,Västra Götalands,897599.9999999999,1281,869,572,2114,1235,3026,1925,1902,2651,1345
2014-10-01,19356,Västra Götalands,872500.0,1901,1203,932,2048,1349,3109,2921,2432,3954,2037
2015-01-01,22235,Västra Götalands,870900.0,1860,1409,862,2859,2044,3745,2489,3059,4680,2243
2015-04-01,24394,Västra Götalands,890599.9999999999,1871,1398,951,2313,2430,4416,4049,3087,3837,2674
2015-07-01,14250,Västra Götalands,890200.0,1536,846,617,1226,1185,2529,1453,2008,2196,2035
2015-10-01,20589,Västra Götalands,870900.0,2965,1484,1068,1390,1436,3196,2492,3207,3307,2401
2016-01-01,19381,Västra Götalands,874400.0,2810,1223,880,1386,1507,3323,2072,3158,3629,1661
2016-04-01,24262,Västra Götalands,906900.0,2602,1321,784,1985,2155,3357,4709,3613,4649,1790
2016-07-01,20379,Västra Götalands,897900.0,2582,1129,759,2255,1827,2978,2898,3142,3877,1244
2016-10-01,2596,Västra Götalands,890100.0,3240,1570,1076,2286,2197,3639,3994,4015,4446,1604
2017-01-01,26294,Västra Götalands,906200.0,3163,1703,1098,3108,2557,3836,3248,4005,5165,1743
2017-04-01,249,Västra Götalands,917300.0,2589,1240,847,2606,2301,3202,4811,3154,4762,1353
2017-07-01,17179,Västra Götalands,918100.0,2138,935,669,1988,1765,2528,2457,2388,3453,1052
2017-10-01,2035,Västra Götalands,901000.0,2825,1283,893,1857,1687,2967,3205,2904,3819,1275
2018-01-01,20458,Västra Götalands,903800.0,2771,1084,869,2165,1760,3035,2736,2909,4500,1376
2018-04-01,30664,Västra Götalands,929800.0,3614,1481,1206,3411,3659,4416,5489,4050,4763,2158
2018-07-01,27550,Västra Götalands,938100.0,3457,1480,1181,4060,3184,4279,3283,3634,4337,2192
2018-10-01,31813,Västra Götalands,922000.0,4250,1864,1367,3974,3114,4624,4613,4252,5324,2501
2019-01-01,32460,Västra Götalands,941000.0,4036,1802,1268,5033,3196,4689,3648,4279,6181,2427
2019-04-01,29886,Västra Götalands,945200.0,3850,1450,1143,4064,2824,4295,4753,3624,5233,2226
2019-07-01,17237,Västra Götalands,952900.0,2039,850,687,2959,1684,2702,1909,2041,3252,1237
2004-01-01,847,Örebro,,22,54,41,158,117,163,118,123,220,22
2004-04-01,1184,Örebro,,16,45,47,152,100,146,505,165,184,36
2004-07-01,722,Örebro,,19,49,43,116,76,133,155,116,168,30
2004-10-01,882,Örebro,,24,42,25,141,101,168,227,92,164,32
2005-01-01,941,Örebro,,31,66,41,144,134,167,120,145,273,38
2005-04-01,1500,Örebro,141300.0,19,59,69,145,132,177,648,170,289,32
2005-07-01,818,Örebro,138300.0,30,34,30,117,82,173,197,117,165,18
2005-10-01,929,Örebro,134900.0,32,49,48,82,100,179,240,136,208,46
2006-01-01,1234,Örebro,135100.0,40,71,68,157,134,275,180,211,326,63
2006-04-01,1670,Örebro,141100.0,50,105,78,164,148,262,630,178,288,54
2006-07-01,1109,Örebro,142000.0,52,86,55,134,132,252,203,144,190,59
2006-10-01,1519,Örebro,138900.0,56,116,90,151,185,283,334,205,319,72
2007-01-01,1815,Örebro,141299.99999999994,99,143,125,249,261,369,228,280,409,70
2007-04-01,2342,Örebro,144800.0,91,173,117,239,291,351,694,296,448,79
2007-07-01,1769,Örebro,145900.0,90,150,101,216,240,378,279,290,313,59
2007-10-01,2272,Örebro,139800.0,146,195,163,238,276,474,308,372,455,84
2008-01-01,2389,Örebro,138600.0,120,226,161,321,296,403,280,310,580,177
2008-04-01,2671,Örebro,143500.0,104,152,138,257,256,331,1026,240,430,178
2008-07-01,1524,Örebro,141500.0,67,98,88,217,142,314,255,198,293,127
2008-10-01,1364,Örebro,136500.0,47,69,77,137,90,250,368,198,306,75
2009-01-01,1446,Örebro,136600.0,43,49,78,184,86,308,215,219,434,169
2009-04-01,1414,Örebro,141299.99999999994,49,54,55,149,72,268,520,120,245,75
2009-07-01,980,Örebro,141700.0,32,33,53,170,57,269,200,130,167,63
2009-10-01,1263,Örebro,141400.0,45,66,109,145,60,374,320,155,213,58
2010-01-01,1632,Örebro,139300.0,88,111,121,265,111,463,189,226,408,177
2010-04-01,1785,Örebro,142700.0,59,122,138,222,139,357,473,237,319,142
2010-07-01,1460,Örebro,143400.0,72,124,124,224,138,326,239,202,240,111
2010-10-01,1863,Örebro,137800.0,116,190,169,225,173,316,385,295,331,100
2011-01-01,2765,Örebro,139700.0,171,274,247,323,302,606,272,467,555,295
2011-04-01,2880,Örebro,145400.0,193,251,221,361,273,532,563,381,440,260
2011-07-01,298,Örebro,145000.0,118,187,128,343,212,519,288,267,310,151
2011-10-01,2291,Örebro,139800.0,150,190,96,283,196,439,424,279,403,163
2012-01-01,2598,Örebro,139400.0,169,218,126,367,250,557,321,332,495,176
2012-04-01,2533,Örebro,144800.0,156,180,84,301,271,444,569,315,406,163
2012-07-01,1791,Örebro,141200.00000000006,92,92,93,265,170,373,290,234,329,112
2012-10-01,217,Örebro,140400.0,133,143,81,258,116,362,436,249,396,125
2013-01-01,2240,Örebro,141200.00000000006,125,139,56,338,190,467,318,263,544,160
2013-04-01,2486,Örebro,143200.00000000006,133,124,66,340,167,431,724,271,435,145
2013-07-01,1869,Örebro,145900.0,104,90,56,283,170,353,342,193,347,181
2013-10-01,2153,Örebro,141500.0,152,144,88,237,141,336,427,286,506,147
2014-01-01,2384,Örebro,141900.0,127,120,99,360,182,440,330,302,619,177
2014-04-01,2973,Örebro,146100.0,146,134,106,342,226,460,922,286,583,170
2014-07-01,2236,Örebro,149000.0,105,111,67,339,160,468,407,227,493,179
2014-10-01,2754,Örebro,143800.0,149,128,73,296,203,471,572,355,672,250
2015-01-01,3156,Örebro,147000.0,155,175,116,377,382,558,431,382,764,266
2015-04-01,3727,Örebro,150299.99999999994,143,198,92,314,478,682,944,339,590,326
2015-07-01,1853,Örebro,148100.0,92,70,67,140,222,377,301,192,323,236
2015-10-01,2466,Örebro,147399.99999999994,188,166,125,173,225,420,417,325,557,203
2016-01-01,2363,Örebro,146500.0,173,128,109,179,252,381,375,397,516,163
2016-04-01,2684,Örebro,153900.0,186,143,101,147,274,360,777,328,517,160
2016-07-01,274,Örebro,153500.0,139,121,84,152,257,345,376,296,442,123
2016-10-01,2700,Örebro,150300.0,206,149,103,235,279,376,571,427,552,184
2017-01-01,2962,Örebro,150500.0,236,191,112,313,328,445,441,424,596,251
2017-04-01,2706,Örebro,155200.00000000006,140,169,87,222,218,366,809,315,547,169
2017-07-01,2329,Örebro,152100.0,167,154,79,239,243,325,429,302,549,146
2017-10-01,2666,Örebro,151800.0,234,199,115,234,251,368,573,353,566,192
2018-01-01,3175,Örebro,156600.0,280,241,140,357,339,446,421,449,706,290
2018-04-01,666,Örebro,157500.0,449,317,248,521,1196,1075,1023,716,717,503
2018-07-01,4853,Örebro,165000.0,412,288,192,572,904,827,522,585,731,414
2018-10-01,5123,Örebro,160000.0,451,271,238,615,684,817,792,648,921,351
2019-01-01,4426,Örebro,161000.0,283,272,163,613,472,641,627,532,1090,274
2019-04-01,435,Örebro,155700.00000000006,291,192,147,495,418,488,962,398,858,275
2019-07-01,2117,Örebro,156100.0,149,128,60,314,245,358,284,241,455,125
2004-01-01,1634,Östergötland,,55,89,64,291,164,316,282,269,367,98
2004-04-01,1896,Östergötland,,79,96,78,257,151,313,713,229,249,108
2004-07-01,1289,Östergötland,,66,63,63,242,158,325,192,182,233,64
2004-10-01,1696,Östergötland,,83,103,88,161,98,394,529,246,282,51
2005-01-01,1913,Östergötland,,115,102,107,390,172,481,303,296,343,88
2005-04-01,2634,Östergötland,212200.0,92,111,97,276,201,512,1015,320,395,99
2005-07-01,1593,Östergötland,216600.0,62,100,71,191,160,417,342,215,248,76
2005-10-01,2179,Östergötland,211200.00000000003,95,136,111,258,193,508,504,308,384,118
2006-01-01,2480,Östergötland,206600.0,97,175,104,299,226,613,383,323,559,178
2006-04-01,2766,Östergötland,212800.0,159,159,121,340,265,545,730,307,454,195
2006-07-01,2104,Östergötland,211700.0,103,186,92,277,245,509,323,302,344,143
2006-10-01,2562,Östergötland,208100.0,191,234,168,279,267,565,497,347,441,125
2007-01-01,395,Östergötland,208200.00000000003,243,292,191,459,394,619,352,527,583,125
2007-04-01,3583,Östergötland,214900.0,300,298,235,396,499,669,788,482,449,122
2007-07-01,2688,Östergötland,215100.0,252,276,195,364,397,604,273,420,313,97
2007-10-01,3456,Östergötland,211900.0,343,352,247,385,365,858,512,500,438,159
2008-01-01,3978,Östergötland,210700.00000000003,416,394,286,495,433,829,377,580,690,345
2008-04-01,3425,Östergötland,216800.0,321,262,217,380,369,549,770,423,379,339
2008-07-01,2712,Östergötland,220300.0,321,252,150,255,224,547,427,473,361,236
2008-10-01,2342,Östergötland,214800.0,187,223,136,241,155,433,497,352,383,174
2009-01-01,2307,Östergötland,215100.0,140,129,129,339,128,478,307,375,537,254
2009-04-01,266,Östergötland,223600.0,106,76,77,219,122,415,575,248,340,179
2009-07-01,1495,Östergötland,222100.0,75,59,75,225,115,405,264,185,226,121
2009-10-01,289,Östergötland,218400.0,135,88,163,191,121,568,521,250,294,165
2010-01-01,2741,Östergötland,213900.0,154,185,189,368,151,752,356,347,549,292
2010-04-01,3212,Östergötland,223400.0,208,182,207,286,188,563,998,413,462,314
2010-07-01,2747,Östergötland,221600.0,383,263,251,288,185,569,448,309,321,262
2010-10-01,3552,Östergötland,217800.0,573,430,282,308,235,592,595,466,470,336
2011-01-01,4741,Östergötland,212800.0,606,423,361,525,407,906,565,692,815,590
2011-04-01,4926,Östergötland,217100.0,589,548,330,440,420,766,972,757,556,527
2011-07-01,3468,Östergötland,221000.0,395,372,243,357,345,697,508,472,349,315
2011-10-01,4200,Östergötland,216500.0,748,491,210,382,290,770,583,569,437,266
2012-01-01,4468,Östergötland,219800.0,589,425,166,555,331,902,514,585,683,334
2012-04-01,4292,Östergötland,223200.00000000003,468,323,168,493,294,785,864,415,644,320
2012-07-01,3267,Östergötland,222100.0,416,222,172,448,265,683,431,354,416,268
2012-10-01,3500,Östergötland,221300.0,441,265,128,418,205,660,634,417,532,241
2013-01-01,3993,Östergötland,221000.0,445,288,103,559,266,740,534,463,750,378
2013-04-01,4101,Östergötland,225500.0,394,264,121,537,275,697,953,428,605,303
2013-07-01,2964,Östergötland,225400.0,240,151,109,469,245,627,510,321,472,195
2013-10-01,3409,Östergötland,221600.0,293,242,130,352,222,605,646,370,669,285
2014-01-01,4144,Östergötland,223300.0,373,330,121,496,317,716,627,474,866,377
2014-04-01,4830,Östergötland,230400.0,390,277,144,427,331,725,1369,517,866,290
2014-07-01,3655,Östergötland,234600.0,309,220,115,492,241,723,672,379,688,288
2014-10-01,4919,Östergötland,226600.0,392,307,138,530,307,756,1034,666,1022,439
2015-01-01,5843,Östergötland,227000.0,422,300,168,653,408,880,1041,720,1572,445
2015-04-01,5816,Östergötland,231500.0,519,298,160,471,410,1017,1367,581,1078,534
2015-07-01,3179,Östergötland,232500.0,317,206,100,240,205,745,473,363,475,364
2015-10-01,4381,Östergötland,225500.0,656,325,192,235,257,661,626,563,942,392
2016-01-01,4513,Östergötland,229000.0,597,313,185,271,368,751,660,664,891,365
2016-04-01,5717,Östergötland,234800.0,661,298,199,386,489,757,1362,719,1107,382
2016-07-01,4549,Östergötland,233300.0,560,302,158,399,384,767,693,612,868,297
2016-10-01,5940,Östergötland,229700.00000000003,902,409,205,448,464,850,1081,837,1135,420
2017-01-01,6192,Östergötland,232100.00000000003,781,414,265,698,493,927,904,879,1234,403
2017-04-01,5961,Östergötland,236800.0,736,406,234,552,471,785,1358,701,1162,343
2017-07-01,4163,Östergötland,238600.0,549,284,164,432,298,591,720,562,825,254
2017-10-01,4988,Östergötland,232100.00000000003,787,450,227,345,356,704,876,671,946,303
2018-01-01,5298,Östergötland,231400.0,872,367,248,548,411,735,748,666,989,415
2018-04-01,9115,Östergötland,238900.0,1286,526,342,782,1352,1442,1504,986,1238,661
2018-07-01,761,Östergötland,251800.0,991,486,310,741,974,1052,816,899,1200,477
2018-10-01,8112,Östergötland,241800.0,1370,456,348,808,738,1064,1319,1009,1412,576
2019-01-01,7883,Östergötland,243800.0,1249,447,244,970,692,1020,1114,938,1664,493
2019-04-01,715,Östergötland,249400.0,830,380,238,895,567,864,1519,764,1423,402
2019-07-01,3865,Östergötland,251700.0,503,199,156,514,336,550,641,469,806,214
