date,ID,pop,avg_age,mvu_lvu_share_pop,labour_force_share,w_ave_socio_index,w_ave_urban_index
2007-07-01,Capital,1638382,39.5,18.605184871415826,55.35949491632598,1.0230027254110243,97.17117223193763
2007-07-01,Central Denmark,1228965,39.1,13.293462385015035,53.215510612588645,0.9634801397924272,83.36731054179737
2007-07-01,North Denmark,577062,40.6,11.338296404892368,50.601148576756046,0.9269681594005496,79.22844235108188
2007-07-01,Southern Denmark,1190671,40.3,11.66417927370365,51.14763020179379,1.0285124869453677,82.42092576370803
2007-07-01,Zealand,816915,40.9,11.358342055170978,51.535349454961654,1.0253523316379305,79.39047171370338
2007-08-01,Capital,1638382,39.5,18.605184871415826,55.35949491632598,1.0230027254110243,97.17117223193763
2007-08-01,Central Denmark,1228965,39.1,13.293462385015035,53.215510612588645,0.9634801397924272,83.36731054179737
2007-08-01,North Denmark,577062,40.6,11.338296404892368,50.601148576756046,0.9269681594005496,79.22844235108188
2007-08-01,Southern Denmark,1190671,40.3,11.66417927370365,51.14763020179379,1.0285124869453677,82.42092576370803
2007-08-01,Zealand,816915,40.9,11.358342055170978,51.535349454961654,1.0253523316379305,79.39047171370338
2007-09-01,Capital,1638382,39.5,18.605184871415826,55.35949491632598,1.1036763933015317,97.17117223193763
2007-09-01,Central Denmark,1228965,39.1,13.293462385015035,53.215510612588645,0.9042998458052102,83.36731054179737
2007-09-01,North Denmark,577062,40.6,11.338296404892368,50.601148576756046,0.9666575515282586,79.22844235108188
2007-09-01,Southern Denmark,1190671,40.3,11.66417927370365,51.14763020179379,0.9990031417787232,82.42092576370803
2007-09-01,Zealand,816915,40.9,11.358342055170978,51.535349454961654,0.9664603171688608,79.39047171370338
2007-10-01,Capital,1638436,39.5,18.60457167689186,55.17456891816342,1.1035247262472991,97.16909396096052
2007-10-01,Central Denmark,1231121,39.1,13.270182216045376,52.39127591845157,0.9040580657790748,83.35400224673285
2007-10-01,North Denmark,577540,40.6,11.328912283131904,51.59815770336253,0.9665783149219102,79.21803320982097
2007-10-01,Southern Denmark,1192164,40.3,11.649571703222039,50.91581359611597,0.9987746123319642,82.40327756919349
2007-10-01,Zealand,818161,40.9,11.341044122122664,51.701315511250236,0.9664444773094782,79.38092600356164
2007-11-01,Capital,1638436,39.5,18.60457167689186,55.17456891816342,1.1035247262472991,97.16909396096052
2007-11-01,Central Denmark,1231121,39.1,13.270182216045376,52.39127591845157,0.9040580657790748,83.35400224673285
2007-11-01,North Denmark,577540,40.6,11.328912283131904,51.59815770336253,0.9665783149219102,79.21803320982097
2007-11-01,Southern Denmark,1192164,40.3,11.649571703222039,50.91581359611597,0.9987746123319642,82.40327756919349
2007-11-01,Zealand,818161,40.9,11.341044122122664,51.701315511250236,0.9664444773094782,79.38092600356164
2007-12-01,Capital,1638436,39.5,18.60457167689186,55.17456891816342,1.1035247262472991,97.16909396096052
2007-12-01,Central Denmark,1231121,39.1,13.270182216045376,52.39127591845157,0.9040580657790748,83.35400224673285
2007-12-01,North Denmark,577540,40.6,11.328912283131904,51.59815770336253,0.9665783149219102,79.21803320982097
2007-12-01,Southern Denmark,1192164,40.3,11.649571703222039,50.91581359611597,0.9987746123319642,82.40327756919349
2007-12-01,Zealand,818161,40.9,11.341044122122664,51.701315511250236,0.9664444773094782,79.38092600356164
2008-01-01,Capital,1644835,39.5,18.532193198709898,54.71673450528473,1.1038572198993275,97.17755698624524
2008-01-01,Central Denmark,1235009,39.1,13.228405622954973,52.631195400195466,0.90436322326396,83.38392894302795
2008-01-01,North Denmark,578429,40.6,11.311500633612768,51.173091252340384,0.9665534750159483,79.24201016892306
2008-01-01,Southern Denmark,1193488,40.3,11.636648210958132,51.36205810196667,0.9987882286302338,82.41277901411661
2008-01-01,Zealand,819148,40.9,11.327379179342437,51.516941993388265,0.9662749222362748,79.38578462011748
2008-02-01,Capital,1644835,39.5,18.532193198709898,54.71673450528473,1.1038572198993275,97.17755698624524
2008-02-01,Central Denmark,1235009,39.1,13.228405622954973,52.631195400195466,0.90436322326396,83.38392894302795
2008-02-01,North Denmark,578429,40.6,11.311500633612768,51.173091252340384,0.9665534750159483,79.24201016892306
2008-02-01,Southern Denmark,1193488,40.3,11.636648210958132,51.36205810196667,0.9987882286302338,82.41277901411661
2008-02-01,Zealand,819148,40.9,11.327379179342437,51.516941993388265,0.9662749222362748,79.38578462011748
2008-03-01,Capital,1644835,39.5,18.532193198709898,54.71673450528473,1.1038572198993275,97.17755698624524
2008-03-01,Central Denmark,1235009,39.1,13.228405622954973,52.631195400195466,0.90436322326396,83.38392894302795
2008-03-01,North Denmark,578429,40.6,11.311500633612768,51.173091252340384,0.9665534750159483,79.24201016892306
2008-03-01,Southern Denmark,1193488,40.3,11.636648210958132,51.36205810196667,0.9987882286302338,82.41277901411661
2008-03-01,Zealand,819148,40.9,11.327379179342437,51.516941993388265,0.9662749222362748,79.38578462011748
2008-04-01,Capital,1645825,39.5,18.52104567618064,53.46862515759574,1.1040826527332264,97.17964057265809
2008-04-01,Central Denmark,1237041,39.2,13.206676254061104,51.65552313949174,0.9042837868752936,83.38488158436141
2008-04-01,North Denmark,578839,40.7,11.303488534808471,49.58200812315688,0.9665123289895808,79.23648199240205
2008-04-01,Southern Denmark,1194659,40.5,11.625242014666949,50.47465427372999,0.9987089689256384,82.41170241884923
2008-04-01,Zealand,819427,41.1,11.323522412612714,52.353656884627924,0.9662238491043129,79.38262456570261
2008-05-01,Capital,1645825,39.5,18.52104567618064,53.46862515759574,1.1040826527332264,97.21398030903023
2008-05-01,Central Denmark,1237041,39.2,13.206676254061104,51.65552313949174,0.9042837868752936,83.6054214047877
2008-05-01,North Denmark,578839,40.7,11.303488534808471,49.58200812315688,0.9665123289895808,79.32541311141786
2008-05-01,Southern Denmark,1194659,40.5,11.625242014666949,50.47465427372999,0.9987089689256384,82.50659928900214
2008-05-01,Zealand,819427,41.1,11.323522412612714,52.353656884627924,0.9662238491043129,79.67723616624788
2008-06-01,Capital,1645825,39.5,18.52104567618064,53.46862515759574,1.1040826527332264,97.21398030903023
2008-06-01,Central Denmark,1237041,39.2,13.206676254061104,51.65552313949174,0.9042837868752936,83.6054214047877
2008-06-01,North Denmark,578839,40.7,11.303488534808471,49.58200812315688,0.9665123289895808,79.32541311141786
2008-06-01,Southern Denmark,1194659,40.5,11.625242014666949,50.47465427372999,0.9987089689256384,82.50659928900214
2008-06-01,Zealand,819427,41.1,11.323522412612714,52.353656884627924,0.9662238491043129,79.67723616624788
2008-07-01,Capital,1648990,39.5,19.020248758330855,54.09371797281972,1.1041391876746625,97.21887796440771
2008-07-01,Central Denmark,1238683,39.2,13.572883457672384,52.15216483959172,0.9042149524938988,83.60794674666559
2008-07-01,North Denmark,579148,40.7,11.63968450206165,49.90088889195853,0.966486114084828,79.31859973616416
2008-07-01,Southern Denmark,1195741,40.5,11.962791273361034,50.178090405865476,0.998623685709846,82.50530031168955
2008-07-01,Zealand,819704,41.1,11.557586641031394,49.530074270712355,0.9661839517679552,79.678678034998
2008-08-01,Capital,1648990,39.5,19.020248758330855,54.09371797281972,1.1041391876746625,97.21887796440771
2008-08-01,Central Denmark,1238683,39.2,13.572883457672384,52.15216483959172,0.9042149524938988,83.60794674666559
2008-08-01,North Denmark,579148,40.7,11.63968450206165,49.90088889195853,0.966486114084828,79.31859973616416
2008-08-01,Southern Denmark,1195741,40.5,11.962791273361034,50.178090405865476,0.998623685709846,82.50530031168955
2008-08-01,Zealand,819704,41.1,11.557586641031394,49.530074270712355,0.9661839517679552,79.678678034998
2008-09-01,Capital,1648990,39.5,19.020248758330855,54.09371797281972,1.106297753163329,97.21887796440771
2008-09-01,Central Denmark,1238683,39.2,13.572883457672384,52.15216483959172,0.8970925006640117,83.60794674666559
2008-09-01,North Denmark,579148,40.7,11.63968450206165,49.90088889195853,0.9530629994405576,79.31859973616416
2008-09-01,Southern Denmark,1195741,40.5,11.962791273361034,50.178090405865476,1.0006356330173856,82.50530031168955
2008-09-01,Zealand,819704,41.1,11.557586641031394,49.530074270712355,0.976475813220382,79.678678034998
2008-10-01,Capital,1650985,39.5,18.997265268915218,52.8169547270266,1.1059087156282843,97.21617714135144
2008-10-01,Central Denmark,1240576,39.2,13.552172539207591,52.95927053239785,0.8968562909487205,83.59820011027136
2008-10-01,North Denmark,579602,40.7,11.630567182307859,52.449784507299825,0.9529406730825636,79.30583590118735
2008-10-01,Southern Denmark,1197263,40.5,11.947583780673087,51.20011225603732,1.0004923132367864,82.49682768113607
2008-10-01,Zealand,820596,41.1,11.545023373255534,51.304174039356774,0.9763603649055076,79.67698806720969
2008-11-01,Capital,1650985,39.5,18.997265268915218,52.8169547270266,1.1059087156282843,97.21617714135144
2008-11-01,Central Denmark,1240576,39.2,13.552172539207591,52.95927053239785,0.8968562909487205,83.59820011027136
2008-11-01,North Denmark,579602,40.7,11.630567182307859,52.449784507299825,0.9529406730825636,79.30583590118735
2008-11-01,Southern Denmark,1197263,40.5,11.947583780673087,51.20011225603732,1.0004923132367864,82.49682768113607
2008-11-01,Zealand,820596,41.1,11.545023373255534,51.304174039356774,0.9763603649055076,79.67698806720969
2008-12-01,Capital,1650985,39.5,18.997265268915218,52.8169547270266,1.1059087156282843,97.21617714135144
2008-12-01,Central Denmark,1240576,39.2,13.552172539207591,52.95927053239785,0.8968562909487205,83.59820011027136
2008-12-01,North Denmark,579602,40.7,11.630567182307859,52.449784507299825,0.9529406730825636,79.30583590118735
2008-12-01,Southern Denmark,1197263,40.5,11.947583780673087,51.20011225603732,1.0004923132367864,82.49682768113607
2008-12-01,Zealand,820596,41.1,11.545023373255534,51.304174039356774,0.9763603649055076,79.67698806720969
2009-01-01,Capital,1660042,39.5,18.893618354234405,50.23969273066586,1.106433050070424,97.2291643924908
2009-01-01,Central Denmark,1245355,39.2,13.500166619156785,54.36200922628488,0.8973497275877161,83.63602755840705
2009-01-01,North Denmark,580391,40.7,11.614756259142544,52.72307806289207,0.9529716863286992,79.33185628309191
2009-01-01,Southern Denmark,1198899,40.5,11.931280282992981,52.96526229482217,1.000609857115057,82.50757219749121
2009-01-01,Zealand,821308,41.1,11.535014878705676,52.23375396319042,0.97602222308805,79.69516965620694
2009-02-01,Capital,1660042,39.5,18.893618354234405,50.23969273066586,1.106433050070424,97.2291643924908
2009-02-01,Central Denmark,1245355,39.2,13.500166619156785,54.36200922628488,0.8973497275877161,83.63602755840705
2009-02-01,North Denmark,580391,40.7,11.614756259142544,52.72307806289207,0.9529716863286992,79.33185628309191
2009-02-01,Southern Denmark,1198899,40.5,11.931280282992981,52.96526229482217,1.000609857115057,82.50757219749121
2009-02-01,Zealand,821308,41.1,11.535014878705676,52.23375396319042,0.97602222308805,79.69516965620694
2009-03-01,Capital,1660042,39.5,18.893618354234405,50.23969273066586,1.106433050070424,97.2291643924908
2009-03-01,Central Denmark,1245355,39.2,13.500166619156785,54.36200922628488,0.8973497275877161,83.63602755840705
2009-03-01,North Denmark,580391,40.7,11.614756259142544,52.72307806289207,0.9529716863286992,79.33185628309191
2009-03-01,Southern Denmark,1198899,40.5,11.931280282992981,52.96526229482217,1.000609857115057,82.50757219749121
2009-03-01,Zealand,821308,41.1,11.535014878705676,52.23375396319042,0.97602222308805,79.69516965620694
2009-04-01,Capital,1662285,39.5,18.868124298781492,49.57032037225867,1.1066540688212951,97.23301808639091
2009-04-01,Central Denmark,1247732,39.3,13.474448038521093,55.140046099643186,0.8973803589232303,83.64498578220322
2009-04-01,North Denmark,580515,40.9,11.612275307270266,52.53955539477877,0.9529485198487548,79.33348164991429
2009-04-01,Southern Denmark,1199667,40.6,11.923642144028301,52.34785986444572,1.0005845916068437,82.5126565955386
2009-04-01,Zealand,821252,41.3,11.53580143488235,51.14142796608107,0.975832192798313,79.69932481138555
2009-05-01,Capital,1662285,39.5,18.868124298781492,49.57032037225867,1.1066540688212951,97.25247513971031
2009-05-01,Central Denmark,1247732,39.3,13.474448038521093,55.140046099643186,0.8973803589232303,83.86620949049954
2009-05-01,North Denmark,580515,40.9,11.612275307270266,52.53955539477877,0.9529485198487548,79.52625737491711
2009-05-01,Southern Denmark,1199667,40.6,11.923642144028301,52.34785986444572,1.0005845916068437,82.68803601332702
2009-05-01,Zealand,821252,41.3,11.53580143488235,51.14142796608107,0.975832192798313,79.82890136036198
2009-06-01,Capital,1662285,39.5,18.868124298781492,49.57032037225867,1.1066540688212951,97.25247513971031
2009-06-01,Central Denmark,1247732,39.3,13.474448038521093,55.140046099643186,0.8973803589232303,83.86620949049954
2009-06-01,North Denmark,580515,40.9,11.612275307270266,52.53955539477877,0.9529485198487548,79.52625737491711
2009-06-01,Southern Denmark,1199667,40.6,11.923642144028301,52.34785986444572,1.0005845916068437,82.68803601332702
2009-06-01,Zealand,821252,41.3,11.53580143488235,51.14142796608107,0.975832192798313,79.82890136036198
2009-07-01,Capital,1665879,39.5,19.432984028251752,50.543887041015594,1.1068796513355563,97.25910750787165
2009-07-01,Central Denmark,1249162,39.3,13.851526063072686,53.555903877959786,0.8974448950576467,83.87466109279661
2009-07-01,North Denmark,579908,40.9,11.93896273201956,54.14651979279472,0.9529381901956862,79.5366601253992
2009-07-01,Southern Denmark,1199569,40.6,12.190295014292635,51.10168735604205,1.0006517078661938,82.6979370924057
2009-07-01,Zealand,820769,41.3,11.741671529991994,50.806012410312775,0.9755567522652536,79.83859271000732
2009-08-01,Capital,1665879,39.5,19.432984028251752,50.543887041015594,1.1068796513355563,97.25910750787165
2009-08-01,Central Denmark,1249162,39.3,13.851526063072686,53.555903877959786,0.8974448950576467,83.87466109279661
2009-08-01,North Denmark,579908,40.9,11.93896273201956,54.14651979279472,0.9529381901956862,79.5366601253992
2009-08-01,Southern Denmark,1199569,40.6,12.190295014292635,51.10168735604205,1.0006517078661938,82.6979370924057
2009-08-01,Zealand,820769,41.3,11.741671529991994,50.806012410312775,0.9755567522652536,79.83859271000732
2009-09-01,Capital,1665879,39.5,19.432984028251752,50.543887041015594,1.111016655810924,97.25910750787165
2009-09-01,Central Denmark,1249162,39.3,13.851526063072686,53.555903877959786,0.8997770985668793,83.87466109279661
2009-09-01,North Denmark,579908,40.9,11.93896273201956,54.14651979279472,0.954523596846396,79.5366601253992
2009-09-01,Southern Denmark,1199569,40.6,12.190295014292635,51.10168735604205,0.997561618559194,82.6979370924057
2009-09-01,Zealand,820769,41.3,11.741671529991994,50.806012410312775,0.9734279437941736,79.83859271000732
2009-10-01,Capital,1668564,39.5,19.40171308981855,50.2228263345008,1.110769269035588,97.25821811279457
2009-10-01,Central Denmark,1249892,39.3,13.843436072876694,54.004666003142674,0.8995912526842319,83.86762048240969
2009-10-01,North Denmark,579741,40.9,11.942401865660699,53.64464476378245,0.9544924543891152,79.52857413914144
2009-10-01,Southern Denmark,1200158,40.6,12.184312398867483,52.15979895980362,0.9974393321852112,82.69256356246427
2009-10-01,Zealand,821086,41.3,11.737138375273723,50.42102776079484,0.9733210406705266,79.84212518542516
2009-11-01,Capital,1668564,39.5,19.40171308981855,50.2228263345008,1.110769269035588,97.25821811279457
2009-11-01,Central Denmark,1249892,39.3,13.843436072876694,54.004666003142674,0.8995912526842319,83.86762048240969
2009-11-01,North Denmark,579741,40.9,11.942401865660699,53.64464476378245,0.9544924543891152,79.52857413914144
2009-11-01,Southern Denmark,1200158,40.6,12.184312398867483,52.15979895980362,0.9974393321852112,82.69256356246427
2009-11-01,Zealand,821086,41.3,11.737138375273723,50.42102776079484,0.9733210406705266,79.84212518542516
2009-12-01,Capital,1668564,39.5,19.40171308981855,50.2228263345008,1.110769269035588,97.25821811279457
2009-12-01,Central Denmark,1249892,39.3,13.843436072876694,54.004666003142674,0.8995912526842319,83.86762048240969
2009-12-01,North Denmark,579741,40.9,11.942401865660699,53.64464476378245,0.9544924543891152,79.52857413914144
2009-12-01,Southern Denmark,1200158,40.6,12.184312398867483,52.15979895980362,0.9974393321852112,82.69256356246427
2009-12-01,Zealand,821086,41.3,11.737138375273723,50.42102776079484,0.9733210406705266,79.84212518542516
2010-01-01,Capital,1678220,39.5,19.290081157416786,49.69551071969111,1.1111449380466318,97.27506729268579
2010-01-01,Central Denmark,1253479,39.3,13.803821204822734,54.249014143834884,0.9002060425423961,83.91318586111136
2010-01-01,North Denmark,579689,40.9,11.943473138182714,54.16697574044014,0.9544881824564552,79.55794348348856
2010-01-01,Southern Denmark,1200372,40.6,12.182140203203671,52.31711502767475,0.997588422888636,82.70887874758823
2010-01-01,Zealand,820771,41.3,11.741642918670372,50.318541956282566,0.9730280431447992,79.85885600246597
2010-02-01,Capital,1678220,39.5,19.290081157416786,49.69551071969111,1.1111449380466318,97.27506729268579
2010-02-01,Central Denmark,1253479,39.3,13.803821204822734,54.249014143834884,0.9002060425423961,83.91318586111136
2010-02-01,North Denmark,579689,40.9,11.943473138182714,54.16697574044014,0.9544881824564552,79.55794348348856
2010-02-01,Southern Denmark,1200372,40.6,12.182140203203671,52.31711502767475,0.997588422888636,82.70887874758823
2010-02-01,Zealand,820771,41.3,11.741642918670372,50.318541956282566,0.9730280431447992,79.85885600246597
2010-03-01,Capital,1678220,39.5,19.290081157416786,49.69551071969111,1.1111449380466318,97.27506729268579
2010-03-01,Central Denmark,1253479,39.3,13.803821204822734,54.249014143834884,0.9002060425423961,83.91318586111136
2010-03-01,North Denmark,579689,40.9,11.943473138182714,54.16697574044014,0.9544881824564552,79.55794348348856
2010-03-01,Southern Denmark,1200372,40.6,12.182140203203671,52.31711502767475,0.997588422888636,82.70887874758823
2010-03-01,Zealand,820771,41.3,11.741642918670372,50.318541956282566,0.9730280431447992,79.85885600246597
2010-04-01,Capital,1680271,39.5,19.26653498155952,48.86116584765195,1.1110605772034974,97.27995690912229
2010-04-01,Central Denmark,1253998,39.5,13.798108130953956,53.26962243958921,0.9001280863286863,83.91361062776815
2010-04-01,North Denmark,579628,41.1,11.94473006825067,51.41228512080161,0.9545034746423571,79.56970108414363
2010-04-01,Southern Denmark,1200277,40.8,12.183104400067652,50.48834560688908,0.9976520794484164,82.71393061768242
2010-04-01,Zealand,820564,41.5,11.744604930267474,50.0875007921381,0.9728680639170132,79.86693042833953
2010-05-01,Capital,1680271,39.5,19.26653498155952,48.86116584765195,1.1110605772034974,97.28704976282162
2010-05-01,Central Denmark,1253998,39.5,13.798108130953956,53.26962243958921,0.9001280863286863,84.12651846334683
2010-05-01,North Denmark,579628,41.1,11.94473006825067,51.41228512080161,0.9545034746423571,79.94134255073944
2010-05-01,Southern Denmark,1200277,40.8,12.183104400067652,50.48834560688908,0.9976520794484164,82.90911647894612
2010-05-01,Zealand,820564,41.5,11.744604930267474,50.0875007921381,0.9728680639170132,80.18989499904943
2010-06-01,Capital,1680271,39.5,19.26653498155952,48.86116584765195,1.1110605772034974,97.28704976282162
2010-06-01,Central Denmark,1253998,39.5,13.798108130953956,53.26962243958921,0.9001280863286863,84.12651846334683
2010-06-01,North Denmark,579628,41.1,11.94473006825067,51.41228512080161,0.9545034746423571,79.94134255073944
2010-06-01,Southern Denmark,1200277,40.8,12.183104400067652,50.48834560688908,0.9976520794484164,82.90911647894612
2010-06-01,Zealand,820564,41.5,11.744604930267474,50.0875007921381,0.9728680639170132,80.18989499904943
2010-07-01,Capital,1684985,39.5,19.915548209627982,48.72446935729398,1.1113295091356383,97.29402439929136
2010-07-01,Central Denmark,1255106,39.5,14.191948727836534,54.65673815598046,0.900156162109017,84.13346155623509
2010-07-01,North Denmark,579489,41.1,12.234054485935022,50.906919717199116,0.9544873500618648,79.94966082186205
2010-07-01,Southern Denmark,1200478,40.8,12.437962211719,50.063391415752726,0.9976694821969736,82.91437335794575
2010-07-01,Zealand,820183,41.5,11.949650260978347,50.232691972401284,0.9727245261118552,80.19653406617792
2010-08-01,Capital,1684985,39.5,19.915548209627982,48.72446935729398,1.1113295091356383,97.29402439929136
2010-08-01,Central Denmark,1255106,39.5,14.191948727836534,54.65673815598046,0.900156162109017,84.13346155623509
2010-08-01,North Denmark,579489,41.1,12.234054485935022,50.906919717199116,0.9544873500618648,79.94966082186205
2010-08-01,Southern Denmark,1200478,40.8,12.437962211719,50.063391415752726,0.9976694821969736,82.91437335794575
2010-08-01,Zealand,820183,41.5,11.949650260978347,50.232691972401284,0.9727245261118552,80.19653406617792
2010-09-01,Capital,1684985,39.5,19.915548209627982,48.72446935729398,1.1003273161076277,97.29402439929136
2010-09-01,Central Denmark,1255106,39.5,14.191948727836534,54.65673815598046,0.9029760195553204,84.13346155623509
2010-09-01,North Denmark,579489,41.1,12.234054485935022,50.906919717199116,0.9678077237013992,79.94966082186205
2010-09-01,Southern Denmark,1200478,40.8,12.437962211719,50.063391415752726,0.9981346466741656,82.91437335794575
2010-09-01,Zealand,820183,41.5,11.949650260978347,50.232691972401284,0.9791361318144852,80.19653406617792
2010-10-01,Capital,1687071,39.5,19.89092338141074,51.27229381573154,1.1001464099942206,97.29349095274084
2010-10-01,Central Denmark,1255876,39.5,14.183247390665956,52.79183613668865,0.9027878150390644,84.12793444575739
2010-10-01,North Denmark,579422,41.1,12.235469139936006,50.91280621032684,0.9677879334923424,79.94255067981541
2010-10-01,Southern Denmark,1200841,40.8,12.434202363177139,50.298082760332136,0.9981532955464752,82.91961092267837
2010-10-01,Zealand,820609,41.5,11.943446879086142,49.597311265170134,0.9789823777219114,80.19956495724516
2010-11-01,Capital,1687071,39.5,19.89092338141074,51.27229381573154,1.1001464099942206,97.29349095274084
2010-11-01,Central Denmark,1255876,39.5,14.183247390665956,52.79183613668865,0.9027878150390644,84.12793444575739
2010-11-01,North Denmark,579422,41.1,12.235469139936006,50.91280621032684,0.9677879334923424,79.94255067981541
2010-11-01,Southern Denmark,1200841,40.8,12.434202363177139,50.298082760332136,0.9981532955464752,82.91961092267837
2010-11-01,Zealand,820609,41.5,11.943446879086142,49.597311265170134,0.9789823777219114,80.19956495724516
2010-12-01,Capital,1687071,39.5,19.89092338141074,51.27229381573154,1.1001464099942206,97.29349095274084
2010-12-01,Central Denmark,1255876,39.5,14.183247390665956,52.79183613668865,0.9027878150390644,84.12793444575739
2010-12-01,North Denmark,579422,41.1,12.235469139936006,50.91280621032684,0.9677879334923424,79.94255067981541
2010-12-01,Southern Denmark,1200841,40.8,12.434202363177139,50.298082760332136,0.9981532955464752,82.91961092267837
2010-12-01,Zealand,820609,41.5,11.943446879086142,49.597311265170134,0.9789823777219114,80.19956495724516
2011-01-01,Capital,1697490,39.5,19.76883516250464,53.7263842496863,1.1010421315945131,97.31265114328065
2011-01-01,Central Denmark,1259970,39.5,14.137161995920536,51.350428978467754,0.9034093668896879,84.1769650864703
2011-01-01,North Denmark,579275,41.1,12.238574079668552,49.0268007423072,0.9677958309956411,79.97480195071425
2011-01-01,Southern Denmark,1200666,40.8,12.436014678520088,49.05610719384075,0.9983796713463244,82.94198120043373
2011-01-01,Zealand,820308,41.5,11.94782935190197,49.37169941046535,0.9785133267016778,80.2205142458686
2011-02-01,Capital,1697490,39.5,19.76883516250464,53.7263842496863,1.1010421315945131,97.31265114328065
2011-02-01,Central Denmark,1259970,39.5,14.137161995920536,51.350428978467754,0.9034093668896879,84.1769650864703
2011-02-01,North Denmark,579275,41.1,12.238574079668552,49.0268007423072,0.9677958309956411,79.97480195071425
2011-02-01,Southern Denmark,1200666,40.8,12.436014678520088,49.05610719384075,0.9983796713463244,82.94198120043373
2011-02-01,Zealand,820308,41.5,11.94782935190197,49.37169941046535,0.9785133267016778,80.2205142458686
2011-03-01,Capital,1697490,39.5,19.76883516250464,53.7263842496863,1.1010421315945131,97.31265114328065
2011-03-01,Central Denmark,1259970,39.5,14.137161995920536,51.350428978467754,0.9034093668896879,84.1769650864703
2011-03-01,North Denmark,579275,41.1,12.238574079668552,49.0268007423072,0.9677958309956411,79.97480195071425
2011-03-01,Southern Denmark,1200666,40.8,12.436014678520088,49.05610719384075,0.9983796713463244,82.94198120043373
2011-03-01,Zealand,820308,41.5,11.94782935190197,49.37169941046535,0.9785133267016778,80.2205142458686
2011-04-01,Capital,1699387,39.5,19.74676751087304,52.84258382581485,1.1013454418984838,97.3161721963193
2011-04-01,Central Denmark,1260993,39.6,14.125693005433021,50.039928849723985,0.9034341348445232,84.18172154801812
2011-04-01,North Denmark,579829,41.3,12.226880683787803,48.29009932238642,0.9677930389821828,79.99013002109244
2011-04-01,Southern Denmark,1200656,41.0,12.436118255353739,49.72281819272131,0.9983390758885768,82.94636448741355
2011-04-01,Zealand,819763,41.8,11.955772583051445,49.16055006142018,0.9783720538741074,80.22983972196842
2011-05-01,Capital,1699387,39.5,19.74676751087304,52.84258382581485,1.1013454418984838,97.35706596802315
2011-05-01,Central Denmark,1260993,39.6,14.125693005433021,50.039928849723985,0.9034341348445232,84.23437211784682
2011-05-01,North Denmark,579829,41.3,12.226880683787803,48.29009932238642,0.9677930389821828,80.12245006717498
2011-05-01,Southern Denmark,1200656,41.0,12.436118255353739,49.72281819272131,0.9983390758885768,83.14982826055092
2011-05-01,Zealand,819763,41.8,11.955772583051445,49.16055006142018,0.9783720538741074,80.41435756432044
2011-06-01,Capital,1699387,39.5,19.74676751087304,52.84258382581485,1.1013454418984838,97.35706596802315
2011-06-01,Central Denmark,1260993,39.6,14.125693005433021,50.039928849723985,0.9034341348445232,84.23437211784682
2011-06-01,North Denmark,579829,41.3,12.226880683787803,48.29009932238642,0.9677930389821828,80.12245006717498
2011-06-01,Southern Denmark,1200656,41.0,12.436118255353739,49.72281819272131,0.9983390758885768,83.14982826055092
2011-06-01,Zealand,819763,41.8,11.955772583051445,49.16055006142018,0.9783720538741074,80.41435756432044
2011-07-01,Capital,1702388,39.5,20.408802223699887,53.39558314555789,1.1016951294232509,97.36415772230585
2011-07-01,Central Denmark,1262115,39.6,14.5554882082853,50.39160456852189,0.9034275640492349,84.23797237177278
2011-07-01,North Denmark,579787,41.3,12.537017904851265,48.63855174400254,0.967775010477986,80.13202676155208
2011-07-01,Southern Denmark,1200858,41.0,12.68892741689692,49.881001750415116,0.998363165704637,83.1563542067422
2011-07-01,Zealand,819071,41.8,12.14094992985956,47.61491982990486,0.978213366118444,80.4222073544296
2011-08-01,Capital,1702388,39.5,20.408802223699887,53.39558314555789,1.1016951294232509,97.36415772230585
2011-08-01,Central Denmark,1262115,39.6,14.5554882082853,50.39160456852189,0.9034275640492349,84.23797237177278
2011-08-01,North Denmark,579787,41.3,12.537017904851265,48.63855174400254,0.967775010477986,80.13202676155208
2011-08-01,Southern Denmark,1200858,41.0,12.68892741689692,49.881001750415116,0.998363165704637,83.1563542067422
2011-08-01,Zealand,819071,41.8,12.14094992985956,47.61491982990486,0.978213366118444,80.4222073544296
2011-09-01,Capital,1702388,39.5,20.408802223699887,53.39558314555789,1.0952904716783285,97.36415772230585
2011-09-01,Central Denmark,1262115,39.6,14.5554882082853,50.39160456852189,0.8977489056068583,84.23797237177278
2011-09-01,North Denmark,579787,41.3,12.537017904851265,48.63855174400254,0.9718038693520208,80.13202676155208
2011-09-01,Southern Denmark,1200858,41.0,12.68892741689692,49.881001750415116,0.9980657447002405,83.1563542067422
2011-09-01,Zealand,819071,41.8,12.14094992985956,47.61491982990486,0.9856889329496464,80.4222073544296
2011-10-01,Capital,1704043,39.5,20.38898079449873,53.226356377157146,1.0951595421899154,97.36307312824762
2011-10-01,Central Denmark,1262704,39.6,14.54869866572055,51.001659929801455,0.8975657715505769,84.23002160442988
2011-10-01,North Denmark,579824,41.3,12.536217886807028,48.29051574270814,0.9717767977869144,80.12511934656034
2011-10-01,Southern Denmark,1201063,41.0,12.686761643644006,49.456190058306674,0.9979452373891704,83.1527530196168
2011-10-01,Zealand,819222,41.8,12.138712095134164,47.972344492701616,0.9854846671598174,80.42658632214467
2011-11-01,Capital,1704043,39.5,20.38898079449873,53.226356377157146,1.0951595421899154,97.36307312824762
2011-11-01,Central Denmark,1262704,39.6,14.54869866572055,51.001659929801455,0.8975657715505769,84.23002160442988
2011-11-01,North Denmark,579824,41.3,12.536217886807028,48.29051574270814,0.9717767977869144,80.12511934656034
2011-11-01,Southern Denmark,1201063,41.0,12.686761643644006,49.456190058306674,0.9979452373891704,83.1527530196168
2011-11-01,Zealand,819222,41.8,12.138712095134164,47.972344492701616,0.9854846671598174,80.42658632214467
2011-12-01,Capital,1704043,39.5,20.38898079449873,53.226356377157146,1.0951595421899154,97.36307312824762
2011-12-01,Central Denmark,1262704,39.6,14.54869866572055,51.001659929801455,0.8975657715505769,84.23002160442988
2011-12-01,North Denmark,579824,41.3,12.536217886807028,48.29051574270814,0.9717767977869144,80.12511934656034
2011-12-01,Southern Denmark,1201063,41.0,12.686761643644006,49.456190058306674,0.9979452373891704,83.1527530196168
2011-12-01,Zealand,819222,41.8,12.138712095134164,47.972344492701616,0.9854846671598174,80.42658632214467
2012-01-01,Capital,1713624,39.5,20.274984477341587,52.81205211878451,1.0960170853080708,97.3812187084007
2012-01-01,Central Denmark,1265601,39.6,14.515396242575662,50.72688785802161,0.8980726785140024,84.27162668171091
2012-01-01,North Denmark,580293,41.3,12.526085960023645,47.73450653376828,0.9718566655120776,80.1756600544897
2012-01-01,Southern Denmark,1201365,41.0,12.683572436353648,49.44375772558715,0.9980995576589952,83.17797755053627
2012-01-01,Zealand,818321,41.8,12.152077241082655,50.22478953857961,0.9849045545696616,80.44804972620769
2012-02-01,Capital,1713624,39.5,20.274984477341587,52.81205211878451,1.0960170853080708,97.3812187084007
2012-02-01,Central Denmark,1265601,39.6,14.515396242575662,50.72688785802161,0.8980726785140024,84.27162668171091
2012-02-01,North Denmark,580293,41.3,12.526085960023645,47.73450653376828,0.9718566655120776,80.1756600544897
2012-02-01,Southern Denmark,1201365,41.0,12.683572436353648,49.44375772558715,0.9980995576589952,83.17797755053627
2012-02-01,Zealand,818321,41.8,12.152077241082655,50.22478953857961,0.9849045545696616,80.44804972620769
2012-03-01,Capital,1713624,39.5,20.274984477341587,52.81205211878451,1.0960170853080708,97.3812187084007
2012-03-01,Central Denmark,1265601,39.6,14.515396242575662,50.72688785802161,0.8980726785140024,84.27162668171091
2012-03-01,North Denmark,580293,41.3,12.526085960023645,47.73450653376828,0.9718566655120776,80.1756600544897
2012-03-01,Southern Denmark,1201365,41.0,12.683572436353648,49.44375772558715,0.9980995576589952,83.17797755053627
2012-03-01,Zealand,818321,41.8,12.152077241082655,50.22478953857961,0.9849045545696616,80.44804972620769
2012-04-01,Capital,1714589,39.5,20.263573369478053,52.257421457853745,1.0961393910478128,97.38363538693228
2012-04-01,Central Denmark,1266682,39.8,14.503008647790052,49.736240034989045,0.8981939665993518,84.27872883644041
2012-04-01,North Denmark,579996,41.5,12.532500224139474,48.44860999041372,0.9718619438754752,80.17933054710724
2012-04-01,Southern Denmark,1201342,41.3,12.683815266593529,49.19498360999616,0.9980977975990992,83.18389001633172
2012-04-01,Zealand,817907,42.1,12.158228258224955,48.04947261730246,0.9846355392483498,80.45959503953384
2012-05-01,Capital,1714589,39.5,20.263573369478053,52.257421457853745,1.0961393910478128,97.42773793428469
2012-05-01,Central Denmark,1266682,39.8,14.503008647790052,49.736240034989045,0.8981939665993518,84.39759181862534
2012-05-01,North Denmark,579996,41.5,12.532500224139474,48.44860999041372,0.9718619438754752,80.29530065724595
2012-05-01,Southern Denmark,1201342,41.3,12.683815266593529,49.19498360999616,0.9980977975990992,83.22988091650838
2012-05-01,Zealand,817907,42.1,12.158228258224955,48.04947261730246,0.9846355392483498,80.82183169969203
2012-06-01,Capital,1714589,39.5,20.263573369478053,52.257421457853745,1.0961393910478128,97.42773793428469
2012-06-01,Central Denmark,1266682,39.8,14.503008647790052,49.736240034989045,0.8981939665993518,84.39759181862534
2012-06-01,North Denmark,579996,41.5,12.532500224139474,48.44860999041372,0.9718619438754752,80.29530065724595
2012-06-01,Southern Denmark,1201342,41.3,12.683815266593529,49.19498360999616,0.9980977975990992,83.22988091650838
2012-06-01,Zealand,817907,42.1,12.158228258224955,48.04947261730246,0.9846355392483498,80.82183169969203
2012-07-01,Capital,1718418,39.5,20.917378658743104,53.01387671684073,1.0965118851898517,97.43555523870769
2012-07-01,Central Denmark,1267828,39.8,14.872837640437028,49.296907782443675,0.89829681155488,84.40596429484125
2012-07-01,North Denmark,579595,41.5,12.812567396199071,48.827198302262794,0.9718237734970108,80.29894391773566
2012-07-01,Southern Denmark,1201429,41.3,12.940173743100926,49.60759229217873,0.99811515850362,83.23788355366817
2012-07-01,Zealand,817488,42.1,12.307336621454995,45.505255123010976,0.9844783898968548,80.82995505744427
2012-08-01,Capital,1718418,39.5,20.917378658743104,53.01387671684073,1.0965118851898517,97.43555523870769
2012-08-01,Central Denmark,1267828,39.8,14.872837640437028,49.296907782443675,0.89829681155488,84.40596429484125
2012-08-01,North Denmark,579595,41.5,12.812567396199071,48.827198302262794,0.9718237734970108,80.29894391773566
2012-08-01,Southern Denmark,1201429,41.3,12.940173743100926,49.60759229217873,0.99811515850362,83.23788355366817
2012-08-01,Zealand,817488,42.1,12.307336621454995,45.505255123010976,0.9844783898968548,80.82995505744427
2012-09-01,Capital,1718418,39.5,20.917378658743104,53.01387671684073,1.085081763238987,97.43555523870769
2012-09-01,Central Denmark,1267828,39.8,14.872837640437028,49.296907782443675,0.8990754266351587,84.40596429484125
2012-09-01,North Denmark,579595,41.5,12.812567396199071,48.827198302262794,0.9668687790612412,80.29894391773566
2012-09-01,Southern Denmark,1201429,41.3,12.940173743100926,49.60759229217873,1.0040748069722,83.23788355366817
2012-09-01,Zealand,817488,42.1,12.307336621454995,45.505255123010976,0.9996020369717966,80.82995505744427
2012-10-01,Capital,1720152,39.5,20.89629288574498,52.61162966993614,1.0849838318465532,97.43642491372333
2012-10-01,Central Denmark,1268406,39.8,14.866060236233508,50.45703031994487,0.8990393139105303,84.40254059031571
2012-10-01,North Denmark,579332,41.5,12.818383931838738,47.81368886924941,0.9668124322495564,80.2952933723668
2012-10-01,Southern Denmark,1201586,41.3,12.938482971672439,49.351440512788926,1.0040128466631495,83.23596521597287
2012-10-01,Zealand,817609,42.1,12.305515227939026,47.700062010080615,0.9994461900492778,80.83241292598295
2012-11-01,Capital,1720152,39.5,20.89629288574498,52.61162966993614,1.0849838318465532,97.43642491372333
2012-11-01,Central Denmark,1268406,39.8,14.866060236233508,50.45703031994487,0.8990393139105303,84.40254059031571
2012-11-01,North Denmark,579332,41.5,12.818383931838738,47.81368886924941,0.9668124322495564,80.2952933723668
2012-11-01,Southern Denmark,1201586,41.3,12.938482971672439,49.351440512788926,1.0040128466631495,83.23596521597287
2012-11-01,Zealand,817609,42.1,12.305515227939026,47.700062010080615,0.9994461900492778,80.83241292598295
2012-12-01,Capital,1720152,39.5,20.89629288574498,52.61162966993614,1.0849838318465532,97.43642491372333
2012-12-01,Central Denmark,1268406,39.8,14.866060236233508,50.45703031994487,0.8990393139105303,84.40254059031571
2012-12-01,North Denmark,579332,41.5,12.818383931838738,47.81368886924941,0.9668124322495564,80.2952933723668
2012-12-01,Southern Denmark,1201586,41.3,12.938482971672439,49.351440512788926,1.0040128466631495,83.23596521597287
2012-12-01,Zealand,817609,42.1,12.305515227939026,47.700062010080615,0.9994461900492778,80.83241292598295
2013-01-01,Capital,1729952,39.5,20.777917537596423,52.024564843417615,1.0856114677886108,97.45335577453356
2013-01-01,Central Denmark,1271223,39.8,14.833117399543589,50.18788992961896,0.8996234492296001,84.4501969363361
2013-01-01,North Denmark,580273,41.5,12.797596993139438,47.73615177683608,0.9668952027752457,80.35881007732567
2013-01-01,Southern Denmark,1201547,41.3,12.938902930971489,48.68723404078242,1.004206060241585,83.26394256737355
2013-01-01,Zealand,816670,42.1,12.319664001371427,48.61204648144293,0.998937930865588,80.85445479814369
2013-02-01,Capital,1729952,39.5,20.777917537596423,52.024564843417615,1.0856114677886108,97.45335577453356
2013-02-01,Central Denmark,1271223,39.8,14.833117399543589,50.18788992961896,0.8996234492296001,84.4501969363361
2013-02-01,North Denmark,580273,41.5,12.797596993139438,47.73615177683608,0.9668952027752457,80.35881007732567
2013-02-01,Southern Denmark,1201547,41.3,12.938902930971489,48.68723404078242,1.004206060241585,83.26394256737355
2013-02-01,Zealand,816670,42.1,12.319664001371427,48.61204648144293,0.998937930865588,80.85445479814369
2013-03-01,Capital,1729952,39.5,20.777917537596423,52.024564843417615,1.0856114677886108,97.45335577453356
2013-03-01,Central Denmark,1271223,39.8,14.833117399543589,50.18788992961896,0.8996234492296001,84.4501969363361
2013-03-01,North Denmark,580273,41.5,12.797596993139438,47.73615177683608,0.9668952027752457,80.35881007732567
2013-03-01,Southern Denmark,1201547,41.3,12.938902930971489,48.68723404078242,1.004206060241585,83.26394256737355
2013-03-01,Zealand,816670,42.1,12.319664001371427,48.61204648144293,0.998937930865588,80.85445479814369
2013-04-01,Capital,1732068,39.6,20.7525339651792,52.30741518231386,1.0857563037825009,97.45885751303713
2013-04-01,Central Denmark,1272510,40.0,14.818115378268148,50.0585457088746,0.8996710752764221,84.45704772457584
2013-04-01,North Denmark,580272,41.7,12.797619047619047,48.253232966608756,0.9668988164171284,80.36465950450824
2013-04-01,Southern Denmark,1201419,41.5,12.940281450518096,46.94448814277117,1.0041714379978963,83.27089075501553
2013-04-01,Zealand,816359,42.4,12.324357298688446,46.91563393066041,0.9987087543592954,80.86268639164877
2013-05-01,Capital,1732068,39.6,20.7525339651792,52.30741518231386,1.0857563037825009,97.51662546132276
2013-05-01,Central Denmark,1272510,40.0,14.818115378268148,50.0585457088746,0.8996710752764221,84.68123221035594
2013-05-01,North Denmark,580272,41.7,12.797619047619047,48.253232966608756,0.9668988164171284,80.50590257672262
2013-05-01,Southern Denmark,1201419,41.5,12.940281450518096,46.94448814277117,1.0041714379978963,83.49219864177276
2013-05-01,Zealand,816359,42.4,12.324357298688446,46.91563393066041,0.9987087543592954,80.8058206009856
2013-06-01,Capital,1732068,39.6,20.7525339651792,52.30741518231386,1.0857563037825009,97.51662546132276
2013-06-01,Central Denmark,1272510,40.0,14.818115378268148,50.0585457088746,0.8996710752764221,84.68123221035594
2013-06-01,North Denmark,580272,41.7,12.797619047619047,48.253232966608756,0.9668988164171284,80.50590257672262
2013-06-01,Southern Denmark,1201419,41.5,12.940281450518096,46.94448814277117,1.0041714379978963,83.49219864177276
2013-06-01,Zealand,816359,42.4,12.324357298688446,46.91563393066041,0.9987087543592954,80.8058206009856
2013-07-01,Capital,1735521,39.6,21.391962413592232,51.45428951882461,1.0861856636024867,97.52427163542849
2013-07-01,Central Denmark,1272929,40.0,15.172645135745986,50.19918628611651,0.8997910095535573,84.69499280792566
2013-07-01,North Denmark,579849,41.7,13.082716362363305,47.2536815619239,0.9668956055800734,80.5124739371802
2013-07-01,Southern Denmark,1201365,41.5,13.210389848214323,47.778984738193635,1.0042063036510651,83.50442937824891
2013-07-01,Zealand,816172,42.4,12.467960184862996,48.02909190709803,0.9984731159608514,80.81640021956156
2013-08-01,Capital,1735521,39.6,21.391962413592232,51.45428951882461,1.0861856636024867,97.52427163542849
2013-08-01,Central Denmark,1272929,40.0,15.172645135745986,50.19918628611651,0.8997910095535573,84.69499280792566
2013-08-01,North Denmark,579849,41.7,13.082716362363305,47.2536815619239,0.9668956055800734,80.5124739371802
2013-08-01,Southern Denmark,1201365,41.5,13.210389848214323,47.778984738193635,1.0042063036510651,83.50442937824891
2013-08-01,Zealand,816172,42.4,12.467960184862996,48.02909190709803,0.9984731159608514,80.81640021956156
2013-09-01,Capital,1735521,39.6,21.391962413592232,51.45428951882461,1.0675387641902954,97.52427163542849
2013-09-01,Central Denmark,1272929,40.0,15.172645135745986,50.19918628611651,0.9119595279862428,84.69499280792566
2013-09-01,North Denmark,579849,41.7,13.082716362363305,47.2536815619239,0.9530357213688392,80.5124739371802
2013-09-01,Southern Denmark,1201365,41.5,13.210389848214323,47.778984738193635,1.0163595212112355,83.50442937824891
2013-09-01,Zealand,816172,42.4,12.467960184862996,48.02909190709803,1.0148351327906373,80.81640021956156
2013-10-01,Capital,1736889,39.6,21.375113781018825,52.16222798348082,1.0674900175437891,97.52290659184696
2013-10-01,Central Denmark,1273814,40.0,15.162103729429884,50.32131849704903,0.9118956378246744,84.69194898156245
2013-10-01,North Denmark,579864,41.7,13.082377936895547,46.73509650538747,0.9530322282466231,80.50558217099183
2013-10-01,Southern Denmark,1201448,41.5,13.209477230808158,48.10861560383803,1.0163169797637572,83.50209022779181
2013-10-01,Zealand,816769,42.4,12.458846993458373,46.40234876690962,1.014562012025432,80.82140421587991
2013-11-01,Capital,1736889,39.6,21.375113781018825,52.16222798348082,1.0674900175437891,97.52290659184696
2013-11-01,Central Denmark,1273814,40.0,15.162103729429884,50.32131849704903,0.9118956378246744,84.69194898156245
2013-11-01,North Denmark,579864,41.7,13.082377936895547,46.73509650538747,0.9530322282466231,80.50558217099183
2013-11-01,Southern Denmark,1201448,41.5,13.209477230808158,48.10861560383803,1.0163169797637572,83.50209022779181
2013-11-01,Zealand,816769,42.4,12.458846993458373,46.40234876690962,1.014562012025432,80.82140421587991
2013-12-01,Capital,1736889,39.6,21.375113781018825,52.16222798348082,1.0674900175437891,97.52290659184696
2013-12-01,Central Denmark,1273814,40.0,15.162103729429884,50.32131849704903,0.9118956378246744,84.69194898156245
2013-12-01,North Denmark,579864,41.7,13.082377936895547,46.73509650538747,0.9530322282466231,80.50558217099183
2013-12-01,Southern Denmark,1201448,41.5,13.209477230808158,48.10861560383803,1.0163169797637572,83.50209022779181
2013-12-01,Zealand,816769,42.4,12.458846993458373,46.40234876690962,1.014562012025432,80.82140421587991
2014-01-01,Capital,1747596,39.6,21.24415482754595,52.300417258908794,1.06797239585211,97.53842137098276
2014-01-01,Central Denmark,1276604,40.0,15.128967166012327,50.054676313093175,0.9123673433578464,84.74305571657305
2014-01-01,North Denmark,580886,41.7,13.059361045024323,48.54653064456709,0.9529860936569309,80.56634244929299
2014-01-01,Southern Denmark,1201955,41.5,13.203905304275118,47.589136032546975,1.016455033271154,83.53666085668766
2014-01-01,Zealand,816460,42.4,12.46356220757906,46.41991034465865,1.0140683805697768,80.8376124978566
2014-02-01,Capital,1747596,39.6,21.24415482754595,52.300417258908794,1.06797239585211,97.53842137098276
2014-02-01,Central Denmark,1276604,40.0,15.128967166012327,50.054676313093175,0.9123673433578464,84.74305571657305
2014-02-01,North Denmark,580886,41.7,13.059361045024323,48.54653064456709,0.9529860936569309,80.56634244929299
2014-02-01,Southern Denmark,1201955,41.5,13.203905304275118,47.589136032546975,1.016455033271154,83.53666085668766
2014-02-01,Zealand,816460,42.4,12.46356220757906,46.41991034465865,1.0140683805697768,80.8376124978566
2014-03-01,Capital,1747596,39.6,21.24415482754595,52.300417258908794,1.06797239585211,97.53842137098276
2014-03-01,Central Denmark,1276604,40.0,15.128967166012327,50.054676313093175,0.9123673433578464,84.74305571657305
2014-03-01,North Denmark,580886,41.7,13.059361045024323,48.54653064456709,0.9529860936569309,80.56634244929299
2014-03-01,Southern Denmark,1201955,41.5,13.203905304275118,47.589136032546975,1.016455033271154,83.53666085668766
2014-03-01,Zealand,816460,42.4,12.46356220757906,46.41991034465865,1.0140683805697768,80.8376124978566
2014-04-01,Capital,1749405,39.7,21.222186972141962,51.84619913627776,1.0680440743948345,97.54177686694507
2014-04-01,Central Denmark,1277538,40.2,15.117906473232107,48.53084604919775,0.9123809859276204,84.74842235612562
2014-04-01,North Denmark,581057,41.9,13.055517789132564,47.15544258136465,0.9529697258616624,80.57079684092955
2014-04-01,Southern Denmark,1202509,41.8,13.197822220041598,46.65245748680468,1.0164241894054382,83.5390293960378
2014-04-01,Zealand,816726,42.8,12.459502942235217,46.77211206696003,1.0138523078731425,80.84370106988145
2014-05-01,Capital,1749405,39.7,21.222186972141962,51.84619913627776,1.0680440743948345,97.52972397767124
2014-05-01,Central Denmark,1277538,40.2,15.117906473232107,48.53084604919775,0.9123809859276204,84.91234859550165
2014-05-01,North Denmark,581057,41.9,13.055517789132564,47.15544258136465,0.9529697258616624,80.72268693088631
2014-05-01,Southern Denmark,1202509,41.8,13.197822220041598,46.65245748680468,1.0164241894054382,83.60051617077292
2014-05-01,Zealand,816726,42.8,12.459502942235217,46.77211206696003,1.0138523078731425,80.97110438506917
2014-06-01,Capital,1749405,39.7,21.222186972141962,51.84619913627776,1.0680440743948345,97.52972397767124
2014-06-01,Central Denmark,1277538,40.2,15.117906473232107,48.53084604919775,0.9123809859276204,84.91234859550165
2014-06-01,North Denmark,581057,41.9,13.055517789132564,47.15544258136465,0.9529697258616624,80.72268693088631
2014-06-01,Southern Denmark,1202509,41.8,13.197822220041598,46.65245748680468,1.0164241894054382,83.60051617077292
2014-06-01,Zealand,816726,42.8,12.459502942235217,46.77211206696003,1.0138523078731425,80.97110438506917
2014-07-01,Capital,1753976,39.7,21.96409757032023,51.14095061734026,1.0683380637922049,97.53598925127231
2014-07-01,Central Denmark,1278840,40.2,15.56230646523412,48.55963216665103,0.9123893293922616,84.91768078883989
2014-07-01,North Denmark,581115,41.9,13.363964103490705,47.839067998588924,0.9529592077299676,80.72694079485126
2014-07-01,Southern Denmark,1203077,41.8,13.505868701670794,46.547311601834295,1.0164214595552428,83.60852023602813
2014-07-01,Zealand,817429,42.8,12.626540042009767,47.09889176919342,1.0136236174640243,80.98572194037645
2014-08-01,Capital,1753976,39.7,21.96409757032023,51.14095061734026,1.0683380637922049,97.53598925127231
2014-08-01,Central Denmark,1278840,40.2,15.56230646523412,48.55963216665103,0.9123893293922616,84.91768078883989
2014-08-01,North Denmark,581115,41.9,13.363964103490705,47.839067998588924,0.9529592077299676,80.72694079485126
2014-08-01,Southern Denmark,1203077,41.8,13.505868701670794,46.547311601834295,1.0164214595552428,83.60852023602813
2014-08-01,Zealand,817429,42.8,12.626540042009767,47.09889176919342,1.0136236174640243,80.98572194037645
2014-09-01,Capital,1753976,39.7,21.96409757032023,51.14095061734026,1.0562832163167193,97.53598925127231
2014-09-01,Central Denmark,1278840,40.2,15.56230646523412,48.55963216665103,0.9130768587157112,84.91768078883989
2014-09-01,North Denmark,581115,41.9,13.363964103490705,47.839067998588924,0.9527289779131496,80.72694079485126
2014-09-01,Southern Denmark,1203077,41.8,13.505868701670794,46.547311601834295,1.0281024237249594,83.60852023602813
2014-09-01,Zealand,817429,42.8,12.626540042009767,47.09889176919342,1.02210163818509,80.98572194037645
2014-10-01,Capital,1756068,39.7,21.937931788518444,51.991152962185964,1.0561672268496003,97.53377920174215
2014-10-01,Central Denmark,1279467,40.2,15.554680191048305,49.082938442335745,0.9128819969565451,84.90506945470261
2014-10-01,North Denmark,581340,41.9,13.358791756975265,49.196683524271506,0.9526616265868508,80.71536656689717
2014-10-01,Southern Denmark,1204111,41.8,13.494270877020474,46.75648673585741,1.0280200765367589,83.60217770620815
2014-10-01,Zealand,818733,42.8,12.606429690753885,46.04675761206644,1.0219725111849651,80.98919550085314
2014-11-01,Capital,1756068,39.7,21.937931788518444,51.991152962185964,1.0561672268496003,97.53377920174215
2014-11-01,Central Denmark,1279467,40.2,15.554680191048305,49.082938442335745,0.9128819969565451,84.90506945470261
2014-11-01,North Denmark,581340,41.9,13.358791756975265,49.196683524271506,0.9526616265868508,80.71536656689717
2014-11-01,Southern Denmark,1204111,41.8,13.494270877020474,46.75648673585741,1.0280200765367589,83.60217770620815
2014-11-01,Zealand,818733,42.8,12.606429690753885,46.04675761206644,1.0219725111849651,80.98919550085314
2014-12-01,Capital,1756068,39.7,21.937931788518444,51.991152962185964,1.0561672268496003,97.53377920174215
2014-12-01,Central Denmark,1279467,40.2,15.554680191048305,49.082938442335745,0.9128819969565451,84.90506945470261
2014-12-01,North Denmark,581340,41.9,13.358791756975265,49.196683524271506,0.9526616265868508,80.71536656689717
2014-12-01,Southern Denmark,1204111,41.8,13.494270877020474,46.75648673585741,1.0280200765367589,83.60217770620815
2014-12-01,Zealand,818733,42.8,12.606429690753885,46.04675761206644,1.0219725111849651,80.98919550085314
2015-01-01,Capital,1766677,39.7,21.806193209058584,52.980822187643795,1.05671599919166,97.54972554360594
2015-01-01,Central Denmark,1282250,40.2,15.52092025736011,49.756287775394824,0.9131993371027493,84.94475843244297
2015-01-01,North Denmark,582413,41.9,13.334180384023025,48.76264781177618,0.9526125962160872,80.76517248069669
2015-01-01,Southern Denmark,1205025,41.8,13.484035600921144,47.05296570610568,1.0281181700806803,83.63006891973195
2015-01-01,Zealand,819385,42.8,12.596398518400994,46.13216009568153,1.0215914985019252,81.00563154072873
2015-02-01,Capital,1766677,39.7,21.806193209058584,52.980822187643795,1.05671599919166,97.54972554360594
2015-02-01,Central Denmark,1282250,40.2,15.52092025736011,49.756287775394824,0.9131993371027493,84.94475843244297
2015-02-01,North Denmark,582413,41.9,13.334180384023025,48.76264781177618,0.9526125962160872,80.76517248069669
2015-02-01,Southern Denmark,1205025,41.8,13.484035600921144,47.05296570610568,1.0281181700806803,83.63006891973195
2015-02-01,Zealand,819385,42.8,12.596398518400994,46.13216009568153,1.0215914985019252,81.00563154072873
2015-03-01,Capital,1766677,39.7,21.806193209058584,52.980822187643795,1.05671599919166,97.54972554360594
2015-03-01,Central Denmark,1282250,40.2,15.52092025736011,49.756287775394824,0.9131993371027493,84.94475843244297
2015-03-01,North Denmark,582413,41.9,13.334180384023025,48.76264781177618,0.9526125962160872,80.76517248069669
2015-03-01,Southern Denmark,1205025,41.8,13.484035600921144,47.05296570610568,1.0281181700806803,83.63006891973195
2015-03-01,Zealand,819385,42.8,12.596398518400994,46.13216009568153,1.0215914985019252,81.00563154072873
2015-04-01,Capital,1768125,39.8,21.788335100742312,52.880876634853294,1.05677368761008,97.55155036611288
2015-04-01,Central Denmark,1282750,40.5,15.514870395634382,48.56753069577082,0.9130281426622492,84.93760124732022
2015-04-01,North Denmark,582632,42.1,13.329168325804279,48.22941410701781,0.9525934380535228,80.7693157945324
2015-04-01,Southern Denmark,1205728,42.0,13.47617373072534,47.440218689455655,1.028094378574346,83.62896026301124
2015-04-01,Zealand,820480,43.0,12.57958755850234,47.167511700468026,1.021363762675507,81.01399217531201
2015-05-01,Capital,1768125,39.8,21.788335100742312,52.880876634853294,1.05677368761008,97.55061508998129
2015-05-01,Central Denmark,1282750,40.5,15.514870395634382,48.56753069577082,0.9130281426622492,85.00022225687002
2015-05-01,North Denmark,582632,42.1,13.329168325804279,48.22941410701781,0.9525934380535228,80.8400824190913
2015-05-01,Southern Denmark,1205728,42.0,13.47617373072534,47.440218689455655,1.028094378574346,83.66798747312826
2015-05-01,Zealand,820480,43.0,12.57958755850234,47.167511700468026,1.021363762675507,81.12652934867394
2015-06-01,Capital,1768125,39.8,21.788335100742312,52.880876634853294,1.05677368761008,97.55061508998129
2015-06-01,Central Denmark,1282750,40.5,15.514870395634382,48.56753069577082,0.9130281426622492,85.00022225687002
2015-06-01,North Denmark,582632,42.1,13.329168325804279,48.22941410701781,0.9525934380535228,80.8400824190913
2015-06-01,Southern Denmark,1205728,42.0,13.47617373072534,47.440218689455655,1.028094378574346,83.66798747312826
2015-06-01,Zealand,820480,43.0,12.57958755850234,47.167511700468026,1.021363762675507,81.12652934867394
2015-07-01,Capital,1772912,39.8,22.648275830949306,53.020116057649794,1.056986690733716,97.55415435815719
2015-07-01,Central Denmark,1284877,40.5,16.00332171873261,48.409302991648225,0.9130379561623408,85.00676477203653
2015-07-01,North Denmark,582664,42.1,13.724719563933933,48.226765339887145,0.9525137643650544,80.83756590419178
2015-07-01,Southern Denmark,1206924,42.0,13.848759325359348,47.64177363280539,1.028022538266637,83.66866082702802
2015-07-01,Zealand,821366,43.0,12.854074797349785,45.533903278197535,1.0212662321060282,81.13162962674375
2015-08-01,Capital,1772912,39.8,22.648275830949306,53.020116057649794,1.056986690733716,97.55415435815719
2015-08-01,Central Denmark,1284877,40.5,16.00332171873261,48.409302991648225,0.9130379561623408,85.00676477203653
2015-08-01,North Denmark,582664,42.1,13.724719563933933,48.226765339887145,0.9525137643650544,80.83756590419178
2015-08-01,Southern Denmark,1206924,42.0,13.848759325359348,47.64177363280539,1.028022538266637,83.66866082702802
2015-08-01,Zealand,821366,43.0,12.854074797349785,45.533903278197535,1.0212662321060282,81.13162962674375
2015-09-01,Capital,1772912,39.8,22.648275830949306,53.020116057649794,1.0516399813856414,97.55415435815719
2015-09-01,Central Denmark,1284877,40.5,16.00332171873261,48.409302991648225,0.9171134902407,85.00676477203653
2015-09-01,North Denmark,582664,42.1,13.724719563933933,48.226765339887145,0.9486254685376132,80.83756590419178
2015-09-01,Southern Denmark,1206924,42.0,13.848759325359348,47.64177363280539,1.0307162665927596,83.66866082702802
2015-09-01,Zealand,821366,43.0,12.854074797349785,45.533903278197535,1.0199394545184486,81.13162962674375
2015-10-01,Capital,1775479,39.8,22.615530794788327,52.94345920171401,1.0514664456445575,97.55041709192581
2015-10-01,Central Denmark,1286679,40.5,15.980908991286869,49.42957800663569,0.9169699435523548,84.9957013365416
2015-10-01,North Denmark,583471,42.1,13.705736874669006,49.359779663428014,0.9485599798447566,80.82775887747634
2015-10-01,Southern Denmark,1208520,42.0,13.830470327342534,46.99963591831331,1.0306234307442979,83.65662802436039
2015-10-01,Zealand,824199,43.0,12.809891785842984,45.13473081136959,1.0197461535381624,81.13378698590996
2015-11-01,Capital,1775479,39.8,22.615530794788327,52.94345920171401,1.0514664456445575,97.55041709192581
2015-11-01,Central Denmark,1286679,40.5,15.980908991286869,49.42957800663569,0.9169699435523548,84.9957013365416
2015-11-01,North Denmark,583471,42.1,13.705736874669006,49.359779663428014,0.9485599798447566,80.82775887747634
2015-11-01,Southern Denmark,1208520,42.0,13.830470327342534,46.99963591831331,1.0306234307442979,83.65662802436039
2015-11-01,Zealand,824199,43.0,12.809891785842984,45.13473081136959,1.0197461535381624,81.13378698590996
2015-12-01,Capital,1775479,39.8,22.615530794788327,52.94345920171401,1.0514664456445575,97.55041709192581
2015-12-01,Central Denmark,1286679,40.5,15.980908991286869,49.42957800663569,0.9169699435523548,84.9957013365416
2015-12-01,North Denmark,583471,42.1,13.705736874669006,49.359779663428014,0.9485599798447566,80.82775887747634
2015-12-01,Southern Denmark,1208520,42.0,13.830470327342534,46.99963591831331,1.0306234307442979,83.65662802436039
2015-12-01,Zealand,824199,43.0,12.809891785842984,45.13473081136959,1.0197461535381624,81.13378698590996
2016-01-01,Capital,1786469,39.8,22.476404572371525,52.44983260274878,1.0517574651220851,97.56239617235808
2016-01-01,Central Denmark,1291643,40.5,15.919491686170248,49.78155728788838,0.9173849585373048,85.03604610561895
2016-01-01,North Denmark,584918,42.1,13.671830923308908,49.23767092139411,0.9484661268759038,80.88073114522035
2016-01-01,Southern Denmark,1210297,42.0,13.810163951492898,46.848005076439904,1.0306198782027225,83.67896392373113
2016-01-01,Zealand,825893,43.0,12.783617248239178,46.13188391232279,1.019418944100507,81.15000587243142
2016-02-01,Capital,1786469,39.8,22.476404572371525,52.44983260274878,1.0517574651220851,97.56239617235808
2016-02-01,Central Denmark,1291643,40.5,15.919491686170248,49.78155728788838,0.9173849585373048,85.03604610561895
2016-02-01,North Denmark,584918,42.1,13.671830923308908,49.23767092139411,0.9484661268759038,80.88073114522035
2016-02-01,Southern Denmark,1210297,42.0,13.810163951492898,46.848005076439904,1.0306198782027225,83.67896392373113
2016-02-01,Zealand,825893,43.0,12.783617248239178,46.13188391232279,1.019418944100507,81.15000587243142
2016-03-01,Capital,1786469,39.8,22.476404572371525,52.44983260274878,1.0517574651220851,97.56239617235808
2016-03-01,Central Denmark,1291643,40.5,15.919491686170248,49.78155728788838,0.9173849585373048,85.03604610561895
2016-03-01,North Denmark,584918,42.1,13.671830923308908,49.23767092139411,0.9484661268759038,80.88073114522035
2016-03-01,Southern Denmark,1210297,42.0,13.810163951492898,46.848005076439904,1.0306198782027225,83.67896392373113
2016-03-01,Zealand,825893,43.0,12.783617248239178,46.13188391232279,1.019418944100507,81.15000587243142
2016-04-01,Capital,1789174,39.8,22.442423151688992,52.76177722233836,1.0519601829540608,97.56387730474216
2016-04-01,Central Denmark,1293309,40.6,15.898984697392502,48.712256699675024,0.9173405504794292,85.03824917324478
2016-04-01,North Denmark,585499,42.2,13.658264147334153,47.31007226314647,0.9483854968155369,80.88310330162818
2016-04-01,Southern Denmark,1211770,42.2,13.793376630878797,47.20367726548768,1.030576450112748,83.67680335377176
2016-04-01,Zealand,827499,43.2,12.758806959283335,46.52573598276253,1.0192498238668566,81.16021445343138
2016-05-01,Capital,1789174,39.8,22.442423151688992,52.76177722233836,1.0519601829540608,97.59411983681026
2016-05-01,Central Denmark,1293309,40.6,15.898984697392502,48.712256699675024,0.9173405504794292,85.16932504142473
2016-05-01,North Denmark,585499,42.2,13.658264147334153,47.31007226314647,0.9483854968155369,81.08239433372215
2016-05-01,Southern Denmark,1211770,42.2,13.793376630878797,47.20367726548768,1.030576450112748,83.90232024229022
2016-05-01,Zealand,827499,43.2,12.758806959283335,46.52573598276253,1.0192498238668566,81.31667941592676
2016-06-01,Capital,1789174,39.8,22.442423151688992,52.76177722233836,1.0519601829540608,97.59411983681026
2016-06-01,Central Denmark,1293309,40.6,15.898984697392502,48.712256699675024,0.9173405504794292,85.16932504142473
2016-06-01,North Denmark,585499,42.2,13.658264147334153,47.31007226314647,0.9483854968155369,81.08239433372215
2016-06-01,Southern Denmark,1211770,42.2,13.793376630878797,47.20367726548768,1.030576450112748,83.90232024229022
2016-06-01,Zealand,827499,43.2,12.758806959283335,46.52573598276253,1.0192498238668566,81.31667941592676
2016-07-01,Capital,1793489,39.8,23.51957553126894,53.80573842382083,1.0521595987059202,97.59893202735813
2016-07-01,Central Denmark,1295584,40.6,16.491867760021734,49.167016573221034,0.9173063884703734,85.17671953343049
2016-07-01,North Denmark,585769,42.2,14.199795482519557,47.629697030740786,0.9484173624756516,81.08312833215822
2016-07-01,Southern Denmark,1213532,42.2,14.256237165563002,46.805523051720115,1.0305704651744385,83.90717805546126
2016-07-01,Zealand,828640,43.2,13.1227070863101,43.92739911179764,1.0191055585055029,81.32224150415138
2016-08-01,Capital,1793489,39.8,23.51957553126894,53.80573842382083,1.0521595987059202,97.59893202735813
2016-08-01,Central Denmark,1295584,40.6,16.491867760021734,49.167016573221034,0.9173063884703734,85.17671953343049
2016-08-01,North Denmark,585769,42.2,14.199795482519557,47.629697030740786,0.9484173624756516,81.08312833215822
2016-08-01,Southern Denmark,1213532,42.2,14.256237165563002,46.805523051720115,1.0305704651744385,83.90717805546126
2016-08-01,Zealand,828640,43.2,13.1227070863101,43.92739911179764,1.0191055585055029,81.32224150415138
2016-09-01,Capital,1793489,39.8,23.51957553126894,53.80573842382083,1.046317866976544,97.59893202735813
2016-09-01,Central Denmark,1295584,40.6,16.491867760021734,49.167016573221034,0.9159669770543633,85.17671953343049
2016-09-01,North Denmark,585769,42.2,14.199795482519557,47.629697030740786,0.952535880184851,81.08312833215822
2016-09-01,Southern Denmark,1213532,42.2,14.256237165563002,46.805523051720115,1.0316283912412534,83.90717805546126
2016-09-01,Zealand,828640,43.2,13.1227070863101,43.92739911179764,1.0200678461092876,81.32224150415138
2016-10-01,Capital,1795211,39.8,23.497015114100794,54.14405326170572,1.0462198669505471,97.59514300420805
2016-10-01,Central Denmark,1297738,40.6,16.464494374057008,49.00835145460793,0.915919754218494,85.17475661497159
2016-10-01,North Denmark,586104,42.2,14.191679292412267,48.96741875162086,0.9524716261960332,81.07570533557184
2016-10-01,Southern Denmark,1214785,42.2,14.241532452244634,46.592606922212575,1.0315873376027411,83.89872981638726
2016-10-01,Zealand,830618,43.2,13.091457204154015,46.47142248301868,1.0199731525201718,81.32272127500245
2016-11-01,Capital,1795211,39.8,23.497015114100794,54.14405326170572,1.0462198669505471,97.59514300420805
2016-11-01,Central Denmark,1297738,40.6,16.464494374057008,49.00835145460793,0.915919754218494,85.17475661497159
2016-11-01,North Denmark,586104,42.2,14.191679292412267,48.96741875162086,0.9524716261960332,81.07570533557184
2016-11-01,Southern Denmark,1214785,42.2,14.241532452244634,46.592606922212575,1.0315873376027411,83.89872981638726
2016-11-01,Zealand,830618,43.2,13.091457204154015,46.47142248301868,1.0199731525201718,81.32272127500245
2016-12-01,Capital,1795211,39.8,23.497015114100794,54.14405326170572,1.0462198669505471,97.59514300420805
2016-12-01,Central Denmark,1297738,40.6,16.464494374057008,49.00835145460793,0.915919754218494,85.17475661497159
2016-12-01,North Denmark,586104,42.2,14.191679292412267,48.96741875162086,0.9524716261960332,81.07570533557184
2016-12-01,Southern Denmark,1214785,42.2,14.241532452244634,46.592606922212575,1.0315873376027411,83.89872981638726
2016-12-01,Zealand,830618,43.2,13.091457204154015,46.47142248301868,1.0199731525201718,81.32272127500245
2017-01-01,Capital,1806249,40.0,23.353424693937548,52.76127488513488,1.0465600095672478,97.60652112047536
2017-01-01,Central Denmark,1302897,40.9,16.399300942438273,50.27258486280957,0.9162243139710966,85.21518247413265
2017-01-01,North Denmark,587421,42.6,14.159861496269286,48.51716230778266,0.9524255857383376,81.11691376372312
2017-01-01,Southern Denmark,1217170,42.5,14.213626691423547,47.158572754832925,1.0315634702359904,83.92179350460493
2017-01-01,Zealand,831789,43.6,13.073026933513189,47.60822756732777,1.019709637900958,81.33429475504005
2017-02-01,Capital,1806249,40.0,23.353424693937548,52.76127488513488,1.0465600095672478,97.60652112047536
2017-02-01,Central Denmark,1302897,40.9,16.399300942438273,50.27258486280957,0.9162243139710966,85.21518247413265
2017-02-01,North Denmark,587421,42.6,14.159861496269286,48.51716230778266,0.9524255857383376,81.11691376372312
2017-02-01,Southern Denmark,1217170,42.5,14.213626691423547,47.158572754832925,1.0315634702359904,83.92179350460493
2017-02-01,Zealand,831789,43.6,13.073026933513189,47.60822756732777,1.019709637900958,81.33429475504005
2017-03-01,Capital,1806249,40.0,23.353424693937548,52.76127488513488,1.0465600095672478,97.60652112047536
2017-03-01,Central Denmark,1302897,40.9,16.399300942438273,50.27258486280957,0.9162243139710966,85.21518247413265
2017-03-01,North Denmark,587421,42.6,14.159861496269286,48.51716230778266,0.9524255857383376,81.11691376372312
2017-03-01,Southern Denmark,1217170,42.5,14.213626691423547,47.158572754832925,1.0315634702359904,83.92179350460493
2017-03-01,Zealand,831789,43.6,13.073026933513189,47.60822756732777,1.019709637900958,81.33429475504005
2017-04-01,Capital,1807404,39.9,23.338500966026412,53.11485423292192,1.0466908183692372,97.60715504563095
2017-04-01,Central Denmark,1304253,40.8,16.38225098964695,48.30351166529807,0.9161366161319928,85.21366245659392
2017-04-01,North Denmark,587335,42.4,14.161934841274572,48.18374522206237,0.9523715426460196,81.11122085351629
2017-04-01,Southern Denmark,1217224,42.3,14.21299612889657,47.731559680058886,1.0315530420284091,83.91563533088404
2017-04-01,Zealand,832553,43.3,13.061030348818633,47.08408954144661,1.0196133459371357,81.33739353530645
2017-05-01,Capital,1807404,39.9,23.338500966026412,53.11485423292192,1.0466908183692372,97.58884573120731
2017-05-01,Central Denmark,1304253,40.8,16.38225098964695,48.30351166529807,0.9161366161319928,85.34802059109697
2017-05-01,North Denmark,587335,42.4,14.161934841274572,48.18374522206237,0.9523715426460196,81.2523576834345
2017-05-01,Southern Denmark,1217224,42.3,14.21299612889657,47.731559680058886,1.0315530420284091,84.01549476513772
2017-05-01,Zealand,832553,43.3,13.061030348818633,47.08408954144661,1.0196133459371357,81.32581721524036
2017-06-01,Capital,1807404,39.9,23.338500966026412,53.11485423292192,1.0466908183692372,97.58884573120731
2017-06-01,Central Denmark,1304253,40.8,16.38225098964695,48.30351166529807,0.9161366161319928,85.34802059109697
2017-06-01,North Denmark,587335,42.4,14.161934841274572,48.18374522206237,0.9523715426460196,81.2523576834345
2017-06-01,Southern Denmark,1217224,42.3,14.21299612889657,47.731559680058886,1.0315530420284091,84.01549476513772
2017-06-01,Zealand,832553,43.3,13.061030348818633,47.08408954144661,1.0196133459371357,81.32581721524036
2017-07-01,Capital,1811809,39.9,24.223303891304216,53.53765214766016,1.0469781385867991,97.59380288795631
2017-07-01,Central Denmark,1306202,40.8,16.928315834763687,49.07357361265716,0.9161195282199844,85.3515421045137
2017-07-01,North Denmark,587446,42.4,14.571722337031828,48.85555438287094,0.9522955982337099,81.24722187230826
2017-07-01,Southern Denmark,1218010,42.3,14.626398798039427,47.536555529100745,1.0315186493887791,84.01511383321977
2017-07-01,Zealand,832703,43.3,13.37799911853326,45.7546087860858,1.0194401365192631,81.32621366801848
2017-08-01,Capital,1811809,39.9,24.223303891304216,53.53765214766016,1.0469781385867991,97.59380288795631
2017-08-01,Central Denmark,1306202,40.8,16.928315834763687,49.07357361265716,0.9161195282199844,85.3515421045137
2017-08-01,North Denmark,587446,42.4,14.571722337031828,48.85555438287094,0.9522955982337099,81.24722187230826
2017-08-01,Southern Denmark,1218010,42.3,14.626398798039427,47.536555529100745,1.0315186493887791,84.01511383321977
2017-08-01,Zealand,832703,43.3,13.37799911853326,45.7546087860858,1.0194401365192631,81.32621366801848
2017-09-01,Capital,1811809,39.9,24.223303891304216,53.53765214766016,1.039859692194923,97.59380288795631
2017-09-01,Central Denmark,1306202,40.8,16.928315834763687,49.07357361265716,0.910838499711377,85.3515421045137
2017-09-01,North Denmark,587446,42.4,14.571722337031828,48.85555438287094,0.960693272232682,81.24722187230826
2017-09-01,Southern Denmark,1218010,42.3,14.626398798039427,47.536555529100745,1.0427569243913002,84.01511383321977
2017-09-01,Zealand,832703,43.3,13.37799911853326,45.7546087860858,1.029348038856591,81.32621366801848
2017-10-01,Capital,1812168,39.9,24.218505127559915,53.471863535831105,1.0397989449757217,97.58966878594948
2017-10-01,Central Denmark,1308253,40.8,16.901776644120062,48.84376340050434,0.9107316551156388,85.34519125887729
2017-10-01,North Denmark,587611,42.4,14.567630626383783,46.629487875482255,0.960633105915308,81.23858998555167
2017-10-01,Southern Denmark,1218665,42.3,14.618537497999863,48.65980396581505,1.0427345575168017,84.01439476804536
2017-10-01,Zealand,833997,43.3,13.357242292238462,46.64285363136798,1.0293595060893503,81.32343917304259
2017-11-01,Capital,1812168,39.9,24.218505127559915,53.471863535831105,1.0397989449757217,97.58966878594948
2017-11-01,Central Denmark,1308253,40.8,16.901776644120062,48.84376340050434,0.9107316551156388,85.34519125887729
2017-11-01,North Denmark,587611,42.4,14.567630626383783,46.629487875482255,0.960633105915308,81.23858998555167
2017-11-01,Southern Denmark,1218665,42.3,14.618537497999863,48.65980396581505,1.0427345575168017,84.01439476804536
2017-11-01,Zealand,833997,43.3,13.357242292238462,46.64285363136798,1.0293595060893503,81.32343917304259
2017-12-01,Capital,1812168,39.9,24.218505127559915,53.471863535831105,1.0397989449757217,97.58966878594948
2017-12-01,Central Denmark,1308253,40.8,16.901776644120062,48.84376340050434,0.9107316551156388,85.34519125887729
2017-12-01,North Denmark,587611,42.4,14.567630626383783,46.629487875482255,0.960633105915308,81.23858998555167
2017-12-01,Southern Denmark,1218665,42.3,14.618537497999863,48.65980396581505,1.0427345575168017,84.01439476804536
2017-12-01,Zealand,833997,43.3,13.357242292238462,46.64285363136798,1.0293595060893503,81.32343917304259
2018-01-01,Capital,1821577,39.8,24.093409172381953,53.415255023531806,1.0401340883212935,97.6019190375331
2018-01-01,Central Denmark,1312985,40.6,16.84086261457671,50.19097704848113,0.9109102617318552,85.38263156090893
2018-01-01,North Denmark,588962,42.2,14.534214431491337,47.880848000380325,0.9604651573446163,81.2748270686394
2018-01-01,Southern Denmark,1220306,42.2,14.598879297487679,47.856849019836005,1.0427645188904606,84.03537711033134
2018-01-01,Zealand,834740,43.2,13.345353044061625,47.55971919400053,1.0291000071878669,81.33074286604213
2018-02-01,Capital,1821577,39.8,24.093409172381953,53.415255023531806,1.0401340883212935,97.6019190375331
2018-02-01,Central Denmark,1312985,40.6,16.84086261457671,50.19097704848113,0.9109102617318552,85.38263156090893
2018-02-01,North Denmark,588962,42.2,14.534214431491337,47.880848000380325,0.9604651573446163,81.2748270686394
2018-02-01,Southern Denmark,1220306,42.2,14.598879297487679,47.856849019836005,1.0427645188904606,84.03537711033134
2018-02-01,Zealand,834740,43.2,13.345353044061625,47.55971919400053,1.0291000071878669,81.33074286604213
2018-03-01,Capital,1821577,39.8,24.093409172381953,53.415255023531806,1.0401340883212935,97.6019190375331
2018-03-01,Central Denmark,1312985,40.6,16.84086261457671,50.19097704848113,0.9109102617318552,85.38263156090893
2018-03-01,North Denmark,588962,42.2,14.534214431491337,47.880848000380325,0.9604651573446163,81.2748270686394
2018-03-01,Southern Denmark,1220306,42.2,14.598879297487679,47.856849019836005,1.0427645188904606,84.03537711033134
2018-03-01,Zealand,834740,43.2,13.345353044061625,47.55971919400053,1.0291000071878669,81.33074286604213
2018-04-01,Capital,1822659,40.0,24.0791064044344,52.88976160653199,1.040396515700854,97.6025740490383
2018-04-01,Central Denmark,1313596,40.9,16.833029333219653,48.645093316362114,0.9108545473646388,85.38182721323754
2018-04-01,North Denmark,589148,42.6,14.5296258325582,47.18678498441818,0.9603942133385841,81.2742910100688
2018-04-01,Southern Denmark,1220763,42.5,14.593414118874836,48.24851342971568,1.0427944624892076,84.03919696124474
2018-04-01,Zealand,835024,43.6,13.340814156239825,47.783057732472365,1.028897804134971,81.33656852976682
2018-05-01,Capital,1822659,40.0,24.0791064044344,52.88976160653199,1.040396515700854,97.60911517544402
2018-05-01,Central Denmark,1313596,40.9,16.833029333219653,48.645093316362114,0.9108545473646388,85.42937158761141
2018-05-01,North Denmark,589148,42.6,14.5296258325582,47.18678498441818,0.9603942133385841,81.36076181197255
2018-05-01,Southern Denmark,1220763,42.5,14.593414118874836,48.24851342971568,1.0427944624892076,84.12832949556956
2018-05-01,Zealand,835024,43.6,13.340814156239825,47.783057732472365,1.028897804134971,81.48688624518577
2018-06-01,Capital,1822659,40.0,24.0791064044344,52.88976160653199,1.040396515700854,97.60911517544402
2018-06-01,Central Denmark,1313596,40.9,16.833029333219653,48.645093316362114,0.9108545473646388,85.42937158761141
2018-06-01,North Denmark,589148,42.6,14.5296258325582,47.18678498441818,0.9603942133385841,81.36076181197255
2018-06-01,Southern Denmark,1220763,42.5,14.593414118874836,48.24851342971568,1.0427944624892076,84.12832949556956
2018-06-01,Zealand,835024,43.6,13.340814156239825,47.783057732472365,1.028897804134971,81.48688624518577
2018-07-01,Capital,1826010,40.0,24.70933894118871,51.86170941013466,1.040534469709002,97.61290241313702
2018-07-01,Central Denmark,1314898,40.9,17.350775497415007,50.2700589703536,0.9108576026429428,85.43922494368384
2018-07-01,North Denmark,588766,42.6,14.899297853476591,47.726940754051704,0.9603501730738526,81.35386927913636
2018-07-01,Southern Denmark,1221083,42.5,14.951645383647136,48.153974791230404,1.042762980798496,84.13267116158363
2018-07-01,Zealand,835107,43.6,13.596820527189927,47.05983784113893,1.0286718827647234,81.49349472582557
2018-08-01,Capital,1826010,40.0,24.70933894118871,51.86170941013466,1.040534469709002,97.61290241313702
2018-08-01,Central Denmark,1314898,40.9,17.350775497415007,50.2700589703536,0.9108576026429428,85.43922494368384
2018-08-01,North Denmark,588766,42.6,14.899297853476591,47.726940754051704,0.9603501730738526,81.35386927913636
2018-08-01,Southern Denmark,1221083,42.5,14.951645383647136,48.153974791230404,1.042762980798496,84.13267116158363
2018-08-01,Zealand,835107,43.6,13.596820527189927,47.05983784113893,1.0286718827647234,81.49349472582557
2018-09-01,Capital,1826010,40.0,24.70933894118871,51.86170941013466,1.0298200032641045,97.61290241313702
2018-09-01,Central Denmark,1314898,40.9,17.350775497415007,50.2700589703536,0.9163413587974124,85.43922494368384
2018-09-01,North Denmark,588766,42.6,14.899297853476591,47.726940754051704,0.9648803939086156,81.35386927913636
2018-09-01,Southern Denmark,1221083,42.5,14.951645383647136,48.153974791230404,1.0465994095486737,84.13267116158363
2018-09-01,Zealand,835107,43.6,13.596820527189927,47.05983784113893,1.0254299269434934,81.49349472582557
2018-10-01,Capital,1825952,40.0,24.710123814864797,52.794377946408225,1.0299074904730139,97.60818981239586
2018-10-01,Central Denmark,1316368,40.9,17.33139973016664,50.74568813584043,0.9162132777460408,85.43820352667339
2018-10-01,North Denmark,588888,42.6,14.896211164092323,47.547241580742,0.9648637601717134,81.3546249881132
2018-10-01,Southern Denmark,1222370,42.5,14.935903204430735,48.512316238127575,1.0465645388920843,84.13077439727742
2018-10-01,Zealand,836379,43.6,13.57614191652349,46.51001519645998,1.0251764690409493,81.49687007923441
2018-11-01,Capital,1825952,40.0,24.710123814864797,52.794377946408225,1.0299074904730139,97.60818981239586
2018-11-01,Central Denmark,1316368,40.9,17.33139973016664,50.74568813584043,0.9162132777460408,85.43820352667339
2018-11-01,North Denmark,588888,42.6,14.896211164092323,47.547241580742,0.9648637601717134,81.3546249881132
2018-11-01,Southern Denmark,1222370,42.5,14.935903204430735,48.512316238127575,1.0465645388920843,84.13077439727742
2018-11-01,Zealand,836379,43.6,13.57614191652349,46.51001519645998,1.0251764690409493,81.49687007923441
2018-12-01,Capital,1825952,40.0,24.710123814864797,52.794377946408225,1.0299074904730139,97.60818981239586
2018-12-01,Central Denmark,1316368,40.9,17.33139973016664,50.74568813584043,0.9162132777460408,85.43820352667339
2018-12-01,North Denmark,588888,42.6,14.896211164092323,47.547241580742,0.9648637601717134,81.3546249881132
2018-12-01,Southern Denmark,1222370,42.5,14.935903204430735,48.512316238127575,1.0465645388920843,84.13077439727742
2018-12-01,Zealand,836379,43.6,13.57614191652349,46.51001519645998,1.0251764690409493,81.49687007923441
2019-01-01,Capital,1835537,39.9,24.58108989358428,52.464210745956095,1.030044294483675,97.62002072524182
2019-01-01,Central Denmark,1320570,40.8,17.276251921518732,50.20559303936936,0.9163946326207624,85.48137758695107
2019-01-01,North Denmark,590010,42.4,14.867883595193303,49.49068659853223,0.9647955627870716,81.39698835612955
2019-01-01,Southern Denmark,1223204,42.3,14.925719667365376,49.133259865075644,1.046531043918711,84.14538850428875
2019-01-01,Zealand,836694,43.3,13.57103074720268,46.372987017953996,1.024830607127576,81.50882353644222
2019-02-01,Capital,1835537,39.9,24.58108989358428,52.464210745956095,1.030044294483675,97.62002072524182
2019-02-01,Central Denmark,1320570,40.8,17.276251921518732,50.20559303936936,0.9163946326207624,85.48137758695107
2019-02-01,North Denmark,590010,42.4,14.867883595193303,49.49068659853223,0.9647955627870716,81.39698835612955
2019-02-01,Southern Denmark,1223204,42.3,14.925719667365376,49.133259865075644,1.046531043918711,84.14538850428875
2019-02-01,Zealand,836694,43.3,13.57103074720268,46.372987017953996,1.024830607127576,81.50882353644222
2019-03-01,Capital,1835537,39.9,24.58108989358428,52.464210745956095,1.030044294483675,97.62002072524182
2019-03-01,Central Denmark,1320570,40.8,17.276251921518732,50.20559303936936,0.9163946326207624,85.48137758695107
2019-03-01,North Denmark,590010,42.4,14.867883595193303,49.49068659853223,0.9647955627870716,81.39698835612955
2019-03-01,Southern Denmark,1223204,42.3,14.925719667365376,49.133259865075644,1.046531043918711,84.14538850428875
2019-03-01,Zealand,836694,43.3,13.57103074720268,46.372987017953996,1.024830607127576,81.50882353644222
2019-04-01,Capital,1835562,40.1,24.580755103886442,52.73589233161288,1.0301264197982862,97.6203506237088
2019-04-01,Central Denmark,1320678,41.1,17.27483913565608,50.27720610171442,0.9162380534846496,85.47894202826123
2019-04-01,North Denmark,589755,42.7,14.874312214394115,49.00339971683157,0.9647175691600749,81.40384244304838
2019-04-01,Southern Denmark,1223348,42.7,14.923962764479118,48.71876195489754,1.0464948366595066,84.14883017751285
2019-04-01,Zealand,836738,43.8,13.570317112405554,46.1315250412913,1.0246731832425442,81.51675387038712
2019-05-01,Capital,1835562,40.1,24.580755103886442,52.73589233161288,1.0301264197982862,97.59392510482316
2019-05-01,Central Denmark,1320678,41.1,17.27483913565608,50.27720610171442,0.9162380534846496,85.554483303273
2019-05-01,North Denmark,589755,42.7,14.874312214394115,49.00339971683157,0.9647175691600749,81.62325558918535
2019-05-01,Southern Denmark,1223348,42.7,14.923962764479118,48.71876195489754,1.0464948366595066,84.23700345281965
2019-05-01,Zealand,836738,43.8,13.570317112405554,46.1315250412913,1.0246731832425442,81.52177037495608
2019-06-01,Capital,1835562,40.1,24.580755103886442,52.73589233161288,1.0301264197982862,97.59392510482316
2019-06-01,Central Denmark,1320678,41.1,17.27483913565608,50.27720610171442,0.9162380534846496,85.554483303273
2019-06-01,North Denmark,589755,42.7,14.874312214394115,49.00339971683157,0.9647175691600749,81.62325558918535
2019-06-01,Southern Denmark,1223348,42.7,14.923962764479118,48.71876195489754,1.0464948366595066,84.23700345281965
2019-06-01,Zealand,836738,43.8,13.570317112405554,46.1315250412913,1.0246731832425442,81.52177037495608
