;date;geo;GT_DK_0;GT_DK_1;GT_DK_2;GT_DK_3;GT_DK_4;GT_DK_5;GT_DK_6;GT_DK_7;GT_DK_8;GT_DK_9;GT_DK_10;GT_DK_11;GT_DK_12;GT_DK_13;GT_DK_14;GT_DK_15;GT_DK_16;GT_DK_17;GT_DK_18;GT_DK_19;GT_DK_20;GT_DK_21;ID;trends
0;2004-01-01;DK-81;0;86;94;0;35;52;32;11;80;10;0;57;0;0;0;0;0;0;0;25;98;0;North Denmark;DK-81
1;2004-02-01;DK-81;0;60;70;0;77;0;0;18;73;8;50;61;100;0;85;28;0;0;19;45;0;0;North Denmark;DK-81
2;2004-03-01;DK-81;0;77;79;0;90;67;0;36;50;6;58;0;0;100;100;0;0;0;0;53;62;0;North Denmark;DK-81
3;2004-04-01;DK-81;60;100;90;0;77;0;0;25;76;8;76;62;0;87;0;0;0;0;0;18;0;0;North Denmark;DK-81
4;2004-05-01;DK-81;50;50;68;0;0;0;87;21;80;9;42;53;0;73;72;0;0;0;16;31;0;0;North Denmark;DK-81
5;2004-06-01;DK-81;0;69;78;0;33;75;30;14;80;9;0;54;0;0;0;0;0;0;0;32;0;0;North Denmark;DK-81
6;2004-07-01;DK-81;62;64;70;0;63;0;0;27;90;14;53;0;0;94;0;0;0;0;20;39;0;0;North Denmark;DK-81
7;2004-08-01;DK-81;73;33;100;0;32;48;0;20;60;9;42;50;0;70;0;0;0;0;26;76;0;0;North Denmark;DK-81
8;2004-09-01;DK-81;42;57;67;27;36;41;25;26;73;11;36;44;0;62;62;21;0;0;22;26;0;0;North Denmark;DK-81
9;2004-10-01;DK-81;0;58;71;27;56;0;0;18;59;8;37;0;0;0;0;21;0;0;18;60;0;0;North Denmark;DK-81
10;2004-11-01;DK-81;0;47;69;0;46;40;0;38;79;12;72;0;0;91;0;0;0;0;13;13;0;0;North Denmark;DK-81
11;2004-12-01;DK-81;0;66;50;27;55;40;100;15;58;9;36;0;0;0;63;0;0;0;18;52;0;0;North Denmark;DK-81
12;2005-01-01;DK-81;50;34;97;0;32;32;20;26;67;13;100;35;0;48;50;49;0;63;16;52;61;0;North Denmark;DK-81
13;2005-02-01;DK-81;76;51;99;0;25;37;0;26;66;11;48;66;0;0;0;18;0;53;12;53;0;100;North Denmark;DK-81
14;2005-03-01;DK-81;0;78;82;42;57;32;19;28;70;11;42;34;56;0;0;0;0;15;11;46;0;87;North Denmark;DK-81
15;2005-04-01;DK-81;0;37;64;0;56;36;22;39;65;11;32;97;62;0;55;37;0;17;24;58;34;97;North Denmark;DK-81
16;2005-05-01;DK-81;64;22;61;0;52;61;19;14;59;16;41;68;55;48;95;63;0;15;21;60;0;0;North Denmark;DK-81
17;2005-06-01;DK-81;35;95;69;0;23;34;0;32;91;8;30;74;0;52;0;17;0;33;11;49;32;0;North Denmark;DK-81
18;2005-07-01;DK-81;84;71;58;0;100;100;0;18;65;12;71;65;70;0;62;20;0;19;27;26;0;0;North Denmark;DK-81
19;2005-08-01;DK-81;0;66;64;21;42;47;0;11;100;23;41;0;54;0;48;16;0;15;21;25;29;0;North Denmark;DK-81
20;2005-09-01;DK-81;44;39;69;0;44;56;17;18;80;19;49;61;49;43;0;14;0;27;12;54;26;0;North Denmark;DK-81
21;2005-10-01;DK-81;28;44;70;0;18;27;32;23;78;16;95;29;48;0;61;27;0;26;12;26;25;74;North Denmark;DK-81
22;2005-11-01;DK-81;27;31;59;17;35;53;0;31;95;24;35;38;62;0;40;27;100;13;17;42;73;0;North Denmark;DK-81
23;2005-12-01;DK-81;28;38;56;0;18;27;0;30;75;14;24;30;48;0;41;0;0;26;9;35;25;0;North Denmark;DK-81
24;2006-01-01;DK-81;35;62;74;15;25;0;14;31;87;15;39;49;40;51;34;34;0;43;20;29;0;0;North Denmark;DK-81
25;2006-02-01;DK-81;34;46;67;16;39;25;23;36;73;22;66;0;44;37;38;13;0;30;19;100;0;0;North Denmark;DK-81
26;2006-03-01;DK-81;21;72;66;14;51;21;13;33;89;9;18;34;36;31;0;21;0;10;20;40;19;57;North Denmark;DK-81
27;2006-04-01;DK-81;0;32;48;0;31;23;0;37;99;22;20;100;83;35;35;12;0;22;11;37;33;0;North Denmark;DK-81
28;2006-05-01;DK-81;44;29;66;14;21;0;13;29;85;18;28;23;74;0;32;32;0;25;21;37;20;0;North Denmark;DK-81
29;2006-06-01;DK-81;24;27;56;0;42;23;0;44;97;16;52;26;0;72;0;24;0;17;23;30;33;0;North Denmark;DK-81
30;2006-07-01;DK-81;42;19;74;0;64;0;0;53;90;14;60;0;96;41;0;69;0;20;13;39;25;0;North Denmark;DK-81
31;2006-08-01;DK-81;32;51;83;14;49;41;13;50;85;20;27;34;73;31;63;31;0;45;11;30;39;0;North Denmark;DK-81
32;2006-09-01;DK-81;20;18;71;13;39;58;12;50;72;18;42;42;34;29;73;44;0;27;11;37;18;0;North Denmark;DK-81
33;2006-10-01;DK-81;18;66;79;12;36;35;21;43;100;20;16;19;0;0;40;9;0;13;14;28;0;0;North Denmark;DK-81
34;2006-11-01;DK-81;18;24;60;11;27;50;10;33;91;18;22;36;44;25;26;9;0;24;11;40;24;0;North Denmark;DK-81
35;2006-12-01;DK-81;0;57;56;0;37;37;33;37;79;18;24;39;65;54;0;23;0;26;8;35;52;0;North Denmark;DK-81
36;2007-01-01;DK-81;56;48;81;52;40;22;14;37;68;35;46;16;0;45;23;30;0;25;21;36;23;0;North Denmark;DK-81
37;2007-02-01;DK-81;26;27;62;41;37;17;20;44;48;32;44;18;29;25;25;13;0;36;19;43;31;0;North Denmark;DK-81
38;2007-03-01;DK-81;32;50;78;50;38;30;28;38;52;33;13;17;26;0;47;15;0;44;10;42;22;0;North Denmark;DK-81
39;2007-04-01;DK-81;34;42;68;69;33;82;20;39;41;29;36;27;0;25;25;17;0;43;18;55;26;90;North Denmark;DK-81
40;2007-05-01;DK-81;30;47;68;41;39;29;9;44;43;30;51;16;51;22;22;22;0;35;16;39;14;0;North Denmark;DK-81
41;2007-06-01;DK-81;16;47;67;65;35;31;10;49;35;35;27;17;83;59;24;16;0;45;14;62;24;43;North Denmark;DK-81
42;2007-07-01;DK-81;36;30;70;50;39;35;0;43;51;34;15;57;46;27;53;0;67;33;19;31;16;0;North Denmark;DK-81
43;2007-08-01;DK-81;24;37;83;50;34;38;9;66;38;32;13;33;40;34;23;8;0;36;27;63;21;0;North Denmark;DK-81
44;2007-09-01;DK-81;100;26;69;51;34;34;8;52;38;32;42;15;24;0;63;17;0;33;15;42;25;0;North Denmark;DK-81
45;2007-10-01;DK-81;20;36;75;46;50;39;16;50;35;33;29;42;23;0;50;20;0;12;22;55;37;36;North Denmark;DK-81
46;2007-11-01;DK-81;45;41;63;72;37;0;11;48;34;36;22;14;0;19;38;16;48;27;28;67;12;46;North Denmark;DK-81
47;2007-12-01;DK-81;24;25;59;72;28;14;8;49;30;31;30;20;24;0;41;10;0;33;21;57;13;0;North Denmark;DK-81
48;2008-01-01;DK-81;30;46;77;87;37;35;7;60;28;51;20;46;31;18;35;12;0;47;21;47;25;63;North Denmark;DK-81
49;2008-02-01;DK-81;26;40;82;88;56;12;19;54;28;49;49;36;33;38;47;25;0;33;36;66;15;34;North Denmark;DK-81
50;2008-03-01;DK-81;0;22;64;83;21;41;0;67;31;43;36;38;21;0;27;12;0;25;44;45;11;48;North Denmark;DK-81
51;2008-04-01;DK-81;17;37;77;69;27;30;15;59;22;37;37;20;21;36;0;30;0;49;69;75;38;0;North Denmark;DK-81
52;2008-05-01;DK-81;39;32;75;44;25;12;0;68;22;47;11;13;22;19;19;50;0;30;100;42;12;0;North Denmark;DK-81
53;2008-06-01;DK-81;22;33;69;51;34;0;0;57;24;45;28;28;22;19;39;100;49;43;20;37;24;35;North Denmark;DK-81
54;2008-07-01;DK-81;26;21;52;37;55;45;0;56;26;50;27;22;54;46;35;8;58;18;15;34;33;0;North Denmark;DK-81
55;2008-08-01;DK-81;20;27;85;73;31;38;8;71;27;65;11;37;22;19;0;26;0;27;15;43;16;0;North Denmark;DK-81
56;2008-09-01;DK-81;29;45;97;75;34;47;7;69;21;53;46;32;21;18;36;12;0;22;16;45;22;32;North Denmark;DK-81
57;2008-10-01;DK-81;11;25;77;82;66;22;13;76;27;45;29;32;39;16;16;27;0;23;14;51;20;30;North Denmark;DK-81
58;2008-11-01;DK-81;18;27;80;78;28;29;14;60;26;54;45;29;40;35;43;14;44;38;11;55;11;0;North Denmark;DK-81
59;2008-12-01;DK-81;12;16;72;31;16;41;14;53;18;43;36;30;34;0;36;12;0;31;18;34;33;0;North Denmark;DK-81
60;2009-01-01;DK-81;32;36;85;70;57;10;22;83;21;67;32;45;36;16;31;10;39;42;17;54;32;57;North Denmark;DK-81
61;2009-02-01;DK-81;31;29;98;57;50;22;14;85;27;77;69;36;39;0;51;28;0;48;23;55;28;31;North Denmark;DK-81
62;2009-03-01;DK-81;20;47;76;59;26;24;12;79;24;80;50;21;28;44;29;22;0;41;19;54;24;39;North Denmark;DK-81
63;2009-04-01;DK-81;27;31;72;63;37;33;10;76;22;69;63;24;48;17;42;28;42;50;25;46;14;0;North Denmark;DK-81
64;2009-05-01;DK-81;38;35;68;49;16;20;12;58;21;80;31;39;27;31;23;10;39;41;13;49;25;28;North Denmark;DK-81
65;2009-06-01;DK-81;22;44;69;74;26;31;13;65;20;91;64;30;18;24;48;16;40;27;13;47;49;0;North Denmark;DK-81
66;2009-07-01;DK-81;30;19;67;54;26;23;0;84;32;72;46;38;21;35;26;0;0;28;15;48;22;32;North Denmark;DK-81
67;2009-08-01;DK-81;35;54;76;47;34;25;6;92;21;95;49;29;45;15;15;18;39;44;16;52;44;28;North Denmark;DK-81
68;2009-09-01;DK-81;39;44;76;75;32;19;14;95;27;84;62;31;33;36;29;7;36;29;23;60;29;26;North Denmark;DK-81
69;2009-10-01;DK-81;35;45;75;83;43;23;14;90;24;79;56;33;24;21;28;16;70;26;11;41;11;0;North Denmark;DK-81
70;2009-11-01;DK-81;31;25;62;75;24;44;11;91;23;83;51;13;26;13;34;14;34;23;13;57;33;25;North Denmark;DK-81
71;2009-12-01;DK-81;20;24;50;59;41;19;6;58;24;71;42;17;17;0;29;22;37;34;9;44;27;26;North Denmark;DK-81
72;2010-01-01;DK-81;28;36;75;65;29;37;7;100;28;97;54;38;48;19;31;8;31;41;17;43;30;22;North Denmark;DK-81
73;2010-02-01;DK-81;36;43;72;91;39;22;13;79;27;100;77;33;31;27;46;11;34;23;13;42;22;24;North Denmark;DK-81
74;2010-03-01;DK-81;41;56;75;74;54;40;15;82;34;93;81;26;28;18;24;8;31;29;16;60;20;22;North Denmark;DK-81
75;2010-04-01;DK-81;21;40;59;62;27;77;8;65;22;86;75;19;15;26;52;11;33;47;16;34;43;23;North Denmark;DK-81
76;2010-05-01;DK-81;23;45;64;68;64;46;8;77;23;93;74;18;15;0;25;11;43;58;17;46;16;35;North Denmark;DK-81
77;2010-06-01;DK-81;41;35;61;82;20;11;17;77;19;92;96;36;32;16;50;14;84;44;25;40;24;30;North Denmark;DK-81
78;2010-07-01;DK-81;50;40;61;96;39;33;8;60;16;96;70;34;35;50;20;13;51;29;17;26;31;36;North Denmark;DK-81
79;2010-08-01;DK-81;22;27;77;80;48;21;13;90;24;94;42;50;19;32;16;8;61;43;25;36;25;44;North Denmark;DK-81
80;2010-09-01;DK-81;48;56;71;86;29;45;24;61;18;70;40;22;23;45;23;20;57;41;20;34;31;41;North Denmark;DK-81
81;2010-10-01;DK-81;20;55;59;81;31;20;24;71;24;76;48;43;70;15;30;5;38;38;22;51;22;54;North Denmark;DK-81
82;2010-11-01;DK-81;26;53;54;65;23;14;6;78;19;73;50;62;22;29;15;19;36;25;16;47;30;52;North Denmark;DK-81
83;2010-12-01;DK-81;21;31;43;50;46;20;19;65;15;68;59;22;42;16;24;5;0;47;15;40;22;47;North Denmark;DK-81
84;2011-01-01;DK-81;39;41;77;86;58;34;9;92;20;90;61;33;27;13;26;23;33;51;19;53;52;35;North Denmark;DK-81
85;2011-02-01;DK-81;31;51;66;78;40;23;6;80;13;77;53;22;14;18;50;13;30;60;18;39;40;21;North Denmark;DK-81
86;2011-03-01;DK-81;30;33;71;76;32;15;9;76;14;75;53;36;22;25;25;15;42;46;22;49;36;30;North Denmark;DK-81
87;2011-04-01;DK-81;27;43;64;69;35;29;13;71;14;70;42;26;40;29;48;13;19;51;24;46;41;13;North Denmark;DK-81
88;2011-05-01;DK-81;35;29;70;84;37;28;12;75;15;70;32;35;20;13;19;9;32;43;27;40;34;23;North Denmark;DK-81
89;2011-06-01;DK-81;32;42;58;80;35;33;4;69;22;68;49;24;27;14;25;7;36;38;20;44;36;13;North Denmark;DK-81
90;2011-07-01;DK-81;25;23;56;66;23;15;3;60;16;56;66;33;21;27;16;9;33;46;15;38;22;21;North Denmark;DK-81
91;2011-08-01;DK-81;35;37;73;64;48;17;7;76;22;70;38;36;33;7;23;13;22;44;14;46;39;12;North Denmark;DK-81
92;2011-09-01;DK-81;47;47;69;79;34;17;10;70;18;82;54;34;45;25;45;20;27;66;19;62;30;15;North Denmark;DK-81
93;2011-10-01;DK-81;37;37;62;63;35;20;10;75;20;78;69;29;35;21;42;12;31;59;29;48;41;33;North Denmark;DK-81
94;2011-11-01;DK-81;44;41;53;54;27;28;7;80;16;74;51;24;33;33;33;13;0;62;22;60;45;33;North Denmark;DK-81
95;2011-12-01;DK-81;39;22;55;62;23;20;5;59;16;64;51;28;31;24;43;14;15;52;34;55;45;18;North Denmark;DK-81
96;2012-01-01;DK-81;34;39;68;100;28;29;5;81;15;91;43;34;42;16;46;22;27;71;23;54;76;10;North Denmark;DK-81
97;2012-02-01;DK-81;39;23;69;75;40;23;6;84;18;82;72;25;32;26;68;10;22;100;30;68;73;32;North Denmark;DK-81
98;2012-03-01;DK-81;40;47;60;83;38;24;11;77;13;75;72;34;37;34;76;13;21;90;41;66;95;31;North Denmark;DK-81
99;2012-04-01;DK-81;41;40;59;68;26;17;2;71;14;59;74;42;37;33;65;21;45;87;35;64;100;21;North Denmark;DK-81
100;2012-05-01;DK-81;19;22;53;71;29;14;11;83;21;67;43;37;30;39;18;15;30;57;28;46;57;18;North Denmark;DK-81
101;2012-06-01;DK-81;30;41;60;81;36;21;7;84;12;65;57;44;30;24;47;17;25;63;27;50;49;37;North Denmark;DK-81
102;2012-07-01;DK-81;38;26;51;67;41;7;7;67;11;67;47;21;31;30;44;9;40;79;19;38;69;12;North Denmark;DK-81
103;2012-08-01;DK-81;50;32;62;78;50;15;4;76;20;74;47;39;24;23;46;16;21;53;23;41;48;14;North Denmark;DK-81
104;2012-09-01;DK-81;55;30;63;80;44;18;6;73;16;74;70;41;29;39;59;14;41;52;24;57;57;12;North Denmark;DK-81
105;2012-10-01;DK-81;51;41;58;82;36;12;11;74;16;72;45;31;27;23;35;15;55;45;30;49;51;18;North Denmark;DK-81
106;2012-11-01;DK-81;49;28;56;57;46;17;13;71;21;66;45;44;33;13;42;14;40;43;28;49;48;32;North Denmark;DK-81
107;2012-12-01;DK-81;39;20;43;59;28;26;16;47;23;52;33;39;36;8;65;14;30;42;24;40;40;16;North Denmark;DK-81
108;2013-01-01;DK-81;52;35;62;70;49;36;6;78;19;78;69;47;44;16;67;17;31;78;24;53;62;17;North Denmark;DK-81
109;2013-02-01;DK-81;60;42;67;64;47;24;11;70;19;74;60;33;26;21;44;11;22;58;26;50;62;16;North Denmark;DK-81
110;2013-03-01;DK-81;35;45;57;55;42;31;9;68;16;65;52;32;14;20;31;17;30;57;20;50;67;19;North Denmark;DK-81
111;2013-04-01;DK-81;48;32;54;67;41;23;5;67;8;62;49;36;30;11;32;23;17;68;30;56;45;30;North Denmark;DK-81
112;2013-05-01;DK-81;40;35;53;61;40;24;5;72;6;60;47;42;25;20;45;8;27;52;22;46;47;25;North Denmark;DK-81
113;2013-06-01;DK-81;44;24;64;71;50;33;10;76;7;63;53;30;15;24;39;18;20;49;24;39;40;9;North Denmark;DK-81
114;2013-07-01;DK-81;39;33;55;62;54;40;4;66;5;63;50;30;17;27;36;9;56;48;16;34;37;20;North Denmark;DK-81
115;2013-08-01;DK-81;37;22;59;81;44;29;6;94;7;65;51;32;31;16;26;13;20;45;23;46;40;14;North Denmark;DK-81
116;2013-09-01;DK-81;49;43;66;65;47;28;6;83;6;61;56;27;26;27;31;15;45;51;21;54;38;22;North Denmark;DK-81
117;2013-10-01;DK-81;58;31;58;52;46;30;7;80;6;60;42;16;31;32;52;19;32;51;22;42;54;23;North Denmark;DK-81
118;2013-11-01;DK-81;56;37;62;61;50;28;10;75;6;57;48;28;28;23;38;12;27;62;25;46;37;20;North Denmark;DK-81
119;2013-12-01;DK-81;55;19;41;37;27;18;8;60;6;42;47;32;19;32;36;14;30;65;25;46;46;52;North Denmark;DK-81
120;2014-01-01;DK-81;43;36;71;77;59;28;9;85;6;61;59;46;29;20;26;19;25;52;20;47;53;31;North Denmark;DK-81
121;2014-02-01;DK-81;33;42;70;76;50;23;7;85;6;63;58;33;25;30;35;21;31;51;22;48;55;23;North Denmark;DK-81
122;2014-03-01;DK-81;37;44;70;53;66;30;9;78;7;56;55;22;24;23;29;12;28;58;24;47;53;20;North Denmark;DK-81
123;2014-04-01;DK-81;46;39;63;59;48;36;12;73;6;47;55;30;26;27;36;12;57;55;24;47;39;16;North Denmark;DK-81
124;2014-05-01;DK-81;35;29;60;47;64;34;6;77;6;51;41;35;18;25;14;12;23;49;26;43;28;8;North Denmark;DK-81
125;2014-06-01;DK-81;41;41;67;56;74;25;8;76;7;57;68;40;18;36;38;7;34;52;27;47;55;14;North Denmark;DK-81
126;2014-07-01;DK-81;36;35;58;58;48;13;2;67;5;49;49;22;13;43;44;6;68;49;21;40;38;28;North Denmark;DK-81
127;2014-08-01;DK-81;32;36;69;53;66;19;9;83;6;55;39;48;25;27;25;16;53;49;19;40;40;21;North Denmark;DK-81
128;2014-09-01;DK-81;47;38;68;59;55;35;9;83;6;59;57;46;24;41;24;14;52;48;22;41;42;35;North Denmark;DK-81
129;2014-10-01;DK-81;38;38;69;59;59;24;6;74;6;56;55;30;21;23;51;15;70;33;23;47;39;42;North Denmark;DK-81
130;2014-11-01;DK-81;45;27;67;50;54;29;9;72;7;52;46;27;27;30;49;9;28;49;23;42;38;31;North Denmark;DK-81
131;2014-12-01;DK-81;42;28;49;61;40;18;7;64;6;45;34;29;36;22;22;11;12;52;21;33;25;18;North Denmark;DK-81
132;2015-01-01;DK-81;58;39;73;64;63;36;8;75;7;55;49;45;34;24;44;14;19;55;23;51;41;16;North Denmark;DK-81
133;2015-02-01;DK-81;41;41;60;48;53;23;11;68;5;63;69;29;40;15;35;13;50;60;27;45;42;39;North Denmark;DK-81
134;2015-03-01;DK-81;61;42;75;57;48;25;9;80;5;56;70;43;23;34;48;11;57;62;30;51;47;57;North Denmark;DK-81
135;2015-04-01;DK-81;30;37;66;51;49;16;14;72;5;51;49;38;28;31;27;10;24;37;21;50;35;26;North Denmark;DK-81
136;2015-05-01;DK-81;41;34;63;47;50;20;5;65;4;47;51;35;32;23;33;12;12;50;20;44;38;39;North Denmark;DK-81
137;2015-06-01;DK-81;52;40;67;61;57;21;6;74;5;51;55;48;30;22;29;17;33;49;26;42;57;21;North Denmark;DK-81
138;2015-07-01;DK-81;40;35;63;47;51;30;9;62;4;45;61;22;25;22;30;8;73;48;19;42;37;33;North Denmark;DK-81
139;2015-08-01;DK-81;32;42;77;50;54;33;8;70;6;56;54;32;26;12;33;15;28;52;24;50;38;30;North Denmark;DK-81
140;2015-09-01;DK-81;35;36;78;50;50;16;10;73;3;51;60;30;16;23;23;20;38;41;28;44;31;19;North Denmark;DK-81
141;2015-10-01;DK-81;53;39;70;46;66;35;4;69;3;51;56;49;21;13;32;18;64;50;26;34;34;19;North Denmark;DK-81
142;2015-11-01;DK-81;54;43;67;59;50;25;6;63;4;46;70;35;14;9;33;12;29;37;21;38;37;28;North Denmark;DK-81
143;2015-12-01;DK-81;29;27;57;35;49;16;4;56;4;39;37;28;20;6;15;6;22;44;23;43;28;34;North Denmark;DK-81
144;2016-01-01;DK-81;45;41;76;62;65;28;8;59;3;37;56;39;29;21;36;20;11;46;18;43;35;35;North Denmark;DK-81
145;2016-02-01;DK-81;49;40;77;63;60;28;5;57;5;33;67;41;35;23;20;12;38;52;15;41;32;19;North Denmark;DK-81
146;2016-03-01;DK-81;38;31;69;48;57;17;5;51;3;32;56;36;35;14;28;11;23;46;19;45;34;21;North Denmark;DK-81
147;2016-04-01;DK-81;38;32;68;52;51;29;7;50;4;30;44;32;20;18;16;9;24;44;23;44;32;12;North Denmark;DK-81
148;2016-05-01;DK-81;35;36;68;55;53;29;9;44;3;30;39;34;21;4;23;10;11;41;19;39;16;10;North Denmark;DK-81
149;2016-06-01;DK-81;40;38;67;54;55;19;8;51;5;25;55;41;24;26;20;6;26;32;26;39;32;29;North Denmark;DK-81
150;2016-07-01;DK-81;29;26;53;42;40;21;4;35;3;24;58;38;23;9;9;8;19;33;20;34;27;31;North Denmark;DK-81
151;2016-08-01;DK-81;29;31;69;43;57;25;6;50;3;29;47;42;37;17;17;7;28;38;22;36;23;20;North Denmark;DK-81
152;2016-09-01;DK-81;40;30;77;52;65;26;5;48;2;29;55;42;36;8;15;10;46;40;24;33;34;23;North Denmark;DK-81
153;2016-10-01;DK-81;34;33;74;55;65;32;9;49;3;31;51;35;30;4;22;6;31;43;28;47;23;7;North Denmark;DK-81
154;2016-11-01;DK-81;45;26;73;44;64;32;6;47;3;27;45;23;33;6;18;10;26;45;21;40;31;34;North Denmark;DK-81
155;2016-12-01;DK-81;33;23;61;47;48;26;3;40;3;25;28;27;18;10;17;8;18;49;19;30;36;38;North Denmark;DK-81
156;2017-01-01;DK-81;39;37;80;53;51;34;8;53;2;32;55;36;35;17;40;13;38;48;25;39;52;28;North Denmark;DK-81
157;2017-02-01;DK-81;33;45;79;54;59;36;13;53;4;31;65;39;23;17;36;10;32;51;20;43;35;38;North Denmark;DK-81
158;2017-03-01;DK-81;30;38;73;45;56;24;6;50;2;27;40;38;11;20;22;13;25;54;23;37;36;23;North Denmark;DK-81
159;2017-04-01;DK-81;36;30;68;37;53;30;3;42;2;24;55;32;29;21;27;13;36;60;22;36;24;33;North Denmark;DK-81
160;2017-05-01;DK-81;30;26;68;44;60;23;9;38;2;24;43;31;28;11;13;15;26;45;21;37;29;19;North Denmark;DK-81
161;2017-06-01;DK-81;31;27;74;33;66;28;6;50;3;27;68;44;20;21;24;9;43;41;20;35;17;23;North Denmark;DK-81
162;2017-07-01;DK-81;38;20;60;38;52;22;2;41;2;25;60;27;33;9;17;11;28;41;18;33;36;26;North Denmark;DK-81
163;2017-08-01;DK-81;22;29;80;50;72;26;4;50;4;33;59;50;23;21;35;10;35;51;23;43;27;30;North Denmark;DK-81
164;2017-09-01;DK-81;22;32;69;44;53;24;7;58;3;34;60;47;20;13;17;16;32;26;28;35;33;28;North Denmark;DK-81
165;2017-10-01;DK-81;23;34;75;51;61;33;3;52;2;33;68;32;19;12;20;15;31;45;26;48;27;24;North Denmark;DK-81
166;2017-11-01;DK-81;29;47;70;42;56;31;5;47;3;29;53;43;26;20;25;10;23;54;24;36;29;38;North Denmark;DK-81
167;2017-12-01;DK-81;28;32;57;38;39;23;5;37;3;29;49;27;16;10;18;7;41;39;19;28;29;12;North Denmark;DK-81
168;2018-01-01;DK-81;32;39;80;45;69;26;7;51;2;34;74;51;32;13;41;12;38;59;24;41;40;30;North Denmark;DK-81
169;2018-02-01;DK-81;29;38;70;42;53;33;3;55;2;32;55;40;34;14;28;16;24;46;33;52;26;19;North Denmark;DK-81
170;2018-03-01;DK-81;37;30;71;56;52;23;6;50;1;31;79;46;34;14;48;39;27;60;43;61;34;22;North Denmark;DK-81
171;2018-04-01;DK-81;33;38;68;42;56;18;7;49;3;28;54;27;18;13;11;20;18;45;32;43;31;15;North Denmark;DK-81
172;2018-05-01;DK-81;18;22;62;46;55;41;4;47;2;27;57;44;22;13;16;11;21;41;22;42;24;28;North Denmark;DK-81
173;2018-06-01;DK-81;24;36;64;46;48;29;4;41;2;26;73;38;17;30;28;14;19;40;21;40;31;25;North Denmark;DK-81
174;2018-07-01;DK-81;31;28;58;39;52;19;3;42;2;24;53;30;16;11;19;7;26;39;18;33;32;23;North Denmark;DK-81
175;2018-08-01;DK-81;19;52;74;40;57;38;5;47;2;28;56;29;23;12;14;20;30;40;17;42;17;19;North Denmark;DK-81
176;2018-09-01;DK-81;21;48;83;41;54;29;4;51;2;28;55;35;22;9;31;13;27;33;23;37;20;31;North Denmark;DK-81
177;2018-10-01;DK-81;22;34;79;51;59;29;8;51;3;28;50;44;17;18;18;15;25;39;21;34;21;42;North Denmark;DK-81
178;2018-11-01;DK-81;39;22;65;40;51;23;9;53;2;23;37;31;22;11;16;15;9;39;23;31;23;48;North Denmark;DK-81
179;2018-12-01;DK-81;36;24;62;37;46;30;6;35;2;24;45;36;24;15;20;8;23;45;29;30;26;38;North Denmark;DK-81
180;2019-01-01;DK-81;31;22;78;50;67;25;3;54;2;35;60;50;25;20;27;17;13;53;25;42;29;21;North Denmark;DK-81
181;2019-02-01;DK-81;34;27;82;43;69;20;8;57;2;30;63;43;24;12;25;15;49;51;19;44;29;45;North Denmark;DK-81
182;2019-03-01;DK-81;37;45;76;43;57;29;6;47;2;28;61;44;19;7;40;13;44;61;20;43;25;23;North Denmark;DK-81
183;2019-04-01;DK-81;29;27;70;32;51;16;7;41;2;28;35;34;19;9;20;9;22;54;22;38;24;47;North Denmark;DK-81
184;2019-05-01;DK-81;31;27;64;45;50;16;5;48;2;28;47;35;19;7;17;13;15;38;21;33;20;50;North Denmark;DK-81
185;2019-06-01;DK-81;36;31;71;50;73;17;6;47;3;28;63;38;24;19;19;11;34;38;19;37;21;27;North Denmark;DK-81
186;2019-07-01;DK-81;26;27;62;35;52;44;4;38;2;26;49;29;35;6;19;10;38;43;17;35;27;34;North Denmark;DK-81
187;2019-08-01;DK-81;21;33;77;48;60;30;4;49;1;24;36;35;15;7;31;10;27;41;21;34;23;33;North Denmark;DK-81
188;2019-09-01;DK-81;33;32;97;38;56;24;4;49;2;29;57;32;21;21;27;18;18;55;27;43;26;47;North Denmark;DK-81
189;2019-10-01;DK-81;25;32;75;48;78;38;3;54;2;29;47;26;15;13;18;8;35;42;26;40;14;82;North Denmark;DK-81
190;2004-01-01;DK-82;100;84;78;0;46;48;0;20;55;5;48;85;73;0;46;13;0;0;17;84;22;0;Central Denmark;DK-82
191;2004-02-01;DK-82;41;50;78;0;63;50;84;19;58;5;68;44;100;0;47;29;0;0;18;43;0;0;Central Denmark;DK-82
192;2004-03-01;DK-82;75;85;70;0;47;59;100;9;79;4;100;78;0;100;57;15;0;0;0;30;27;0;Central Denmark;DK-82
193;2004-04-01;DK-82;21;33;66;0;48;51;64;11;59;5;28;44;0;43;0;25;0;0;18;55;0;0;Central Denmark;DK-82
194;2004-05-01;DK-82;0;75;69;0;34;43;55;13;76;7;38;51;44;0;42;11;0;0;15;97;0;0;Central Denmark;DK-82
195;2004-06-01;DK-82;24;99;86;0;68;86;36;13;74;7;32;56;0;36;41;7;0;0;8;65;0;0;Central Denmark;DK-82
196;2004-07-01;DK-82;22;90;89;12;100;87;45;15;77;8;65;46;52;0;0;8;100;13;9;49;0;0;Central Denmark;DK-82
197;2004-08-01;DK-82;16;40;97;10;56;66;0;23;89;11;54;70;40;34;76;11;0;0;7;63;18;0;Central Denmark;DK-82
198;2004-09-01;DK-82;30;57;63;13;28;47;30;9;66;12;31;52;36;76;51;19;70;18;13;49;0;0;Central Denmark;DK-82
199;2004-10-01;DK-82;23;69;100;0;41;61;47;20;74;10;37;65;37;31;35;10;0;0;10;61;17;73;Central Denmark;DK-82
200;2004-11-01;DK-82;15;57;76;0;45;72;46;20;84;13;49;32;55;31;52;18;71;0;26;88;16;72;Central Denmark;DK-82
201;2004-12-01;DK-82;22;41;55;8;28;58;59;14;79;10;52;46;35;0;100;6;0;0;25;68;16;70;Central Denmark;DK-82
202;2005-01-01;DK-82;16;43;97;9;27;57;0;29;80;19;56;62;57;24;36;14;0;14;10;70;13;56;Central Denmark;DK-82
203;2005-02-01;DK-82;13;56;85;8;35;64;82;23;63;17;40;71;0;68;76;16;0;35;14;76;0;96;Central Denmark;DK-82
204;2005-03-01;DK-82;27;65;71;7;31;37;71;26;64;17;35;66;28;48;0;9;0;30;15;67;13;56;Central Denmark;DK-82
205;2005-04-01;DK-82;13;59;82;8;30;63;27;31;70;17;31;28;64;54;30;14;0;21;20;39;0;63;Central Denmark;DK-82
206;2005-05-01;DK-82;23;79;76;16;30;100;69;19;74;17;41;48;28;35;35;19;53;27;15;65;25;55;Central Denmark;DK-82
207;2005-06-01;DK-82;30;50;63;12;41;43;0;21;90;19;50;42;0;24;55;11;56;41;10;75;13;0;Central Denmark;DK-82
208;2005-07-01;DK-82;35;63;60;8;11;84;29;20;85;15;54;39;0;57;32;7;65;22;15;34;15;67;Central Denmark;DK-82
209;2005-08-01;DK-82;17;58;80;0;25;54;34;24;59;17;63;47;54;23;26;12;0;29;5;64;20;0;Central Denmark;DK-82
210;2005-09-01;DK-82;31;90;79;6;27;66;42;25;81;22;52;54;25;32;35;16;0;31;11;80;11;74;Central Denmark;DK-82
211;2005-10-01;DK-82;25;38;70;0;30;47;60;31;80;20;53;62;24;20;53;17;0;29;25;80;0;47;Central Denmark;DK-82
212;2005-11-01;DK-82;38;53;60;11;40;38;58;35;78;15;28;27;46;19;29;7;0;26;14;56;21;45;Central Denmark;DK-82
213;2005-12-01;DK-82;19;47;58;11;37;39;30;27;98;14;46;55;47;40;59;9;0;15;12;45;11;47;Central Denmark;DK-82
214;2006-01-01;DK-82;13;52;71;6;21;31;32;29;86;21;61;61;19;24;48;5;0;45;13;91;13;0;Central Denmark;DK-82
215;2006-02-01;DK-82;14;62;72;7;35;20;43;29;82;16;28;54;21;17;33;7;40;19;11;92;18;0;Central Denmark;DK-82
216;2006-03-01;DK-82;21;62;70;6;19;51;36;31;86;17;38;55;26;44;32;10;0;27;30;85;10;0;Central Denmark;DK-82
217;2006-04-01;DK-82;20;50;74;14;33;58;65;35;93;20;43;39;29;25;25;5;0;32;12;92;9;38;Central Denmark;DK-82
218;2006-05-01;DK-82;30;59;69;6;34;41;30;37;88;16;38;42;36;30;51;12;0;36;14;77;12;36;Central Denmark;DK-82
219;2006-06-01;DK-82;21;33;63;22;33;32;0;29;86;18;62;45;19;65;19;13;0;45;17;50;13;0;Central Denmark;DK-82
220;2006-07-01;DK-82;14;45;65;9;42;81;0;30;100;15;30;52;34;28;21;11;43;33;12;54;25;0;Central Denmark;DK-82
221;2006-08-01;DK-82;28;62;85;8;60;50;0;40;88;20;31;68;42;14;48;8;32;32;16;74;15;33;Central Denmark;DK-82
222;2006-09-01;DK-82;17;46;73;4;48;53;13;46;75;19;44;42;24;13;46;34;0;37;14;65;10;0;Central Denmark;DK-82
223;2006-10-01;DK-82;12;55;79;14;28;63;19;39;89;25;44;26;22;12;28;21;0;22;35;78;18;29;Central Denmark;DK-82
224;2006-11-01;DK-82;10;68;69;7;26;41;29;41;84;16;36;24;21;23;35;12;0;37;20;69;17;27;Central Denmark;DK-82
225;2006-12-01;DK-82;14;46;60;8;37;58;18;38;89;16;33;26;29;31;42;6;28;30;13;75;50;29;Central Denmark;DK-82
226;2007-01-01;DK-82;13;65;85;35;32;51;20;56;87;40;47;45;54;30;60;19;23;44;35;86;18;0;Central Denmark;DK-82
227;2007-02-01;DK-82;13;59;70;49;24;68;27;35;63;33;40;34;19;11;65;22;0;51;18;68;17;51;Central Denmark;DK-82
228;2007-03-01;DK-82;29;55;67;52;17;63;35;42;52;32;45;38;41;25;30;15;34;32;16;92;11;23;Central Denmark;DK-82
229;2007-04-01;DK-82;10;47;64;58;26;54;11;40;52;29;34;44;32;11;48;14;25;47;24;89;13;38;Central Denmark;DK-82
230;2007-05-01;DK-82;14;51;69;59;28;36;28;44;41;34;37;19;17;9;21;14;43;28;21;66;13;44;Central Denmark;DK-82
231;2007-06-01;DK-82;16;49;72;48;24;35;20;43;44;35;37;47;29;25;51;16;23;33;29;69;19;23;Central Denmark;DK-82
232;2007-07-01;DK-82;9;47;69;50;22;61;16;44;55;31;55;50;33;17;29;13;51;35;17;63;21;26;Central Denmark;DK-82
233;2007-08-01;DK-82;14;45;78;47;26;82;28;60;43;38;32;43;45;24;32;10;0;29;14;95;13;22;Central Denmark;DK-82
234;2007-09-01;DK-82;10;42;75;46;47;48;26;38;46;34;35;42;10;35;66;15;0;38;30;91;16;41;Central Denmark;DK-82
235;2007-10-01;DK-82;9;66;69;47;31;55;33;49;39;39;28;43;0;0;49;13;0;42;29;69;9;39;Central Denmark;DK-82
236;2007-11-01;DK-82;8;55;68;57;21;52;20;53;37;38;40;43;23;20;44;8;18;42;22;68;25;18;Central Denmark;DK-82
237;2007-12-01;DK-82;23;45;55;34;22;40;25;40;35;31;17;41;30;17;41;11;39;29;26;69;15;20;Central Denmark;DK-82
238;2008-01-01;DK-82;11;66;76;64;39;50;18;63;29;48;47;54;26;25;46;15;0;39;26;76;10;25;Central Denmark;DK-82
239;2008-02-01;DK-82;11;63;77;55;37;48;35;55;32;50;49;45;18;15;46;21;18;41;50;75;20;18;Central Denmark;DK-82
240;2008-03-01;DK-82;7;47;66;43;37;57;18;58;30;49;51;40;9;7;49;27;17;43;34;92;15;17;Central Denmark;DK-82
241;2008-04-01;DK-82;16;48;76;47;24;74;23;61;31;42;37;37;23;34;63;46;17;52;94;73;27;45;Central Denmark;DK-82
242;2008-05-01;DK-82;9;40;72;50;34;58;12;53;33;48;28;32;9;16;32;66;18;35;100;76;15;0;Central Denmark;DK-82
243;2008-06-01;DK-82;18;52;76;51;21;53;24;66;33;45;50;30;14;12;48;100;37;34;35;85;8;19;Central Denmark;DK-82
244;2008-07-01;DK-82;17;51;72;46;46;70;0;51;32;46;37;36;17;14;39;14;29;23;20;61;22;44;Central Denmark;DK-82
245;2008-08-01;DK-82;12;48;88;68;35;64;16;70;29;54;36;30;14;16;47;16;27;28;19;79;39;28;Central Denmark;DK-82
246;2008-09-01;DK-82;13;58;84;60;45;61;22;71;29;49;37;33;22;11;39;14;17;41;23;83;18;35;Central Denmark;DK-82
247;2008-10-01;DK-82;14;54;80;65;44;51;10;73;29;48;59;48;16;10;54;12;32;37;19;78;27;24;Central Denmark;DK-82
248;2008-11-01;DK-82;16;48;84;54;31;62;58;73;30;54;39;45;9;7;67;12;16;49;22;76;29;22;Central Denmark;DK-82
249;2008-12-01;DK-82;16;33;61;58;21;43;22;55;28;50;34;46;26;18;58;12;25;46;22;59;18;29;Central Denmark;DK-82
250;2009-01-01;DK-82;24;53;87;59;61;58;54;95;33;78;49;58;46;16;56;17;25;47;24;77;40;40;Central Denmark;DK-82
251;2009-02-01;DK-82;29;61;81;72;32;73;11;85;27;80;53;52;30;18;56;10;16;50;31;82;46;56;Central Denmark;DK-82
252;2009-03-01;DK-82;28;69;75;74;39;55;40;83;26;80;56;68;40;22;67;14;28;43;21;93;40;43;Central Denmark;DK-82
253;2009-04-01;DK-82;19;60;74;67;30;43;36;86;26;76;39;40;26;22;49;10;25;45;27;83;32;40;Central Denmark;DK-82
254;2009-05-01;DK-82;24;46;65;60;42;52;20;86;25;84;44;50;12;10;30;9;0;33;19;67;32;24;Central Denmark;DK-82
255;2009-06-01;DK-82;21;66;71;70;28;59;24;92;26;86;47;47;16;14;44;13;31;43;19;69;36;21;Central Denmark;DK-82
256;2009-07-01;DK-82;24;48;65;64;37;38;8;79;25;85;65;36;29;24;30;6;28;36;20;59;14;0;Central Denmark;DK-82
257;2009-08-01;DK-82;18;94;74;59;41;85;24;100;26;94;60;68;44;31;51;16;23;43;24;64;43;27;Central Denmark;DK-82
258;2009-09-01;DK-82;20;55;74;72;37;67;35;93;27;90;51;48;34;16;43;11;24;44;21;94;33;20;Central Denmark;DK-82
259;2009-10-01;DK-82;24;52;71;75;42;42;19;84;28;89;67;50;30;19;28;7;29;34;20;91;41;29;Central Denmark;DK-82
260;2009-11-01;DK-82;19;68;70;61;33;60;18;87;21;88;61;59;32;24;55;15;14;39;20;65;42;29;Central Denmark;DK-82
261;2009-12-01;DK-82;24;58;51;63;31;45;17;68;25;75;59;39;24;17;53;6;23;39;16;51;34;21;Central Denmark;DK-82
262;2010-01-01;DK-82;35;75;74;100;35;47;23;87;24;98;79;77;65;43;37;11;31;41;19;71;35;45;Central Denmark;DK-82
263;2010-02-01;DK-82;29;81;65;81;36;49;34;83;24;100;79;62;33;41;40;10;43;41;18;89;43;29;Central Denmark;DK-82
264;2010-03-01;DK-82;29;66;64;65;36;60;8;80;25;96;65;43;44;20;60;10;13;46;22;81;38;31;Central Denmark;DK-82
265;2010-04-01;DK-82;29;55;57;68;31;63;40;67;26;82;64;49;37;12;37;12;28;34;22;78;33;24;Central Denmark;DK-82
266;2010-05-01;DK-82;18;100;58;63;35;41;37;77;22;87;58;100;33;25;37;9;21;45;20;94;28;19;Central Denmark;DK-82
267;2010-06-01;DK-82;37;60;67;73;33;90;10;79;21;97;69;96;48;37;25;14;31;51;17;79;30;48;Central Denmark;DK-82
268;2010-07-01;DK-82;27;53;68;88;40;65;12;69;25;98;82;74;19;12;15;5;44;28;21;64;47;77;Central Denmark;DK-82
269;2010-08-01;DK-82;33;64;70;70;39;35;29;77;21;90;53;64;45;45;34;12;44;25;17;74;28;22;Central Denmark;DK-82
270;2010-09-01;DK-82;25;71;67;83;32;50;12;85;23;91;73;59;33;28;53;10;56;32;15;85;42;29;Central Denmark;DK-82
271;2010-10-01;DK-82;31;66;73;70;47;50;30;85;21;85;50;57;18;31;44;9;52;35;22;88;37;36;Central Denmark;DK-82
272;2010-11-01;DK-82;29;54;64;83;31;47;34;78;17;74;62;48;10;20;47;12;31;52;20;76;36;40;Central Denmark;DK-82
273;2010-12-01;DK-82;19;44;46;69;32;40;32;57;20;58;41;44;23;23;41;7;15;42;23;64;37;30;Central Denmark;DK-82
274;2011-01-01;DK-82;36;58;77;86;44;60;27;90;20;91;73;65;54;35;53;13;26;49;27;82;61;21;Central Denmark;DK-82
275;2011-02-01;DK-82;24;63;68;65;41;65;18;87;17;83;64;64;39;29;58;13;16;50;28;78;45;55;Central Denmark;DK-82
276;2011-03-01;DK-82;35;72;69;74;35;50;40;94;22;78;54;68;55;14;50;14;20;56;29;76;40;60;Central Denmark;DK-82
277;2011-04-01;DK-82;28;45;61;66;32;66;28;85;17;70;59;46;42;15;67;9;38;60;23;72;46;26;Central Denmark;DK-82
278;2011-05-01;DK-82;25;62;69;66;41;55;24;92;22;79;59;58;34;22;48;7;42;51;28;84;39;25;Central Denmark;DK-82
279;2011-06-01;DK-82;32;45;67;72;30;63;27;71;21;67;71;47;31;21;50;8;50;49;26;74;47;51;Central Denmark;DK-82
280;2011-07-01;DK-82;23;54;60;58;39;48;11;60;22;62;51;48;30;15;50;7;35;40;23;61;33;27;Central Denmark;DK-82
281;2011-08-01;DK-82;31;68;71;73;36;59;25;67;19;79;66;45;20;15;34;11;35;45;19;66;43;34;Central Denmark;DK-82
282;2011-09-01;DK-82;39;75;65;62;44;54;39;72;17;82;56;58;40;13;47;13;27;57;31;77;56;35;Central Denmark;DK-82
283;2011-10-01;DK-82;32;60;62;57;39;73;26;78;16;83;63;79;45;20;54;9;19;53;26;70;53;50;Central Denmark;DK-82
284;2011-11-01;DK-82;40;68;59;65;35;64;21;86;16;76;57;58;48;24;63;9;10;71;28;69;59;33;Central Denmark;DK-82
285;2011-12-01;DK-82;44;48;48;57;32;34;21;70;19;65;57;66;45;18;54;10;10;73;25;68;57;17;Central Denmark;DK-82
286;2012-01-01;DK-82;56;53;66;69;39;53;31;92;17;85;77;62;64;28;86;14;39;84;28;85;74;40;Central Denmark;DK-82
287;2012-02-01;DK-82;39;64;64;72;33;55;32;86;18;84;72;64;35;21;80;11;38;100;32;83;83;18;Central Denmark;DK-82
288;2012-03-01;DK-82;40;67;57;62;42;47;37;91;16;77;67;62;46;32;99;15;44;95;44;97;98;30;Central Denmark;DK-82
289;2012-04-01;DK-82;30;58;56;62;32;48;33;74;15;63;71;63;29;43;99;16;49;84;42;100;100;33;Central Denmark;DK-82
290;2012-05-01;DK-82;24;53;54;53;34;46;34;78;17;67;59;65;39;28;51;13;27;58;29;87;68;28;Central Denmark;DK-82
291;2012-06-01;DK-82;30;51;61;57;29;55;19;70;19;66;64;55;33;29;64;13;25;61;27;67;77;39;Central Denmark;DK-82
292;2012-07-01;DK-82;32;45;59;61;34;59;12;75;18;71;71;73;30;18;65;8;55;91;26;78;85;22;Central Denmark;DK-82
293;2012-08-01;DK-82;36;57;70;63;54;64;20;79;19;71;65;94;37;37;66;12;24;68;23;81;76;31;Central Denmark;DK-82
294;2012-09-01;DK-82;41;63;62;56;42;58;29;77;17;70;81;75;40;32;77;17;32;63;33;93;79;44;Central Denmark;DK-82
295;2012-10-01;DK-82;37;62;62;60;43;63;35;79;17;73;53;90;40;38;58;10;46;52;29;69;63;43;Central Denmark;DK-82
296;2012-11-01;DK-82;39;58;64;52;36;58;23;78;18;70;47;80;53;21;49;10;20;51;23;73;52;36;Central Denmark;DK-82
297;2012-12-01;DK-82;33;43;44;50;30;49;28;58;18;58;46;64;52;17;76;8;26;51;20;54;60;36;Central Denmark;DK-82
298;2013-01-01;DK-82;54;67;67;68;45;64;30;82;18;78;64;84;64;16;51;13;19;78;27;74;74;35;Central Denmark;DK-82
299;2013-02-01;DK-82;63;65;62;65;44;51;27;76;18;76;58;78;52;21;63;13;12;65;27;75;67;48;Central Denmark;DK-82
300;2013-03-01;DK-82;48;56;58;52;36;58;27;66;15;63;51;56;31;14;56;16;19;60;24;70;63;34;Central Denmark;DK-82
301;2013-04-01;DK-82;43;53;65;64;44;55;29;73;10;66;56;68;36;19;43;17;38;74;32;75;63;44;Central Denmark;DK-82
302;2013-05-01;DK-82;48;50;60;61;50;58;27;67;8;61;44;98;38;11;48;10;20;60;23;64;46;36;Central Denmark;DK-82
303;2013-06-01;DK-82;40;42;55;68;38;61;14;69;8;63;57;64;43;9;53;10;46;64;28;67;57;31;Central Denmark;DK-82
304;2013-07-01;DK-82;38;40;52;62;44;62;9;63;7;59;57;48;46;32;41;9;46;49;23;57;45;40;Central Denmark;DK-82
305;2013-08-01;DK-82;33;51;68;61;53;49;20;78;9;57;54;71;31;33;39;10;45;58;25;69;47;37;Central Denmark;DK-82
306;2013-09-01;DK-82;46;57;67;57;63;63;12;74;7;58;57;67;28;29;32;11;34;54;22;67;50;37;Central Denmark;DK-82
307;2013-10-01;DK-82;42;53;66;58;48;48;19;79;8;56;49;59;36;29;49;9;36;53;25;71;56;47;Central Denmark;DK-82
308;2013-11-01;DK-82;52;51;59;60;40;53;29;76;7;53;52;58;41;25;49;13;15;47;30;61;55;36;Central Denmark;DK-82
309;2013-12-01;DK-82;54;42;47;44;34;56;16;60;7;50;36;53;33;28;46;7;16;51;30;60;58;93;Central Denmark;DK-82
310;2014-01-01;DK-82;49;57;72;59;45;76;24;93;7;69;49;67;53;38;52;11;19;78;34;77;81;46;Central Denmark;DK-82
311;2014-02-01;DK-82;45;46;69;65;59;66;23;82;9;59;42;75;39;23;59;8;28;76;30;70;64;48;Central Denmark;DK-82
312;2014-03-01;DK-82;36;44;67;52;56;71;41;82;9;64;34;67;38;24;59;10;40;82;29;86;71;35;Central Denmark;DK-82
313;2014-04-01;DK-82;39;45;65;53;55;54;12;77;7;53;46;57;26;18;62;11;22;61;28;83;54;35;Central Denmark;DK-82
314;2014-05-01;DK-82;39;42;70;49;36;52;14;66;7;56;35;55;21;24;39;8;21;64;29;81;45;25;Central Denmark;DK-82
315;2014-06-01;DK-82;32;48;62;49;66;74;11;74;7;58;40;62;40;23;59;12;31;46;30;69;77;49;Central Denmark;DK-82
316;2014-07-01;DK-82;29;48;62;50;57;56;16;72;6;55;49;45;12;40;59;7;56;51;25;72;63;21;Central Denmark;DK-82
317;2014-08-01;DK-82;28;56;78;51;81;67;18;73;6;54;52;79;29;25;54;10;38;51;27;68;54;32;Central Denmark;DK-82
318;2014-09-01;DK-82;35;51;78;45;55;66;22;80;6;60;38;65;35;20;65;11;23;57;23;92;64;28;Central Denmark;DK-82
319;2014-10-01;DK-82;38;58;78;39;48;67;25;76;8;54;55;60;35;29;55;8;42;53;30;75;41;36;Central Denmark;DK-82
320;2014-11-01;DK-82;39;59;71;44;58;67;21;78;7;51;47;67;44;35;48;10;21;50;32;65;55;45;Central Denmark;DK-82
321;2014-12-01;DK-82;31;40;56;42;52;58;31;63;6;45;37;42;28;29;44;8;15;57;22;66;29;82;Central Denmark;DK-82
322;2015-01-01;DK-82;33;63;74;48;60;71;38;74;6;56;45;50;56;28;64;13;21;59;23;77;42;19;Central Denmark;DK-82
323;2015-02-01;DK-82;34;55;74;56;59;61;18;78;7;57;53;55;49;22;54;13;49;64;28;82;65;59;Central Denmark;DK-82
324;2015-03-01;DK-82;48;61;70;50;56;70;41;74;5;54;41;64;36;22;59;10;30;70;30;76;63;62;Central Denmark;DK-82
325;2015-04-01;DK-82;36;57;72;33;50;60;25;68;5;48;50;52;43;21;55;9;44;46;27;59;50;39;Central Denmark;DK-82
326;2015-05-01;DK-82;42;56;71;33;63;49;17;71;4;50;35;74;24;28;44;10;11;55;26;64;46;52;Central Denmark;DK-82
327;2015-06-01;DK-82;57;51;73;37;64;60;21;76;5;50;55;98;25;39;37;10;35;47;26;67;43;49;Central Denmark;DK-82
328;2015-07-01;DK-82;31;58;68;44;48;63;11;63;4;48;47;54;31;13;65;5;33;42;21;63;49;20;Central Denmark;DK-82
329;2015-08-01;DK-82;29;64;81;45;59;85;24;73;4;52;52;66;32;29;47;9;36;44;26;70;42;40;Central Denmark;DK-82
330;2015-09-01;DK-82;27;55;82;43;59;53;18;72;5;49;51;59;40;13;47;13;27;45;31;73;41;45;Central Denmark;DK-82
331;2015-10-01;DK-82;30;48;78;40;66;72;28;71;4;49;59;87;35;19;55;9;29;49;29;59;39;32;Central Denmark;DK-82
332;2015-11-01;DK-82;35;54;73;39;51;63;19;61;4;48;56;60;43;28;42;10;19;48;28;66;47;37;Central Denmark;DK-82
333;2015-12-01;DK-82;36;36;62;31;36;43;14;55;3;39;45;51;32;11;35;8;15;46;23;68;38;50;Central Denmark;DK-82
334;2016-01-01;DK-82;42;53;79;40;54;70;28;60;4;36;41;77;32;21;50;11;29;58;22;57;41;58;Central Denmark;DK-82
335;2016-02-01;DK-82;50;61;77;39;59;67;35;59;3;36;50;66;31;16;34;10;35;58;24;61;42;50;Central Denmark;DK-82
336;2016-03-01;DK-82;41;48;75;37;56;70;28;53;3;32;48;74;23;6;34;11;21;57;23;66;41;56;Central Denmark;DK-82
337;2016-04-01;DK-82;27;47;70;35;44;69;20;51;3;28;54;66;30;18;27;9;14;44;27;62;39;38;Central Denmark;DK-82
338;2016-05-01;DK-82;41;47;68;37;54;68;25;45;5;28;48;66;18;15;23;10;7;43;18;72;27;24;Central Denmark;DK-82
339;2016-06-01;DK-82;29;50;72;34;55;60;8;48;4;30;63;75;25;22;38;8;29;38;25;53;32;40;Central Denmark;DK-82
340;2016-07-01;DK-82;27;37;63;35;46;65;6;38;3;26;40;54;22;17;27;7;29;36;17;54;30;44;Central Denmark;DK-82
341;2016-08-01;DK-82;31;52;77;42;58;67;13;54;4;28;41;69;26;19;38;9;22;34;25;54;30;62;Central Denmark;DK-82
342;2016-09-01;DK-82;37;60;85;44;53;69;27;52;3;28;51;67;39;22;37;10;39;39;29;67;42;32;Central Denmark;DK-82
343;2016-10-01;DK-82;35;53;80;36;62;48;12;53;2;29;49;62;31;20;46;8;9;49;22;62;37;22;Central Denmark;DK-82
344;2016-11-01;DK-82;36;55;76;34;61;62;19;49;3;28;43;60;28;6;36;8;27;45;28;57;37;42;Central Denmark;DK-82
345;2016-12-01;DK-82;29;40;61;33;53;52;22;39;2;24;32;62;33;22;38;7;20;43;20;43;30;25;Central Denmark;DK-82
346;2017-01-01;DK-82;33;53;83;41;72;73;24;55;3;30;51;84;34;15;32;10;21;55;21;59;54;32;Central Denmark;DK-82
347;2017-02-01;DK-82;29;54;79;39;63;82;24;49;3;30;48;64;47;18;34;7;25;51;27;67;33;57;Central Denmark;DK-82
348;2017-03-01;DK-82;35;65;79;43;61;63;27;50;3;30;54;86;43;20;31;10;24;52;26;64;34;51;Central Denmark;DK-82
349;2017-04-01;DK-82;26;50;71;35;58;62;14;45;3;23;49;80;39;11;39;8;28;64;22;64;43;29;Central Denmark;DK-82
350;2017-05-01;DK-82;33;45;73;30;50;64;24;48;4;25;49;71;32;17;28;8;24;47;21;59;39;45;Central Denmark;DK-82
351;2017-06-01;DK-82;31;41;76;40;57;65;6;53;3;27;62;66;28;30;43;9;44;48;19;61;55;26;Central Denmark;DK-82
352;2017-07-01;DK-82;21;38;65;39;53;85;7;36;2;28;56;44;24;15;41;8;50;41;20;58;34;29;Central Denmark;DK-82
353;2017-08-01;DK-82;25;50;81;37;57;56;25;54;3;32;51;63;32;11;47;12;21;61;26;65;26;38;Central Denmark;DK-82
354;2017-09-01;DK-82;29;57;83;40;71;58;27;57;3;31;51;64;24;16;51;11;25;43;25;68;26;40;Central Denmark;DK-82
355;2017-10-01;DK-82;23;51;78;34;58;65;19;54;3;32;47;55;26;13;42;10;28;40;28;59;33;56;Central Denmark;DK-82
356;2017-11-01;DK-82;27;59;70;39;59;57;22;51;2;29;50;73;42;10;39;8;21;42;29;62;36;48;Central Denmark;DK-82
357;2017-12-01;DK-82;23;45;61;29;45;47;14;40;2;26;47;49;27;9;33;8;35;46;37;53;34;52;Central Denmark;DK-82
358;2018-01-01;DK-82;28;53;87;48;66;67;17;57;3;31;63;69;27;10;44;11;9;60;25;66;44;51;Central Denmark;DK-82
359;2018-02-01;DK-82;37;57;80;42;62;62;23;55;3;33;64;70;15;18;41;17;31;55;32;70;33;44;Central Denmark;DK-82
360;2018-03-01;DK-82;32;56;74;36;54;59;22;50;2;28;64;82;20;7;51;26;26;66;57;77;44;43;Central Denmark;DK-82
361;2018-04-01;DK-82;26;62;73;41;54;66;21;46;3;25;50;73;16;14;26;16;24;50;36;66;31;54;Central Denmark;DK-82
362;2018-05-01;DK-82;21;58;69;38;54;72;21;47;3;27;53;59;30;15;29;8;28;48;25;60;30;53;Central Denmark;DK-82
363;2018-06-01;DK-82;27;58;75;38;66;56;36;44;2;24;64;66;24;19;28;10;20;47;18;55;29;43;Central Denmark;DK-82
364;2018-07-01;DK-82;28;49;65;30;58;67;7;36;2;23;53;63;19;22;25;8;14;39;18;55;33;47;Central Denmark;DK-82
365;2018-08-01;DK-82;27;73;82;43;61;65;15;49;2;23;53;78;45;12;34;11;16;46;22;61;30;42;Central Denmark;DK-82
366;2018-09-01;DK-82;26;66;84;35;58;66;18;50;2;23;50;65;26;19;31;10;22;37;23;61;34;38;Central Denmark;DK-82
367;2018-10-01;DK-82;25;57;81;47;52;68;17;52;2;25;55;80;25;14;30;9;23;43;26;60;29;92;Central Denmark;DK-82
368;2018-11-01;DK-82;32;58;78;40;58;71;23;50;2;28;46;72;32;21;35;10;15;44;26;52;27;66;Central Denmark;DK-82
369;2018-12-01;DK-82;36;30;62;31;45;57;16;39;1;22;50;71;29;24;36;6;23;31;30;48;32;69;Central Denmark;DK-82
370;2019-01-01;DK-82;31;48;85;42;65;66;16;54;1;30;58;77;46;27;39;12;18;49;30;64;45;69;Central Denmark;DK-82
371;2019-02-01;DK-82;25;61;85;37;61;70;16;54;2;28;59;63;30;20;24;10;55;51;27;73;36;100;Central Denmark;DK-82
372;2019-03-01;DK-82;25;70;78;42;58;60;13;47;2;27;57;55;31;12;28;8;45;60;24;66;26;52;Central Denmark;DK-82
373;2019-04-01;DK-82;24;46;70;33;49;42;13;44;2;24;58;55;23;10;41;6;18;50;22;53;33;57;Central Denmark;DK-82
374;2019-05-01;DK-82;26;39;76;34;53;66;15;50;2;26;49;55;24;13;43;10;23;49;27;53;33;76;Central Denmark;DK-82
375;2019-06-01;DK-82;33;48;69;38;56;78;16;47;2;27;49;68;25;15;39;11;24;44;22;53;30;47;Central Denmark;DK-82
376;2019-07-01;DK-82;16;33;66;39;41;65;9;46;2;23;51;58;31;12;30;9;16;51;24;58;40;39;Central Denmark;DK-82
377;2019-08-01;DK-82;24;49;86;36;67;66;21;50;2;27;50;65;19;15;31;9;19;41;27;66;27;51;Central Denmark;DK-82
378;2019-09-01;DK-82;26;58;100;39;57;72;17;54;2;30;64;65;22;18;34;9;22;56;26;66;32;69;Central Denmark;DK-82
379;2019-10-01;DK-82;30;53;83;36;54;67;31;48;1;31;53;62;37;16;41;7;39;50;29;54;29;76;Central Denmark;DK-82
380;2004-01-01;DK-83;57;100;81;0;94;48;61;0;58;10;70;68;0;31;40;9;0;0;14;80;51;0;Southern Denmark;DK-83
381;2004-02-01;DK-83;0;56;82;0;49;33;0;15;66;2;40;84;76;32;42;10;0;0;14;61;0;0;Southern Denmark;DK-83
382;2004-03-01;DK-83;0;66;65;0;72;58;100;11;77;4;100;100;0;76;49;23;0;0;11;52;0;0;Southern Denmark;DK-83
383;2004-04-01;DK-83;36;58;81;0;100;100;0;8;86;3;74;57;0;33;0;10;0;0;19;58;53;100;Southern Denmark;DK-83
384;2004-05-01;DK-83;0;73;82;0;42;29;73;11;83;3;28;73;0;28;37;8;0;0;8;57;0;0;Southern Denmark;DK-83
385;2004-06-01;DK-83;60;97;68;0;53;57;73;11;76;4;56;49;0;37;54;17;0;0;12;64;23;0;Southern Denmark;DK-83
386;2004-07-01;DK-83;72;39;66;0;63;68;0;6;90;10;41;44;79;100;43;20;0;0;19;27;27;100;Southern Denmark;DK-83
387;2004-08-01;DK-83;28;59;81;11;67;34;0;22;84;6;57;50;0;25;97;11;0;0;0;75;21;0;Southern Denmark;DK-83
388;2004-09-01;DK-83;37;73;87;0;69;39;29;12;78;14;77;49;81;68;0;20;0;0;13;62;19;0;Southern Denmark;DK-83
389;2004-10-01;DK-83;26;76;69;0;45;24;30;14;83;10;72;31;57;0;0;14;0;9;14;55;19;0;Southern Denmark;DK-83
390;2004-11-01;DK-83;39;28;74;20;63;24;31;18;90;12;18;62;0;24;31;11;0;9;28;54;0;0;Southern Denmark;DK-83
391;2004-12-01;DK-83;24;32;65;0;42;45;29;18;88;5;41;43;53;22;29;20;0;0;19;60;18;0;Southern Denmark;DK-83
392;2005-01-01;DK-83;29;73;77;0;81;27;23;19;82;14;36;46;84;18;23;21;0;16;9;65;0;0;Southern Denmark;DK-83
393;2005-02-01;DK-83;22;64;78;0;30;51;26;14;85;15;40;52;48;30;39;9;0;31;15;78;0;61;Southern Denmark;DK-83
394;2005-03-01;DK-83;0;61;64;0;59;36;34;21;77;15;22;68;41;26;34;13;0;29;10;63;21;0;Southern Denmark;DK-83
395;2005-04-01;DK-83;42;57;69;8;59;33;50;18;78;13;63;34;93;39;25;9;79;25;9;55;0;59;Southern Denmark;DK-83
396;2005-05-01;DK-83;27;83;53;14;51;23;0;20;84;11;33;44;40;17;22;5;0;33;7;55;0;51;Southern Denmark;DK-83
397;2005-06-01;DK-83;19;57;78;0;40;24;46;17;76;16;40;31;42;18;46;21;0;21;15;55;14;53;Southern Denmark;DK-83
398;2005-07-01;DK-83;22;62;67;0;69;20;0;9;90;17;50;39;0;20;26;9;0;29;12;38;16;61;Southern Denmark;DK-83
399;2005-08-01;DK-83;17;56;82;0;61;33;21;24;85;14;28;32;78;0;21;10;0;25;11;48;13;50;Southern Denmark;DK-83
400;2005-09-01;DK-83;32;56;77;6;45;30;39;16;98;20;11;39;35;37;39;7;0;35;15;63;12;0;Southern Denmark;DK-83
401;2005-10-01;DK-83;21;97;73;0;33;29;28;18;100;13;50;19;0;0;38;30;59;30;18;57;0;66;Southern Denmark;DK-83
402;2005-11-01;DK-83;23;61;60;6;37;21;27;19;87;16;35;30;100;14;18;8;0;27;22;61;17;42;Southern Denmark;DK-83
403;2005-12-01;DK-83;15;25;58;6;21;29;46;10;86;16;46;37;0;28;61;11;0;6;12;46;0;43;Southern Denmark;DK-83
404;2006-01-01;DK-83;29;24;66;5;48;24;30;31;77;15;75;30;27;23;30;16;47;38;20;69;14;35;Southern Denmark;DK-83
405;2006-02-01;DK-83;19;41;64;0;49;30;25;26;79;14;54;39;31;19;33;15;0;18;12;59;10;0;Southern Denmark;DK-83
406;2006-03-01;DK-83;41;28;71;9;33;55;14;17;97;18;27;52;0;21;37;8;44;31;16;74;9;33;Southern Denmark;DK-83
407;2006-04-01;DK-83;20;50;64;0;50;37;31;29;96;13;33;48;29;18;24;7;0;40;8;61;10;0;Southern Denmark;DK-83
408;2006-05-01;DK-83;29;40;67;5;43;19;22;23;92;21;26;55;27;34;44;9;0;37;11;65;0;69;Southern Denmark;DK-83
409;2006-06-01;DK-83;22;54;70;0;52;42;16;31;96;14;42;27;44;12;21;19;0;34;11;62;0;0;Southern Denmark;DK-83
410;2006-07-01;DK-83;23;49;69;0;59;43;36;19;90;14;32;28;0;0;36;4;0;26;10;71;0;0;Southern Denmark;DK-83
411;2006-08-01;DK-83;40;49;83;4;48;16;0;29;97;22;32;41;50;18;50;18;0;19;16;69;8;63;Southern Denmark;DK-83
412;2006-09-01;DK-83;18;53;75;6;50;41;26;33;86;16;46;26;36;15;31;26;41;19;15;63;8;30;Southern Denmark;DK-83
413;2006-10-01;DK-83;27;76;77;8;49;19;0;33;81;15;37;36;66;12;48;13;0;31;20;58;7;28;Southern Denmark;DK-83
414;2006-11-01;DK-83;29;42;70;23;67;24;41;29;93;20;27;27;42;9;31;8;72;37;10;57;11;0;Southern Denmark;DK-83
415;2006-12-01;DK-83;20;35;63;4;53;43;36;23;93;12;56;33;22;9;32;16;0;23;12;58;42;0;Southern Denmark;DK-83
416;2007-01-01;DK-83;17;71;95;42;49;31;20;33;73;23;31;40;73;18;33;20;0;35;13;64;25;0;Southern Denmark;DK-83
417;2007-02-01;DK-83;24;59;77;50;42;20;22;34;65;32;29;48;40;13;51;17;0;45;8;66;27;0;Southern Denmark;DK-83
418;2007-03-01;DK-83;8;47;70;33;64;34;35;36;55;29;33;23;46;8;23;12;0;45;19;76;16;0;Southern Denmark;DK-83
419;2007-04-01;DK-83;18;39;65;28;28;28;32;37;52;26;21;22;20;11;25;16;0;46;14;60;7;0;Southern Denmark;DK-83
420;2007-05-01;DK-83;16;42;65;44;57;32;23;37;46;28;18;34;26;12;22;21;0;42;15;70;12;22;Southern Denmark;DK-83
421;2007-06-01;DK-83;8;50;71;42;54;23;38;33;54;30;30;23;0;11;19;23;62;34;15;58;21;46;Southern Denmark;DK-83
422;2007-07-01;DK-83;21;71;65;41;48;28;0;35;53;30;33;11;20;0;29;13;34;29;19;43;27;0;Southern Denmark;DK-83
423;2007-08-01;DK-83;13;58;80;67;76;29;28;34;40;38;41;23;34;14;37;16;0;31;15;71;6;21;Southern Denmark;DK-83
424;2007-09-01;DK-83;12;60;76;38;56;23;9;37;41;34;32;35;32;7;46;14;0;41;18;79;16;30;Southern Denmark;DK-83
425;2007-10-01;DK-83;28;59;73;58;36;28;12;37;40;32;33;39;15;6;22;10;26;26;20;77;10;0;Southern Denmark;DK-83
426;2007-11-01;DK-83;32;37;77;30;50;18;31;36;36;35;24;26;21;10;39;5;0;34;19;65;22;27;Southern Denmark;DK-83
427;2007-12-01;DK-83;21;35;62;45;27;15;21;26;34;28;37;11;15;10;44;10;0;40;16;74;5;39;Southern Denmark;DK-83
428;2008-01-01;DK-83;12;64;88;65;77;54;29;55;32;42;40;19;26;11;55;20;0;47;19;75;27;25;Southern Denmark;DK-83
429;2008-02-01;DK-83;21;43;75;49;27;38;11;42;34;40;35;46;42;8;33;12;0;44;37;71;5;71;Southern Denmark;DK-83
430;2008-03-01;DK-83;22;48;72;56;48;21;18;41;34;36;37;24;33;13;38;33;0;39;45;78;16;34;Southern Denmark;DK-83
431;2008-04-01;DK-83;19;50;70;44;54;10;11;44;34;39;17;25;41;11;32;39;0;35;96;78;9;35;Southern Denmark;DK-83
432;2008-05-01;DK-83;19;50;76;46;54;30;53;42;37;45;32;39;14;9;43;64;24;35;100;77;14;0;Southern Denmark;DK-83
433;2008-06-01;DK-83;26;56;79;49;54;36;8;47;33;38;36;29;14;9;36;100;73;35;42;74;24;18;Southern Denmark;DK-83
434;2008-07-01;DK-83;15;38;68;44;47;28;0;35;37;37;28;36;16;0;18;7;56;19;17;67;14;0;Southern Denmark;DK-83
435;2008-08-01;DK-83;15;55;95;54;44;53;7;53;27;51;24;15;41;8;20;12;0;39;18;70;14;35;Southern Denmark;DK-83
436;2008-09-01;DK-83;12;49;91;60;65;40;25;54;32;49;36;27;46;7;48;10;0;30;18;92;9;0;Southern Denmark;DK-83
437;2008-10-01;DK-83;20;56;85;49;65;48;20;50;36;52;32;43;19;8;45;12;43;30;24;70;30;31;Southern Denmark;DK-83
438;2008-11-01;DK-83;22;57;84;51;41;18;0;45;33;50;26;24;13;11;47;8;0;42;19;69;31;33;Southern Denmark;DK-83
439;2008-12-01;DK-83;16;35;59;44;39;17;11;47;32;44;45;36;19;18;38;9;0;43;21;66;33;41;Southern Denmark;DK-83
440;2009-01-01;DK-83;30;68;89;69;90;45;19;63;35;66;50;38;64;8;53;15;20;42;23;83;26;15;Southern Denmark;DK-83
441;2009-02-01;DK-83;23;58;86;72;65;26;14;59;24;67;56;40;32;13;58;16;0;46;19;79;31;16;Southern Denmark;DK-83
442;2009-03-01;DK-83;24;56;71;61;52;27;30;57;25;69;60;43;51;14;53;14;58;36;22;84;40;29;Southern Denmark;DK-83
443;2009-04-01;DK-83;36;47;72;60;54;34;18;63;30;67;54;46;40;11;33;10;23;40;17;77;29;17;Southern Denmark;DK-83
444;2009-05-01;DK-83;22;43;71;56;45;26;23;60;33;75;56;29;30;10;40;10;42;29;18;63;39;15;Southern Denmark;DK-83
445;2009-06-01;DK-83;32;45;73;75;68;31;13;64;26;80;56;25;24;19;38;15;21;36;16;68;31;39;Southern Denmark;DK-83
446;2009-07-01;DK-83;30;31;59;49;61;26;8;55;29;72;52;39;43;10;36;5;24;28;13;63;39;18;Southern Denmark;DK-83
447;2009-08-01;DK-83;52;51;78;51;57;47;10;59;27;82;59;31;37;10;33;12;21;30;16;83;25;16;Southern Denmark;DK-83
448;2009-09-01;DK-83;18;62;74;62;64;35;13;68;27;87;55;28;35;13;36;10;0;42;20;66;26;15;Southern Denmark;DK-83
449;2009-10-01;DK-83;32;56;68;59;44;33;25;71;29;88;64;32;29;10;36;8;20;51;21;74;34;30;Southern Denmark;DK-83
450;2009-11-01;DK-83;21;76;65;60;74;26;31;71;25;90;50;39;57;13;49;10;0;37;17;80;27;14;Southern Denmark;DK-83
451;2009-12-01;DK-83;31;53;57;54;44;22;20;48;24;75;54;46;61;12;64;9;0;30;16;54;29;23;Southern Denmark;DK-83
452;2010-01-01;DK-83;42;67;70;78;61;28;15;74;27;100;73;53;48;10;37;9;18;39;19;68;33;0;Southern Denmark;DK-83
453;2010-02-01;DK-83;36;70;64;68;43;23;16;54;32;100;76;38;76;11;57;9;40;38;19;67;32;0;Southern Denmark;DK-83
454;2010-03-01;DK-83;29;62;63;72;55;23;26;57;25;92;68;56;26;12;44;9;45;35;12;79;30;47;Southern Denmark;DK-83
455;2010-04-01;DK-83;32;65;57;72;35;28;16;54;30;90;74;34;59;18;49;13;20;45;20;70;32;30;Southern Denmark;DK-83
456;2010-05-01;DK-83;37;77;61;52;64;33;25;58;23;90;65;59;40;16;33;7;39;44;23;87;35;15;Southern Denmark;DK-83
457;2010-06-01;DK-83;31;55;64;58;52;20;17;53;28;100;70;37;38;21;25;10;32;43;20;78;34;48;Southern Denmark;DK-83
458;2010-07-01;DK-83;34;53;63;62;76;42;0;49;33;91;78;52;15;14;35;8;38;35;17;60;33;38;Southern Denmark;DK-83
459;2010-08-01;DK-83;45;91;74;76;67;49;16;56;25;80;65;53;40;13;27;9;59;40;16;57;37;36;Southern Denmark;DK-83
460;2010-09-01;DK-83;29;72;70;81;68;38;9;57;26;78;58;34;44;15;22;13;19;37;20;63;34;21;Southern Denmark;DK-83
461;2010-10-01;DK-83;41;65;69;67;62;32;21;58;24;80;54;35;39;7;26;6;77;37;20;61;36;70;Southern Denmark;DK-83
462;2010-11-01;DK-83;36;58;66;76;74;39;26;54;26;69;44;31;42;15;25;6;18;40;18;73;27;13;Southern Denmark;DK-83
463;2010-12-01;DK-83;42;51;49;76;33;21;25;44;22;64;47;48;46;12;33;9;20;42;23;54;39;15;Southern Denmark;DK-83
464;2011-01-01;DK-83;40;69;76;100;57;37;29;70;22;87;66;49;92;9;48;9;15;52;27;67;49;37;Southern Denmark;DK-83
465;2011-02-01;DK-83;37;61;69;79;53;29;33;65;23;82;47;36;60;11;39;9;43;49;25;78;52;24;Southern Denmark;DK-83
466;2011-03-01;DK-83;33;66;66;72;48;30;31;67;25;77;51;40;45;14;40;15;19;48;25;65;40;39;Southern Denmark;DK-83
467;2011-04-01;DK-83;38;49;61;77;46;15;18;66;21;73;49;48;29;15;35;10;17;40;29;67;49;25;Southern Denmark;DK-83
468;2011-05-01;DK-83;31;49;74;75;64;30;25;60;23;71;39;32;52;12;36;9;25;45;24;66;38;37;Southern Denmark;DK-83
469;2011-06-01;DK-83;51;48;66;79;55;31;12;58;21;62;69;42;51;12;30;15;38;43;22;58;40;32;Southern Denmark;DK-83
470;2011-07-01;DK-83;39;41;63;60;45;37;10;44;23;64;49;36;18;13;28;7;24;40;28;56;41;23;Southern Denmark;DK-83
471;2011-08-01;DK-83;44;67;71;73;69;33;15;58;24;70;56;45;41;18;29;11;57;41;23;71;33;14;Southern Denmark;DK-83
472;2011-09-01;DK-83;38;73;64;69;50;31;22;54;20;79;57;61;57;6;34;12;19;55;25;66;40;14;Southern Denmark;DK-83
473;2011-10-01;DK-83;56;67;64;65;52;23;28;69;20;72;56;48;69;10;43;13;61;62;31;71;59;24;Southern Denmark;DK-83
474;2011-11-01;DK-83;63;61;65;73;57;26;25;76;19;63;48;53;73;17;47;12;28;55;27;60;55;21;Southern Denmark;DK-83
475;2011-12-01;DK-83;58;46;47;57;38;17;19;67;19;57;43;45;70;10;51;11;32;60;26;54;51;21;Southern Denmark;DK-83
476;2012-01-01;DK-83;85;61;73;75;61;26;29;100;20;71;64;49;64;17;73;11;29;72;35;76;75;24;Southern Denmark;DK-83
477;2012-02-01;DK-83;62;62;70;79;58;40;13;96;20;66;83;47;52;14;72;14;31;100;34;86;60;50;Southern Denmark;DK-83
478;2012-03-01;DK-83;55;58;62;77;37;31;28;88;20;66;75;50;37;22;65;11;29;87;40;100;87;44;Southern Denmark;DK-83
479;2012-04-01;DK-83;44;48;61;75;45;26;25;71;20;63;85;43;53;15;85;13;41;81;39;74;100;27;Southern Denmark;DK-83
480;2012-05-01;DK-83;37;48;58;81;45;32;19;72;22;60;61;58;26;15;56;16;23;54;30;71;68;13;Southern Denmark;DK-83
481;2012-06-01;DK-83;52;52;63;66;61;28;30;65;17;60;66;55;26;14;52;15;67;50;21;58;64;33;Southern Denmark;DK-83
482;2012-07-01;DK-83;69;45;58;61;55;34;11;56;22;62;80;45;32;20;56;6;64;89;22;68;63;15;Southern Denmark;DK-83
483;2012-08-01;DK-83;58;69;67;64;62;36;13;59;22;71;81;64;61;15;42;8;65;62;27;73;63;26;Southern Denmark;DK-83
484;2012-09-01;DK-83;69;56;64;50;71;30;23;58;18;72;73;60;54;18;60;14;93;60;29;77;85;25;Southern Denmark;DK-83
485;2012-10-01;DK-83;49;62;60;60;65;41;23;61;21;73;56;61;60;13;58;11;28;47;25;78;62;29;Southern Denmark;DK-83
486;2012-11-01;DK-83;57;59;60;57;49;26;24;59;24;75;48;48;53;4;61;10;35;42;23;71;51;23;Southern Denmark;DK-83
487;2012-12-01;DK-83;58;45;42;50;49;26;16;42;18;58;42;56;39;7;100;6;35;52;21;54;56;35;Southern Denmark;DK-83
488;2013-01-01;DK-83;82;53;64;69;61;33;16;58;22;77;53;74;92;12;67;15;21;70;24;67;86;26;Southern Denmark;DK-83
489;2013-02-01;DK-83;93;53;59;69;58;34;24;51;20;75;52;68;49;12;50;12;28;55;25;71;60;26;Southern Denmark;DK-83
490;2013-03-01;DK-83;65;49;54;54;54;29;16;49;20;63;52;37;52;11;51;15;41;51;24;68;50;33;Southern Denmark;DK-83
491;2013-04-01;DK-83;74;51;56;51;61;34;20;52;16;61;54;58;40;16;56;15;47;64;34;68;61;29;Southern Denmark;DK-83
492;2013-05-01;DK-83;68;46;56;61;53;38;24;51;12;63;52;72;46;12;54;12;58;53;26;67;44;11;Southern Denmark;DK-83
493;2013-06-01;DK-83;65;44;62;60;60;36;8;52;13;59;50;49;50;7;49;12;45;54;22;62;49;28;Southern Denmark;DK-83
494;2013-07-01;DK-83;61;49;60;53;56;31;0;47;10;59;51;49;46;17;55;11;61;50;23;58;51;26;Southern Denmark;DK-83
495;2013-08-01;DK-83;50;52;68;57;70;39;18;53;11;59;55;36;33;13;36;8;54;44;24;64;50;21;Southern Denmark;DK-83
496;2013-09-01;DK-83;61;70;71;54;81;36;32;58;12;59;59;33;51;15;36;10;50;44;21;62;56;32;Southern Denmark;DK-83
497;2013-10-01;DK-83;58;51;66;55;60;33;17;54;10;57;52;40;47;16;46;9;45;47;25;63;50;26;Southern Denmark;DK-83
498;2013-11-01;DK-83;72;47;62;54;60;28;16;51;9;51;45;36;45;14;48;11;28;42;24;63;39;47;Southern Denmark;DK-83
499;2013-12-01;DK-83;87;41;48;53;46;27;20;39;9;41;42;46;36;14;50;8;23;43;24;53;47;77;Southern Denmark;DK-83
500;2014-01-01;DK-83;100;48;74;67;73;38;36;59;11;60;58;52;66;23;49;10;14;56;25;70;61;36;Southern Denmark;DK-83
501;2014-02-01;DK-83;68;55;68;59;71;41;20;59;12;56;47;57;48;14;45;9;21;59;25;64;57;29;Southern Denmark;DK-83
502;2014-03-01;DK-83;61;58;66;60;77;34;15;56;11;52;56;51;42;14;45;9;23;53;26;62;54;51;Southern Denmark;DK-83
503;2014-04-01;DK-83;45;47;64;53;56;33;21;48;10;45;52;59;27;19;46;8;23;52;24;73;59;30;Southern Denmark;DK-83
504;2014-05-01;DK-83;51;52;61;46;66;29;21;48;10;43;43;44;40;14;38;7;52;53;24;65;34;22;Southern Denmark;DK-83
505;2014-06-01;DK-83;60;41;65;63;72;34;18;51;10;48;62;50;63;26;39;12;47;47;24;65;56;21;Southern Denmark;DK-83
506;2014-07-01;DK-83;51;43;63;45;58;33;10;54;8;51;60;42;46;22;57;7;44;37;22;56;69;13;Southern Denmark;DK-83
507;2014-08-01;DK-83;41;64;74;51;84;43;10;56;9;49;56;51;34;13;46;10;43;44;21;70;48;26;Southern Denmark;DK-83
508;2014-09-01;DK-83;53;52;76;63;88;42;19;61;10;53;59;58;57;16;43;13;26;37;25;69;47;36;Southern Denmark;DK-83
509;2014-10-01;DK-83;55;61;71;49;73;43;14;49;7;49;42;52;30;16;35;9;51;37;24;63;46;24;Southern Denmark;DK-83
510;2014-11-01;DK-83;62;56;64;40;73;42;26;54;7;48;55;62;72;22;42;13;15;45;24;62;51;39;Southern Denmark;DK-83
511;2014-12-01;DK-83;48;35;54;41;41;30;17;47;7;42;52;58;48;12;38;6;56;47;22;52;44;66;Southern Denmark;DK-83
512;2015-01-01;DK-83;57;54;77;50;79;42;19;57;8;57;63;65;59;14;37;16;47;56;22;77;53;40;Southern Denmark;DK-83
513;2015-02-01;DK-83;58;62;72;55;78;39;27;55;7;54;62;57;45;25;40;10;31;50;24;67;45;26;Southern Denmark;DK-83
514;2015-03-01;DK-83;82;73;69;41;76;44;13;56;6;53;60;63;45;24;46;11;38;61;26;82;50;39;Southern Denmark;DK-83
515;2015-04-01;DK-83;53;58;65;43;66;29;26;47;8;42;43;50;40;15;42;12;22;44;24;51;41;27;Southern Denmark;DK-83
516;2015-05-01;DK-83;57;48;66;39;69;29;17;50;4;45;51;46;25;14;41;8;18;39;21;57;39;32;Southern Denmark;DK-83
517;2015-06-01;DK-83;75;55;72;44;79;33;8;48;7;49;69;62;51;14;43;9;57;43;25;69;39;34;Southern Denmark;DK-83
518;2015-07-01;DK-83;38;47;64;43;65;39;10;42;5;45;61;55;29;15;51;10;14;36;25;57;46;48;Southern Denmark;DK-83
519;2015-08-01;DK-83;50;61;79;47;74;50;15;54;8;50;57;48;41;15;41;8;62;32;22;62;36;32;Southern Denmark;DK-83
520;2015-09-01;DK-83;46;72;76;49;78;33;17;50;5;48;46;48;44;13;40;10;11;32;23;64;43;25;Southern Denmark;DK-83
521;2015-10-01;DK-83;49;68;80;47;79;35;16;51;7;47;64;81;51;16;43;10;40;35;25;66;38;41;Southern Denmark;DK-83
522;2015-11-01;DK-83;49;55;73;44;66;30;18;46;7;45;51;51;27;15;38;10;28;39;23;51;43;44;Southern Denmark;DK-83
523;2015-12-01;DK-83;54;46;62;30;62;28;11;38;5;36;52;46;37;8;38;8;44;37;22;54;28;36;Southern Denmark;DK-83
524;2016-01-01;DK-83;70;65;83;47;87;30;23;44;6;36;58;59;45;12;27;13;10;47;20;61;37;46;Southern Denmark;DK-83
525;2016-02-01;DK-83;63;66;82;48;75;34;19;47;5;40;53;48;44;15;28;7;26;39;18;58;36;36;Southern Denmark;DK-83
526;2016-03-01;DK-83;55;59;75;37;79;32;18;40;5;33;52;44;33;9;35;8;25;37;18;58;29;47;Southern Denmark;DK-83
527;2016-04-01;DK-83;51;54;73;44;71;40;27;36;4;28;47;43;32;9;25;10;25;36;21;60;25;24;Southern Denmark;DK-83
528;2016-05-01;DK-83;49;52;72;39;97;36;13;36;5;29;40;55;46;5;25;8;30;34;17;69;28;19;Southern Denmark;DK-83
529;2016-06-01;DK-83;55;48;74;34;87;33;22;39;5;29;66;61;41;11;29;8;43;26;18;61;23;41;Southern Denmark;DK-83
530;2016-07-01;DK-83;46;39;67;37;59;33;7;31;4;27;51;46;36;7;32;4;18;30;18;52;29;49;Southern Denmark;DK-83
531;2016-08-01;DK-83;50;52;75;42;74;50;17;37;4;28;40;51;42;11;25;8;38;30;18;52;36;23;Southern Denmark;DK-83
532;2016-09-01;DK-83;71;71;78;42;80;39;18;35;4;27;49;39;37;8;28;7;27;38;24;59;33;35;Southern Denmark;DK-83
533;2016-10-01;DK-83;61;50;73;41;73;42;21;38;3;33;41;47;40;6;27;10;27;35;21;56;29;48;Southern Denmark;DK-83
534;2016-11-01;DK-83;49;52;76;43;71;39;19;38;5;28;49;55;46;7;30;7;22;35;21;48;25;39;Southern Denmark;DK-83
535;2016-12-01;DK-83;45;42;66;33;69;26;20;28;3;24;41;47;46;7;37;5;23;30;16;56;32;61;Southern Denmark;DK-83
536;2017-01-01;DK-83;54;55;85;43;76;47;24;43;3;30;57;68;62;14;35;10;24;41;22;59;41;18;Southern Denmark;DK-83
537;2017-02-01;DK-83;62;66;84;47;75;37;12;39;3;31;50;60;41;11;31;7;23;44;18;58;35;49;Southern Denmark;DK-83
538;2017-03-01;DK-83;59;61;79;44;73;30;25;40;3;28;54;61;32;7;29;7;29;43;21;61;34;48;Southern Denmark;DK-83
539;2017-04-01;DK-83;47;54;69;39;69;30;22;30;4;22;52;40;42;10;35;7;18;45;19;68;28;43;Southern Denmark;DK-83
540;2017-05-01;DK-83;49;44;75;39;80;35;18;33;4;23;46;54;38;6;34;8;14;39;20;57;21;21;Southern Denmark;DK-83
541;2017-06-01;DK-83;45;40;74;41;77;37;10;37;4;25;60;59;40;7;31;14;23;39;20;57;32;31;Southern Denmark;DK-83
542;2017-07-01;DK-83;49;38;65;31;78;37;4;31;4;25;56;50;34;6;34;6;25;32;20;52;30;40;Southern Denmark;DK-83
543;2017-08-01;DK-83;39;53;82;39;90;25;11;42;3;28;63;48;42;11;45;13;31;46;20;57;36;25;Southern Denmark;DK-83
544;2017-09-01;DK-83;50;47;77;50;96;32;20;38;4;31;52;47;20;7;37;10;31;37;19;64;33;23;Southern Denmark;DK-83
545;2017-10-01;DK-83;42;55;78;43;72;41;16;40;3;32;56;55;50;8;36;10;26;40;23;58;39;27;Southern Denmark;DK-83
546;2017-11-01;DK-83;43;56;75;49;69;32;21;35;3;27;56;46;31;6;33;10;19;37;21;49;26;44;Southern Denmark;DK-83
547;2017-12-01;DK-83;39;48;59;30;56;27;10;33;3;24;52;46;46;8;30;9;26;42;23;47;28;36;Southern Denmark;DK-83
548;2018-01-01;DK-83;48;65;81;52;75;41;21;43;4;36;67;56;43;11;40;12;59;50;27;60;35;29;Southern Denmark;DK-83
549;2018-02-01;DK-83;44;60;80;47;77;33;13;43;2;32;72;65;46;7;38;17;51;46;32;66;45;56;Southern Denmark;DK-83
550;2018-03-01;DK-83;42;53;74;42;81;40;20;36;3;28;64;59;45;12;47;28;34;50;43;69;47;18;Southern Denmark;DK-83
551;2018-04-01;DK-83;47;58;70;42;76;29;15;30;3;24;46;56;32;14;35;13;25;41;30;63;34;41;Southern Denmark;DK-83
552;2018-05-01;DK-83;36;50;67;44;74;33;14;34;3;26;50;58;35;9;32;7;22;38;22;61;35;30;Southern Denmark;DK-83
553;2018-06-01;DK-83;43;50;73;41;70;41;10;33;3;24;50;48;35;14;32;10;38;35;20;57;27;28;Southern Denmark;DK-83
554;2018-07-01;DK-83;34;45;59;38;68;38;7;28;3;22;56;54;27;8;28;5;43;34;16;55;34;20;Southern Denmark;DK-83
555;2018-08-01;DK-83;39;64;83;43;77;34;15;38;3;24;52;49;23;9;29;10;27;29;18;57;35;29;Southern Denmark;DK-83
556;2018-09-01;DK-83;40;69;82;42;73;39;15;38;3;26;59;55;31;10;29;8;19;35;19;61;27;44;Southern Denmark;DK-83
557;2018-10-01;DK-83;38;52;80;42;90;42;15;42;3;29;56;55;45;10;21;7;26;44;17;54;28;69;Southern Denmark;DK-83
558;2018-11-01;DK-83;47;47;77;43;68;28;16;39;3;23;44;46;26;9;23;10;13;38;21;52;28;28;Southern Denmark;DK-83
559;2018-12-01;DK-83;43;41;66;27;59;29;12;29;3;22;57;58;38;12;27;9;23;32;23;42;25;51;Southern Denmark;DK-83
560;2019-01-01;DK-83;54;49;80;47;84;35;15;40;3;31;63;62;39;12;29;9;9;41;23;56;39;33;Southern Denmark;DK-83
561;2019-02-01;DK-83;53;61;83;46;79;36;13;42;2;29;84;55;38;10;34;7;100;47;24;59;31;74;Southern Denmark;DK-83
562;2019-03-01;DK-83;37;54;77;36;74;38;10;35;3;26;55;56;29;8;32;9;27;40;21;57;34;32;Southern Denmark;DK-83
563;2019-04-01;DK-83;45;48;69;34;71;33;10;33;3;22;48;50;32;7;24;7;23;41;18;58;24;36;Southern Denmark;DK-83
564;2019-05-01;DK-83;47;40;69;39;68;28;10;35;3;25;48;38;26;6;23;11;42;36;24;49;26;22;Southern Denmark;DK-83
565;2019-06-01;DK-83;35;44;73;44;72;39;8;34;3;28;59;54;36;10;23;9;39;38;20;45;26;33;Southern Denmark;DK-83
566;2019-07-01;DK-83;42;37;68;43;55;38;10;31;2;23;57;52;32;8;18;6;31;33;19;59;33;20;Southern Denmark;DK-83
567;2019-08-01;DK-83;34;52;80;45;77;35;13;36;3;26;41;51;28;5;32;10;27;39;19;60;27;38;Southern Denmark;DK-83
568;2019-09-01;DK-83;44;62;100;44;81;29;10;42;3;28;52;48;21;11;39;12;36;46;24;58;33;44;Southern Denmark;DK-83
569;2019-10-01;DK-83;39;53;77;38;90;42;13;41;3;32;50;45;31;7;27;7;31;41;25;56;23;59;Southern Denmark;DK-83
570;2004-01-01;DK-84;27;54;83;11;58;100;60;15;64;8;100;73;100;56;47;26;0;0;15;93;15;0;Capital;DK-84
571;2004-02-01;DK-84;33;100;84;0;45;51;46;18;66;6;44;56;25;38;36;15;0;0;17;86;16;0;Capital;DK-84
572;2004-03-01;DK-84;60;82;77;0;66;77;74;15;76;3;40;53;31;58;44;11;0;0;11;80;0;52;Capital;DK-84
573;2004-04-01;DK-84;17;50;70;8;46;52;94;13;75;6;67;38;61;49;25;12;86;0;12;79;0;44;Capital;DK-84
574;2004-05-01;DK-84;29;57;69;10;66;68;54;14;84;9;52;55;23;76;43;22;0;7;15;72;14;38;Capital;DK-84
575;2004-06-01;DK-84;32;100;73;6;100;75;51;13;82;4;58;68;36;24;60;19;0;0;17;68;0;36;Capital;DK-84
576;2004-07-01;DK-84;38;55;81;0;74;51;61;11;85;7;55;31;38;47;48;14;0;0;11;86;16;0;Capital;DK-84
577;2004-08-01;DK-84;26;81;75;6;58;80;24;18;75;7;48;49;33;100;19;9;0;0;16;78;0;33;Capital;DK-84
578;2004-09-01;DK-84;20;84;80;6;54;28;100;17;73;7;58;31;73;34;17;14;0;11;16;84;11;0;Capital;DK-84
579;2004-10-01;DK-84;52;82;85;6;55;50;36;14;87;9;20;44;50;22;19;18;0;6;12;77;0;51;Capital;DK-84
580;2004-11-01;DK-84;25;80;69;6;58;80;36;15;90;8;59;63;40;51;19;20;0;6;20;90;12;100;Capital;DK-84
581;2004-12-01;DK-84;19;56;56;11;49;68;58;18;68;4;50;61;29;64;36;9;0;9;10;60;20;33;Capital;DK-84
582;2005-01-01;DK-84;20;76;73;5;33;54;46;30;66;9;53;61;46;43;44;13;0;19;18;88;14;0;Capital;DK-84
583;2005-02-01;DK-84;22;68;76;5;40;43;62;25;71;8;72;59;35;68;49;12;0;32;15;80;0;58;Capital;DK-84
584;2005-03-01;DK-84;23;77;67;9;36;93;28;19;80;12;51;49;54;52;22;11;100;29;19;97;10;52;Capital;DK-84
585;2005-04-01;DK-84;37;96;66;20;47;60;62;25;91;10;42;46;43;51;41;8;0;27;25;87;27;72;Capital;DK-84
586;2005-05-01;DK-84;19;71;64;7;52;66;27;24;87;9;44;36;15;55;14;11;48;26;15;73;14;50;Capital;DK-84
587;2005-06-01;DK-84;30;64;68;9;54;61;37;21;96;13;48;63;31;51;29;14;49;22;16;79;9;26;Capital;DK-84
588;2005-07-01;DK-84;35;66;69;8;52;54;0;20;86;7;36;31;24;40;42;14;0;24;16;67;11;30;Capital;DK-84
589;2005-08-01;DK-84;28;65;75;13;39;50;52;24;86;8;43;60;34;80;68;13;93;37;19;67;9;24;Capital;DK-84
590;2005-09-01;DK-84;22;56;74;4;41;52;31;27;84;13;45;45;33;58;43;15;0;26;24;79;8;22;Capital;DK-84
591;2005-10-01;DK-84;19;88;80;6;49;82;76;28;74;11;38;49;17;56;48;16;41;28;13;82;8;0;Capital;DK-84
592;2005-11-01;DK-84;24;73;65;4;50;67;29;34;75;10;28;39;49;32;40;14;0;36;13;80;8;41;Capital;DK-84
593;2005-12-01;DK-84;27;61;53;11;40;57;53;23;83;10;49;56;51;52;66;16;0;31;20;62;12;0;Capital;DK-84
594;2006-01-01;DK-84;31;89;66;8;52;88;25;28;77;11;44;40;38;19;68;12;33;39;22;70;11;0;Capital;DK-84
595;2006-02-01;DK-84;20;85;67;7;51;46;82;39;84;12;45;22;26;72;21;18;0;37;22;98;9;38;Capital;DK-84
596;2006-03-01;DK-84;24;95;64;10;48;47;57;31;91;8;40;37;28;32;9;12;0;47;14;85;15;32;Capital;DK-84
597;2006-04-01;DK-84;14;92;62;6;54;32;45;36;84;12;37;55;27;56;35;14;35;38;15;76;20;36;Capital;DK-84
598;2006-05-01;DK-84;15;58;63;3;45;77;35;30;81;12;50;47;29;36;37;21;31;34;21;70;20;16;Capital;DK-84
599;2006-06-01;DK-84;13;66;65;5;49;26;38;38;91;8;37;51;10;35;15;19;34;45;17;66;16;26;Capital;DK-84
600;2006-07-01;DK-84;18;66;61;7;33;60;14;35;96;12;76;50;24;40;40;12;0;28;12;58;15;20;Capital;DK-84
601;2006-08-01;DK-84;21;65;80;9;53;77;33;40;88;14;41;24;21;40;51;21;29;34;28;63;17;0;Capital;DK-84
602;2006-09-01;DK-84;17;65;69;13;39;39;32;36;86;12;39;41;26;29;29;20;28;44;22;91;11;29;Capital;DK-84
603;2006-10-01;DK-84;19;92;73;11;61;48;34;43;100;11;47;47;11;21;26;27;0;48;15;73;11;34;Capital;DK-84
604;2006-11-01;DK-84;36;64;69;21;46;42;41;39;97;11;36;60;28;34;43;15;25;36;22;81;16;32;Capital;DK-84
605;2006-12-01;DK-84;20;59;57;16;37;66;20;29;85;7;22;45;19;22;35;18;0;30;18;61;48;28;Capital;DK-84
606;2007-01-01;DK-84;31;59;80;61;43;63;32;41;83;22;60;52;40;57;28;26;21;45;23;83;22;28;Capital;DK-84
607;2007-02-01;DK-84;16;63;71;69;33;33;26;38;58;25;28;36;27;46;62;18;24;32;15;79;9;18;Capital;DK-84
608;2007-03-01;DK-84;28;68;60;52;31;56;28;40;51;22;33;34;40;20;44;20;21;54;16;85;6;22;Capital;DK-84
609;2007-04-01;DK-84;20;53;65;55;46;36;30;33;54;19;35;49;12;38;72;19;0;59;25;99;10;36;Capital;DK-84
610;2007-05-01;DK-84;21;62;67;60;47;49;26;38;44;21;32;34;22;39;35;19;20;51;21;76;10;10;Capital;DK-84
611;2007-06-01;DK-84;18;79;65;63;42;48;15;37;48;22;43;37;15;43;33;21;0;43;30;89;9;11;Capital;DK-84
612;2007-07-01;DK-84;20;58;68;51;36;75;17;33;46;23;36;35;17;32;44;11;23;40;23;68;10;0;Capital;DK-84
613;2007-08-01;DK-84;22;70;74;68;59;52;26;47;48;29;35;37;28;23;46;17;20;36;24;89;16;10;Capital;DK-84
614;2007-09-01;DK-84;13;74;77;58;65;60;21;46;42;24;32;42;13;19;40;24;37;40;21;92;13;19;Capital;DK-84
615;2007-10-01;DK-84;20;72;74;70;51;61;22;47;37;26;28;37;28;18;60;19;17;42;27;96;17;31;Capital;DK-84
616;2007-11-01;DK-84;18;68;68;72;40;80;33;50;33;28;34;44;22;32;45;19;0;51;24;87;20;29;Capital;DK-84
617;2007-12-01;DK-84;11;55;55;42;47;37;20;35;35;23;28;23;13;25;56;17;0;39;28;74;17;24;Capital;DK-84
618;2008-01-01;DK-84;13;66;75;66;66;58;28;59;34;36;42;54;26;40;48;18;15;53;34;94;13;23;Capital;DK-84
619;2008-02-01;DK-84;14;79;75;66;42;40;24;49;31;41;33;56;25;28;66;24;32;44;45;95;12;8;Capital;DK-84
620;2008-03-01;DK-84;13;62;71;77;42;57;26;48;31;40;35;34;19;30;52;29;0;51;44;99;14;16;Capital;DK-84
621;2008-04-01;DK-84;24;73;67;75;31;62;40;48;31;41;40;38;14;25;40;51;15;46;100;94;19;8;Capital;DK-84
622;2008-05-01;DK-84;17;73;71;65;44;55;26;50;32;37;32;24;22;28;29;77;0;36;97;82;17;16;Capital;DK-84
623;2008-06-01;DK-84;25;52;67;78;53;57;29;54;32;39;40;37;25;35;52;100;15;41;41;82;23;32;Capital;DK-84
624;2008-07-01;DK-84;14;52;73;59;50;74;10;44;32;42;37;28;22;30;46;14;35;32;21;83;9;18;Capital;DK-84
625;2008-08-01;DK-84;11;63;82;57;42;79;11;61;34;43;36;39;23;41;28;19;23;42;24;80;18;15;Capital;DK-84
626;2008-09-01;DK-84;14;57;88;62;55;73;21;60;28;44;34;28;20;32;53;19;28;48;28;86;21;22;Capital;DK-84
627;2008-10-01;DK-84;20;63;88;79;53;47;42;58;35;49;38;45;33;26;59;19;25;46;33;82;25;23;Capital;DK-84
628;2008-11-01;DK-84;20;55;77;65;56;67;32;64;33;43;37;50;26;32;34;18;53;45;26;76;25;24;Capital;DK-84
629;2008-12-01;DK-84;24;45;66;64;42;56;25;53;33;48;42;36;24;35;41;17;27;49;24;74;32;7;Capital;DK-84
630;2009-01-01;DK-84;37;70;88;78;67;89;54;80;35;65;66;68;48;59;56;21;35;51;33;100;39;21;Capital;DK-84
631;2009-02-01;DK-84;28;66;87;83;62;80;35;81;33;68;61;40;31;41;50;19;25;56;32;92;46;10;Capital;DK-84
632;2009-03-01;DK-84;29;69;78;85;58;70;47;79;33;78;49;54;34;38;48;22;27;55;31;82;44;26;Capital;DK-84
633;2009-04-01;DK-84;34;65;71;70;54;62;45;77;31;69;45;43;23;25;62;14;26;53;31;91;45;30;Capital;DK-84
634;2009-05-01;DK-84;41;62;66;76;44;53;37;69;30;82;49;57;29;41;31;14;18;46;32;82;41;12;Capital;DK-84
635;2009-06-01;DK-84;37;60;68;71;52;45;43;72;27;80;55;40;22;46;46;15;65;47;22;81;36;21;Capital;DK-84
636;2009-07-01;DK-84;33;56;67;69;53;71;27;67;30;79;46;48;25;37;27;11;47;38;23;70;39;28;Capital;DK-84
637;2009-08-01;DK-84;41;80;79;59;53;93;31;78;29;91;58;49;34;39;47;16;41;42;29;75;38;18;Capital;DK-84
638;2009-09-01;DK-84;27;66;79;75;49;76;17;77;30;89;49;52;23;38;39;18;50;52;26;96;38;29;Capital;DK-84
639;2009-10-01;DK-84;34;65;72;91;55;54;28;78;27;86;48;51;28;35;30;14;27;47;26;83;28;26;Capital;DK-84
640;2009-11-01;DK-84;36;82;66;74;38;44;43;79;24;88;50;52;44;45;45;14;11;43;23;75;37;28;Capital;DK-84
641;2009-12-01;DK-84;35;55;53;67;42;39;26;59;27;74;52;43;38;29;25;10;29;44;15;67;26;39;Capital;DK-84
642;2010-01-01;DK-84;39;70;73;82;55;59;39;76;27;94;73;60;54;39;53;14;30;50;24;88;42;47;Capital;DK-84
643;2010-02-01;DK-84;33;99;72;80;52;47;26;75;33;100;66;47;44;39;49;11;22;56;21;96;47;37;Capital;DK-84
644;2010-03-01;DK-84;37;78;67;81;57;53;48;68;24;97;67;46;39;42;58;16;45;51;22;94;41;26;Capital;DK-84
645;2010-04-01;DK-84;36;69;60;69;49;54;22;59;25;90;62;42;21;36;45;12;39;41;24;90;40;28;Capital;DK-84
646;2010-05-01;DK-84;35;93;63;67;53;72;28;69;29;89;59;78;38;34;45;18;38;52;24;79;30;22;Capital;DK-84
647;2010-06-01;DK-84;47;63;67;86;56;76;21;65;23;92;75;75;41;62;47;17;33;51;20;84;41;26;Capital;DK-84
648;2010-07-01;DK-84;41;64;65;85;48;67;21;63;28;94;56;54;29;44;56;9;32;37;25;72;40;23;Capital;DK-84
649;2010-08-01;DK-84;46;66;77;89;66;90;33;71;25;92;50;42;43;60;36;11;67;46;23;77;30;38;Capital;DK-84
650;2010-09-01;DK-84;40;77;72;79;61;54;29;68;29;86;60;56;27;40;25;16;50;47;20;94;32;41;Capital;DK-84
651;2010-10-01;DK-84;38;69;72;91;61;75;40;68;27;84;55;49;34;36;44;13;39;50;28;75;44;25;Capital;DK-84
652;2010-11-01;DK-84;47;82;68;93;48;51;43;71;23;80;50;54;38;47;45;18;23;51;23;75;44;51;Capital;DK-84
653;2010-12-01;DK-84;45;54;52;88;42;37;35;53;25;65;47;47;35;34;36;12;15;52;22;72;38;21;Capital;DK-84
654;2011-01-01;DK-84;49;66;78;96;65;72;45;78;28;78;71;75;42;54;55;13;36;56;25;80;55;28;Capital;DK-84
655;2011-02-01;DK-84;44;80;73;97;53;59;36;77;26;72;57;57;48;41;44;14;19;52;28;76;48;30;Capital;DK-84
656;2011-03-01;DK-84;52;80;73;84;59;67;34;82;25;71;60;72;41;41;58;15;20;49;27;76;44;74;Capital;DK-84
657;2011-04-01;DK-84;44;59;65;72;48;53;45;74;25;65;50;49;35;40;43;15;47;41;26;77;48;33;Capital;DK-84
658;2011-05-01;DK-84;43;70;72;86;51;54;30;77;26;75;54;57;37;48;38;11;52;52;25;74;44;45;Capital;DK-84
659;2011-06-01;DK-84;44;62;72;80;58;58;26;66;24;66;54;43;29;39;44;15;42;49;23;72;44;30;Capital;DK-84
660;2011-07-01;DK-84;46;61;65;91;41;62;15;61;25;65;64;49;27;42;48;8;71;36;23;63;37;11;Capital;DK-84
661;2011-08-01;DK-84;44;72;75;90;52;46;32;79;22;66;67;42;36;34;49;11;55;48;19;72;44;19;Capital;DK-84
662;2011-09-01;DK-84;52;73;67;81;57;55;58;92;21;69;56;64;53;36;46;13;50;55;26;65;50;34;Capital;DK-84
663;2011-10-01;DK-84;61;83;65;81;49;57;41;89;23;65;66;54;34;37;65;13;45;57;28;68;48;30;Capital;DK-84
664;2011-11-01;DK-84;69;68;66;85;41;51;37;100;19;58;57;57;52;42;50;14;35;59;27;80;57;24;Capital;DK-84
665;2011-12-01;DK-84;57;48;50;73;42;36;32;81;24;51;44;53;34;39;49;11;42;50;27;66;56;34;Capital;DK-84
666;2012-01-01;DK-84;78;73;71;95;43;64;43;99;23;67;71;73;65;49;86;17;37;64;34;85;72;28;Capital;DK-84
667;2012-02-01;DK-84;77;71;64;100;43;55;50;99;20;68;71;63;38;43;84;16;55;83;35;88;71;32;Capital;DK-84
668;2012-03-01;DK-84;69;71;60;93;40;51;40;88;22;65;79;71;46;62;90;18;25;86;45;99;95;30;Capital;DK-84
669;2012-04-01;DK-84;61;61;59;81;35;59;45;75;23;59;78;50;30;51;91;15;76;92;42;96;100;39;Capital;DK-84
670;2012-05-01;DK-84;55;56;57;88;42;52;51;75;23;62;61;55;33;49;65;14;31;62;31;76;71;20;Capital;DK-84
671;2012-06-01;DK-84;59;62;59;87;56;73;30;72;21;64;64;50;29;53;55;15;85;59;26;71;55;29;Capital;DK-84
672;2012-07-01;DK-84;58;59;59;91;44;61;24;60;20;74;62;63;30;42;78;11;81;100;28;82;81;25;Capital;DK-84
673;2012-08-01;DK-84;66;61;69;91;62;74;44;67;20;74;61;89;51;48;77;14;65;69;28;81;70;18;Capital;DK-84
674;2012-09-01;DK-84;74;77;64;88;60;61;44;63;21;75;75;70;43;60;65;17;77;64;30;90;75;33;Capital;DK-84
675;2012-10-01;DK-84;62;68;61;86;57;64;39;66;19;76;53;77;47;46;53;14;50;62;30;78;63;42;Capital;DK-84
676;2012-11-01;DK-84;62;64;61;78;52;59;38;67;22;74;42;66;43;30;57;11;35;61;27;67;63;38;Capital;DK-84
677;2012-12-01;DK-84;64;45;49;65;39;48;30;48;20;59;41;52;31;34;100;14;29;53;23;60;49;49;Capital;DK-84
678;2013-01-01;DK-84;81;73;66;99;56;68;42;64;21;77;68;82;65;36;64;17;39;78;29;77;65;41;Capital;DK-84
679;2013-02-01;DK-84;100;61;63;90;53;58;29;63;19;71;55;74;54;36;60;15;47;65;28;78;62;39;Capital;DK-84
680;2013-03-01;DK-84;81;62;59;75;45;58;26;56;17;66;55;64;38;53;56;17;29;60;27;75;62;45;Capital;DK-84
681;2013-04-01;DK-84;83;57;59;83;52;67;46;56;11;65;52;61;41;39;52;18;51;71;31;79;67;40;Capital;DK-84
682;2013-05-01;DK-84;71;55;59;78;57;66;40;54;9;61;50;95;34;39;55;15;50;68;27;72;54;31;Capital;DK-84
683;2013-06-01;DK-84;68;62;60;81;52;60;24;55;9;67;57;64;27;46;53;13;61;58;29;78;59;32;Capital;DK-84
684;2013-07-01;DK-84;61;52;63;86;53;68;19;58;8;70;66;59;31;71;58;9;45;56;23;68;58;40;Capital;DK-84
685;2013-08-01;DK-84;69;67;72;74;65;69;26;59;10;63;62;61;33;61;39;9;57;56;23;79;57;38;Capital;DK-84
686;2013-09-01;DK-84;64;65;69;89;69;69;41;66;9;64;55;65;31;73;43;13;66;64;29;75;51;43;Capital;DK-84
687;2013-10-01;DK-84;75;73;73;78;61;51;35;61;9;58;55;57;32;69;55;14;39;61;25;74;58;43;Capital;DK-84
688;2013-11-01;DK-84;82;66;68;78;57;46;34;60;8;52;55;63;40;76;55;12;37;51;23;66;43;47;Capital;DK-84
689;2013-12-01;DK-84;91;48;55;67;45;57;29;47;8;48;48;57;31;69;50;11;24;48;27;67;53;77;Capital;DK-84
690;2014-01-01;DK-84;96;72;77;80;73;78;31;70;10;60;73;73;46;99;58;15;49;62;30;81;70;38;Capital;DK-84
691;2014-02-01;DK-84;81;79;73;77;64;63;36;68;9;61;61;66;41;85;61;15;44;68;25;75;64;50;Capital;DK-84
692;2014-03-01;DK-84;74;68;72;78;59;64;39;63;9;56;51;83;35;80;65;12;20;66;26;85;69;34;Capital;DK-84
693;2014-04-01;DK-84;75;55;67;67;59;70;34;58;8;49;50;64;33;60;49;10;41;63;26;84;54;40;Capital;DK-84
694;2014-05-01;DK-84;72;64;64;69;56;59;40;56;7;49;52;73;30;82;53;13;43;62;26;71;50;34;Capital;DK-84
695;2014-06-01;DK-84;61;58;66;74;65;69;33;59;9;55;65;75;26;86;56;13;56;58;28;75;60;45;Capital;DK-84
696;2014-07-01;DK-84;67;51;62;67;63;48;16;52;6;53;64;61;44;63;52;9;68;56;25;71;63;36;Capital;DK-84
697;2014-08-01;DK-84;53;61;75;71;73;67;23;63;8;53;66;77;44;80;66;11;54;55;24;74;54;39;Capital;DK-84
698;2014-09-01;DK-84;65;70;78;74;76;77;44;68;6;60;61;80;37;76;64;12;48;60;30;77;55;48;Capital;DK-84
699;2014-10-01;DK-84;62;65;73;64;66;62;34;63;8;49;55;69;31;81;44;12;53;54;32;75;49;34;Capital;DK-84
700;2014-11-01;DK-84;68;61;72;68;69;59;32;61;7;51;52;80;41;77;59;15;36;65;26;74;55;54;Capital;DK-84
701;2014-12-01;DK-84;62;48;58;55;55;54;33;49;5;43;45;63;33;70;63;11;35;53;28;60;50;62;Capital;DK-84
702;2015-01-01;DK-84;73;63;75;68;72;81;35;64;7;53;65;76;48;69;50;15;37;59;30;81;51;27;Capital;DK-84
703;2015-02-01;DK-84;61;74;71;64;65;67;26;61;6;52;55;63;36;68;50;13;57;61;30;83;54;43;Capital;DK-84
704;2015-03-01;DK-84;72;69;71;62;62;65;33;58;5;49;60;75;36;78;51;12;33;68;32;77;53;61;Capital;DK-84
705;2015-04-01;DK-84;63;59;63;59;57;61;37;56;5;39;49;64;32;60;54;11;39;55;26;74;49;29;Capital;DK-84
706;2015-05-01;DK-84;69;61;65;58;58;61;28;48;4;44;46;74;35;62;47;12;43;55;26;76;47;49;Capital;DK-84
707;2015-06-01;DK-84;95;60;69;65;67;74;24;54;5;48;54;85;38;78;48;12;51;60;28;73;51;44;Capital;DK-84
708;2015-07-01;DK-84;67;54;66;57;62;65;20;47;5;47;54;63;28;59;33;9;42;50;24;70;45;26;Capital;DK-84
709;2015-08-01;DK-84;54;64;80;59;74;76;22;57;6;53;54;67;39;59;47;10;36;56;23;78;50;44;Capital;DK-84
710;2015-09-01;DK-84;63;78;81;61;75;72;22;60;5;49;62;72;34;65;54;13;41;54;31;75;51;33;Capital;DK-84
711;2015-10-01;DK-84;66;66;78;63;77;62;27;60;5;49;64;100;44;67;47;12;31;60;28;79;46;38;Capital;DK-84
712;2015-11-01;DK-84;74;69;74;61;74;59;27;54;5;47;53;69;38;48;46;13;35;52;29;66;41;34;Capital;DK-84
713;2015-12-01;DK-84;61;49;61;50;56;60;26;48;4;37;46;58;30;44;46;10;23;51;27;62;44;55;Capital;DK-84
714;2016-01-01;DK-84;64;67;79;55;73;65;22;50;4;38;57;71;36;49;53;13;27;54;23;68;44;52;Capital;DK-84
715;2016-02-01;DK-84;64;80;80;61;80;87;50;52;4;33;63;77;33;45;54;11;39;50;25;67;42;46;Capital;DK-84
716;2016-03-01;DK-84;75;77;71;50;67;77;36;44;4;32;52;64;28;62;43;11;28;53;24;69;38;39;Capital;DK-84
717;2016-04-01;DK-84;60;63;71;59;64;56;35;46;4;30;56;56;23;49;44;12;32;48;26;70;39;45;Capital;DK-84
718;2016-05-01;DK-84;58;58;70;59;70;77;30;43;4;29;47;59;30;49;33;12;35;51;23;64;37;43;Capital;DK-84
719;2016-06-01;DK-84;62;63;69;61;64;73;29;44;4;30;60;73;36;67;26;11;44;43;21;68;37;48;Capital;DK-84
720;2016-07-01;DK-84;46;46;63;54;63;64;18;41;3;29;54;60;20;46;30;7;45;36;19;60;36;36;Capital;DK-84
721;2016-08-01;DK-84;53;63;80;59;84;85;30;48;4;32;57;62;27;51;41;11;34;38;25;67;33;48;Capital;DK-84
722;2016-09-01;DK-84;75;71;80;60;79;78;27;48;4;29;62;71;31;58;51;11;23;49;24;67;33;37;Capital;DK-84
723;2016-10-01;DK-84;74;64;78;54;75;60;35;45;4;31;56;58;28;48;42;11;43;48;23;63;35;43;Capital;DK-84
724;2016-11-01;DK-84;56;69;77;56;77;64;30;42;4;27;56;60;37;46;40;11;34;49;25;68;37;50;Capital;DK-84
725;2016-12-01;DK-84;52;53;61;47;62;46;23;35;3;25;44;59;27;41;29;8;27;41;22;59;35;53;Capital;DK-84
726;2017-01-01;DK-84;57;75;85;58;86;64;34;48;3;31;54;86;45;50;45;12;28;53;29;68;47;39;Capital;DK-84
727;2017-02-01;DK-84;58;68;79;55;74;79;30;45;3;31;57;71;37;46;38;12;42;52;24;65;38;56;Capital;DK-84
728;2017-03-01;DK-84;51;74;79;59;78;63;31;45;3;31;65;73;28;50;48;15;25;61;27;72;38;37;Capital;DK-84
729;2017-04-01;DK-84;45;56;68;47;65;59;33;40;3;28;52;60;29;37;30;13;29;61;25;75;31;47;Capital;DK-84
730;2017-05-01;DK-84;48;55;72;51;71;60;35;41;3;31;55;75;29;37;39;10;32;52;26;71;42;35;Capital;DK-84
731;2017-06-01;DK-84;47;55;72;55;68;69;29;40;2;31;62;77;32;59;43;13;30;51;23;61;38;48;Capital;DK-84
732;2017-07-01;DK-84;48;55;64;53;64;53;15;38;3;30;63;59;28;42;41;8;54;46;20;58;33;27;Capital;DK-84
733;2017-08-01;DK-84;42;62;79;56;80;56;27;44;4;34;62;69;25;45;49;11;31;55;26;68;38;37;Capital;DK-84
734;2017-09-01;DK-84;50;68;79;55;75;61;21;48;3;32;64;64;30;49;47;14;45;48;28;70;35;34;Capital;DK-84
735;2017-10-01;DK-84;44;70;77;58;75;61;31;44;3;32;56;66;27;39;42;12;46;50;29;68;35;41;Capital;DK-84
736;2017-11-01;DK-84;43;83;73;46;68;62;28;43;3;31;56;67;27;39;35;11;25;54;27;63;35;45;Capital;DK-84
737;2017-12-01;DK-84;32;51;60;51;64;56;29;34;2;26;51;59;23;33;34;12;52;42;28;60;30;34;Capital;DK-84
738;2018-01-01;DK-84;50;72;80;63;88;57;23;48;4;33;67;80;32;48;53;16;46;54;30;74;42;37;Capital;DK-84
739;2018-02-01;DK-84;57;77;78;55;73;71;38;45;2;31;78;84;33;47;44;17;47;51;37;71;42;32;Capital;DK-84
740;2018-03-01;DK-84;45;64;73;53;69;66;31;41;2;30;63;73;36;43;52;29;41;63;53;93;46;40;Capital;DK-84
741;2018-04-01;DK-84;40;75;71;52;73;49;28;39;2;27;53;58;18;46;45;18;40;46;36;73;41;47;Capital;DK-84
742;2018-05-01;DK-84;46;56;64;45;69;50;28;39;2;27;49;73;27;37;35;13;32;49;27;71;32;37;Capital;DK-84
743;2018-06-01;DK-84;37;67;67;52;72;64;22;39;2;26;56;70;25;45;37;13;26;44;26;69;32;47;Capital;DK-84
744;2018-07-01;DK-84;36;66;63;51;66;67;10;36;2;25;44;63;23;38;34;8;39;42;19;59;30;34;Capital;DK-84
745;2018-08-01;DK-84;44;64;77;54;85;64;30;40;2;25;61;62;19;46;47;12;50;44;24;62;32;38;Capital;DK-84
746;2018-09-01;DK-84;44;81;77;49;74;68;29;40;2;26;52;68;27;55;35;13;15;46;28;61;24;36;Capital;DK-84
747;2018-10-01;DK-84;40;69;78;51;81;78;27;41;3;26;52;67;35;37;46;11;30;45;28;63;33;84;Capital;DK-84
748;2018-11-01;DK-84;52;59;78;44;82;68;29;39;2;26;47;73;34;42;40;12;27;50;26;61;34;65;Capital;DK-84
749;2018-12-01;DK-84;47;42;62;37;65;57;22;29;2;21;51;80;22;61;34;8;24;42;24;51;38;70;Capital;DK-84
750;2019-01-01;DK-84;42;54;83;56;91;64;24;46;3;30;67;76;34;60;47;14;23;56;30;68;40;57;Capital;DK-84
751;2019-02-01;DK-84;48;59;83;54;84;68;16;46;2;29;70;76;34;59;42;14;87;60;29;71;33;91;Capital;DK-84
752;2019-03-01;DK-84;46;67;77;51;85;56;28;36;3;28;63;80;24;50;36;12;46;57;27;73;33;55;Capital;DK-84
753;2019-04-01;DK-84;38;59;70;50;81;53;15;35;2;24;54;74;21;38;28;12;35;54;27;62;29;55;Capital;DK-84
754;2019-05-01;DK-84;45;61;65;49;68;54;24;36;3;27;45;67;23;29;43;12;22;45;27;62;30;57;Capital;DK-84
755;2019-06-01;DK-84;48;51;66;50;65;54;28;36;2;27;59;64;30;46;30;12;37;48;24;66;34;46;Capital;DK-84
756;2019-07-01;DK-84;38;48;63;52;60;51;13;34;2;26;53;64;24;35;24;9;33;42;22;60;28;37;Capital;DK-84
757;2019-08-01;DK-84;36;56;82;54;80;59;17;45;2;26;50;65;29;41;31;10;23;44;26;69;35;39;Capital;DK-84
758;2019-09-01;DK-84;51;65;100;48;88;60;19;44;2;28;57;65;22;37;41;13;33;66;31;67;34;45;Capital;DK-84
759;2019-10-01;DK-84;44;55;78;52;85;75;17;42;3;28;58;62;19;42;36;12;48;52;23;64;30;49;Capital;DK-84
760;2004-01-01;DK-85;0;40;76;0;0;0;83;7;69;5;49;0;0;0;73;31;0;0;0;67;0;0;Zealand;DK-85
761;2004-02-01;DK-85;0;41;82;0;37;95;0;15;80;5;49;48;0;0;75;0;0;0;21;61;0;0;Zealand;DK-85
762;2004-03-01;DK-85;0;100;45;0;44;0;100;9;84;6;79;0;0;76;0;28;0;0;25;69;75;0;Zealand;DK-85
763;2004-04-01;DK-85;51;63;69;0;57;94;86;8;71;5;50;100;0;0;0;24;0;0;0;100;0;0;Zealand;DK-85
764;2004-05-01;DK-85;44;36;63;0;33;83;75;11;73;10;88;88;0;0;0;0;0;0;0;40;54;0;Zealand;DK-85
765;2004-06-01;DK-85;0;36;77;0;66;82;0;15;77;9;43;0;87;0;65;21;0;0;19;53;54;0;Zealand;DK-85
766;2004-07-01;DK-85;0;41;81;0;38;0;0;15;84;13;50;99;100;65;0;24;0;0;0;39;0;0;Zealand;DK-85
767;2004-08-01;DK-85;0;97;87;0;28;72;0;14;84;9;39;0;76;100;0;0;0;0;17;53;0;0;Zealand;DK-85
768;2004-09-01;DK-85;0;43;91;0;26;63;57;16;65;4;57;0;0;44;100;22;0;0;15;47;0;0;Zealand;DK-85
769;2004-10-01;DK-85;0;74;66;0;0;67;60;14;58;11;71;35;0;0;0;17;0;20;15;60;0;0;Zealand;DK-85
770;2004-11-01;DK-85;0;58;59;0;39;65;59;16;95;7;34;35;69;0;0;25;0;0;15;48;0;0;Zealand;DK-85
771;2004-12-01;DK-85;100;71;73;0;51;94;56;15;53;10;100;33;0;64;49;0;0;0;14;41;0;0;Zealand;DK-85
772;2005-01-01;DK-85;54;37;85;16;80;84;45;23;60;13;35;26;53;34;39;0;0;15;17;49;0;0;Zealand;DK-85
773;2005-02-01;DK-85;0;67;100;0;46;57;52;14;64;12;60;30;0;39;45;15;0;33;26;42;0;100;Zealand;DK-85
774;2005-03-01;DK-85;26;54;78;16;20;49;0;20;57;7;69;26;0;0;78;25;0;19;22;40;0;0;Zealand;DK-85
775;2005-04-01;DK-85;60;42;73;0;34;56;0;12;74;19;59;58;60;0;44;0;0;22;25;60;38;0;Zealand;DK-85
776;2005-05-01;DK-85;54;44;43;0;40;100;45;13;80;6;92;26;0;34;39;0;0;34;17;40;33;44;Zealand;DK-85
777;2005-06-01;DK-85;0;56;79;17;32;54;73;12;75;10;86;28;0;37;43;21;0;55;24;39;70;0;Zealand;DK-85
778;2005-07-01;DK-85;32;71;68;0;47;60;54;11;86;11;94;93;63;41;47;15;0;17;14;59;0;0;Zealand;DK-85
779;2005-08-01;DK-85;0;36;74;0;38;64;0;22;84;12;34;38;51;66;38;12;0;42;22;43;63;0;Zealand;DK-85
780;2005-09-01;DK-85;24;40;70;14;18;45;81;23;83;18;24;24;0;30;53;17;0;35;26;40;0;0;Zealand;DK-85
781;2005-10-01;DK-85;23;38;54;0;17;85;77;18;70;9;23;22;0;29;0;11;0;31;29;45;0;0;Zealand;DK-85
782;2005-11-01;DK-85;34;27;60;0;34;42;37;29;61;11;65;22;44;42;0;21;0;36;29;44;54;0;Zealand;DK-85
783;2005-12-01;DK-85;22;56;45;0;42;83;37;12;75;11;66;22;44;0;65;32;0;18;19;58;27;0;Zealand;DK-85
784;2006-01-01;DK-85;0;35;60;11;41;34;31;18;76;17;48;18;60;23;54;30;0;33;15;58;0;30;Zealand;DK-85
785;2006-02-01;DK-85;81;55;77;12;30;37;34;33;74;17;20;20;80;25;30;29;0;18;26;43;0;0;Zealand;DK-85
786;2006-03-01;DK-85;33;35;55;0;56;31;28;33;73;18;28;17;0;21;49;29;65;41;14;59;21;0;Zealand;DK-85
787;2006-04-01;DK-85;0;26;79;0;36;35;32;26;93;8;44;56;38;24;28;21;0;35;12;46;23;0;Zealand;DK-85
788;2006-05-01;DK-85;0;22;59;0;47;67;30;30;85;16;29;17;0;23;53;20;0;45;11;60;33;0;Zealand;DK-85
789;2006-06-01;DK-85;0;27;65;0;44;36;33;29;93;12;32;19;0;25;86;19;0;57;8;47;24;0;Zealand;DK-85
790;2006-07-01;DK-85;32;41;70;13;24;40;0;26;100;14;42;0;42;27;62;13;0;35;14;52;0;0;Zealand;DK-85
791;2006-08-01;DK-85;16;27;93;0;48;60;27;30;91;16;42;16;64;0;0;13;0;32;10;49;39;0;Zealand;DK-85
792;2006-09-01;DK-85;16;22;68;9;100;58;80;24;89;11;31;15;31;0;23;35;0;26;13;57;19;26;Zealand;DK-85
793;2006-10-01;DK-85;14;28;72;9;44;36;0;34;92;10;38;14;29;18;43;37;0;34;19;66;53;24;Zealand;DK-85
794;2006-11-01;DK-85;28;53;73;16;67;34;23;28;71;13;27;40;27;17;20;31;0;22;23;46;0;0;Zealand;DK-85
795;2006-12-01;DK-85;15;24;50;0;43;27;25;23;79;15;28;14;0;19;32;14;0;26;12;37;58;24;Zealand;DK-85
796;2007-01-01;DK-85;18;23;95;51;40;22;60;43;69;28;43;12;47;0;26;20;0;47;27;57;29;19;Zealand;DK-85
797;2007-02-01;DK-85;19;50;68;41;34;24;22;28;51;23;60;13;26;16;67;18;100;40;22;59;37;0;Zealand;DK-85
798;2007-03-01;DK-85;24;46;53;43;62;44;20;32;51;25;32;23;40;0;26;19;0;28;20;49;29;0;Zealand;DK-85
799;2007-04-01;DK-85;0;32;52;38;34;64;22;32;50;24;38;13;26;0;38;20;0;56;19;67;16;0;Zealand;DK-85
800;2007-05-01;DK-85;17;35;64;63;34;57;39;31;49;24;26;17;0;0;34;14;0;52;17;49;14;0;Zealand;DK-85
801;2007-06-01;DK-85;12;25;62;52;27;30;20;29;53;27;31;0;0;25;35;13;0;35;33;65;15;0;Zealand;DK-85
802;2007-07-01;DK-85;13;33;58;23;20;25;22;28;56;26;39;26;35;0;39;15;51;29;14;46;16;0;Zealand;DK-85
803;2007-08-01;DK-85;29;29;72;50;30;32;0;37;43;28;51;11;23;20;17;9;44;29;32;63;28;0;Zealand;DK-85
804;2007-09-01;DK-85;11;27;60;35;33;20;18;29;43;23;27;27;22;14;65;19;0;51;16;50;20;0;Zealand;DK-85
805;2007-10-01;DK-85;21;51;63;57;42;26;35;38;37;30;41;51;20;0;30;18;0;45;15;49;25;17;Zealand;DK-85
806;2007-11-01;DK-85;20;29;64;58;51;48;41;46;34;32;34;14;26;12;36;32;0;41;25;70;18;16;Zealand;DK-85
807;2007-12-01;DK-85;10;26;52;52;16;20;18;30;32;28;47;15;21;0;31;20;0;29;20;48;25;17;Zealand;DK-85
808;2008-01-01;DK-85;13;46;84;83;43;74;15;54;33;44;29;9;35;17;78;27;0;42;21;48;27;0;Zealand;DK-85
809;2008-02-01;DK-85;10;21;73;36;54;36;16;48;32;49;28;19;28;0;42;27;0;49;49;55;31;0;Zealand;DK-85
810;2008-03-01;DK-85;9;51;59;49;50;27;37;41;30;41;47;13;18;28;46;34;34;40;36;65;16;15;Zealand;DK-85
811;2008-04-01;DK-85;46;31;65;61;73;58;0;38;32;38;43;9;18;12;61;38;0;50;100;55;11;0;Zealand;DK-85
812;2008-05-01;DK-85;10;18;64;57;25;27;0;40;31;42;38;9;19;12;49;74;0;31;89;72;23;16;Zealand;DK-85
813;2008-06-01;DK-85;29;45;69;50;29;42;16;42;33;44;51;19;39;12;28;100;37;25;29;63;23;16;Zealand;DK-85
814;2008-07-01;DK-85;33;32;63;46;37;34;0;40;37;39;16;22;22;14;25;19;0;28;12;73;27;0;Zealand;DK-85
815;2008-08-01;DK-85;19;44;76;52;82;53;16;41;29;40;25;14;19;12;21;21;0;26;30;60;23;0;Zealand;DK-85
816;2008-09-01;DK-85;9;23;85;74;58;45;31;46;31;42;27;9;18;0;20;13;0;33;23;75;18;15;Zealand;DK-85
817;2008-10-01;DK-85;9;42;79;61;51;37;14;55;34;42;20;17;34;11;44;19;0;62;29;54;31;14;Zealand;DK-85
818;2008-11-01;DK-85;27;42;69;48;60;41;22;50;29;42;18;17;29;17;33;21;0;29;21;61;29;29;Zealand;DK-85
819;2008-12-01;DK-85;18;15;56;60;41;17;23;40;29;55;27;31;24;29;40;13;0;36;17;55;55;0;Zealand;DK-85
820;2009-01-01;DK-85;32;38;69;65;60;60;27;73;29;66;61;23;64;0;35;31;0;44;25;70;49;13;Zealand;DK-85
821;2009-02-01;DK-85;27;37;74;68;51;28;15;55;28;68;66;49;48;23;53;13;35;53;25;57;66;0;Zealand;DK-85
822;2009-03-01;DK-85;28;32;76;78;53;29;27;52;32;62;52;15;31;0;41;17;30;46;42;52;38;13;Zealand;DK-85
823;2009-04-01;DK-85;19;33;63;74;49;64;24;63;24;61;52;23;25;24;48;21;36;32;24;44;30;31;Zealand;DK-85
824;2009-05-01;DK-85;30;36;57;62;23;43;0;54;19;72;46;34;26;22;26;12;33;39;13;46;28;14;Zealand;DK-85
825;2009-06-01;DK-85;43;14;70;54;39;32;36;60;29;74;42;17;68;22;70;23;65;48;18;61;21;0;Zealand;DK-85
826;2009-07-01;DK-85;24;34;59;62;43;36;0;52;24;67;34;19;32;12;35;12;0;33;20;45;23;16;Zealand;DK-85
827;2009-08-01;DK-85;9;33;64;63;42;37;0;69;20;69;65;34;28;14;38;12;33;42;18;57;24;14;Zealand;DK-85
828;2009-09-01;DK-85;25;32;68;66;53;41;21;68;26;77;88;28;33;21;43;20;0;45;28;46;40;55;Zealand;DK-85
829;2009-10-01;DK-85;33;29;68;62;49;25;28;72;27;87;32;20;24;21;36;9;31;34;16;67;36;27;Zealand;DK-85
830;2009-11-01;DK-85;20;44;59;65;51;37;34;57;20;80;53;16;37;10;41;18;31;36;31;56;23;0;Zealand;DK-85
831;2009-12-01;DK-85;26;26;53;81;36;33;15;53;25;80;86;17;29;11;45;8;34;36;20;48;35;14;Zealand;DK-85
832;2010-01-01;DK-85;12;53;75;76;43;53;19;70;25;97;71;23;51;19;23;22;30;57;16;71;53;13;Zealand;DK-85
833;2010-02-01;DK-85;30;55;62;81;42;49;22;59;24;100;52;26;69;11;77;14;45;43;26;62;28;14;Zealand;DK-85
834;2010-03-01;DK-85;44;29;65;54;48;45;0;55;32;90;74;16;37;15;35;9;31;45;19;62;42;13;Zealand;DK-85
835;2010-04-01;DK-85;22;29;42;49;33;58;22;52;24;79;52;26;35;11;26;15;34;37;26;48;25;15;Zealand;DK-85
836;2010-05-01;DK-85;31;46;56;56;49;25;30;46;22;78;81;17;29;22;32;11;34;32;21;62;39;14;Zealand;DK-85
837;2010-06-01;DK-85;10;53;55;94;65;18;16;51;24;75;70;24;57;30;0;9;37;38;35;76;41;0;Zealand;DK-85
838;2010-07-01;DK-85;33;49;57;57;54;52;0;45;22;86;44;22;33;21;49;11;0;38;12;34;49;0;Zealand;DK-85
839;2010-08-01;DK-85;27;25;66;89;53;45;15;51;26;85;38;39;30;23;66;21;69;23;19;50;62;15;Zealand;DK-85
840;2010-09-01;DK-85;27;37;61;75;50;22;38;64;21;75;50;9;18;0;13;18;46;45;17;60;36;30;Zealand;DK-85
841;2010-10-01;DK-85;45;49;69;82;74;34;38;49;30;80;38;26;24;11;26;21;0;24;29;44;36;0;Zealand;DK-85
842;2010-11-01;DK-85;22;29;66;100;45;38;15;57;21;65;49;21;40;11;25;22;33;46;29;55;42;0;Zealand;DK-85
843;2010-12-01;DK-85;23;33;52;67;41;34;0;45;19;57;55;14;46;12;14;13;0;25;22;49;41;15;Zealand;DK-85
844;2011-01-01;DK-85;32;44;75;92;67;61;36;66;23;80;61;28;47;12;31;13;36;52;25;55;46;12;Zealand;DK-85
845;2011-02-01;DK-85;42;51;70;89;52;40;29;64;28;71;61;26;30;6;20;13;29;54;25;50;37;13;Zealand;DK-85
846;2011-03-01;DK-85;36;32;67;73;57;42;14;77;22;73;39;17;18;4;23;15;17;53;34;56;54;22;Zealand;DK-85
847;2011-04-01;DK-85;17;24;71;61;49;51;16;67;19;66;44;13;31;10;63;15;20;51;26;47;47;19;Zealand;DK-85
848;2011-05-01;DK-85;28;24;69;75;58;37;15;73;23;75;58;32;26;7;41;12;22;57;27;60;35;6;Zealand;DK-85
849;2011-06-01;DK-85;39;41;62;81;50;44;13;63;25;67;51;23;15;10;35;13;35;45;24;58;46;10;Zealand;DK-85
850;2011-07-01;DK-85;30;32;65;45;47;55;10;51;20;62;79;16;29;5;51;10;41;42;28;36;36;13;Zealand;DK-85
851;2011-08-01;DK-85;29;45;74;69;60;47;11;63;26;65;72;20;23;9;33;14;39;46;25;61;39;14;Zealand;DK-85
852;2011-09-01;DK-85;29;32;68;76;54;41;29;72;22;76;68;30;32;9;36;17;22;46;30;52;57;11;Zealand;DK-85
853;2011-10-01;DK-85;29;51;65;61;61;37;6;67;27;74;62;26;24;11;34;13;29;48;36;65;57;11;Zealand;DK-85
854;2011-11-01;DK-85;43;34;67;83;61;39;36;87;22;72;52;29;39;6;43;14;13;51;37;53;56;0;Zealand;DK-85
855;2011-12-01;DK-85;54;34;51;62;45;28;21;75;20;56;51;19;21;8;70;13;36;69;26;41;50;10;Zealand;DK-85
856;2012-01-01;DK-85;63;43;67;76;71;45;29;100;21;66;75;32;55;12;55;23;22;68;39;63;90;12;Zealand;DK-85
857;2012-02-01;DK-85;36;37;61;84;65;47;13;98;20;67;67;25;29;13;69;22;24;100;44;60;90;10;Zealand;DK-85
858;2012-03-01;DK-85;38;38;55;80;50;43;51;90;21;67;87;22;38;11;60;25;27;97;48;68;97;12;Zealand;DK-85
859;2012-04-01;DK-85;30;43;54;69;47;27;13;65;18;56;86;18;31;17;67;20;36;87;52;67;100;15;Zealand;DK-85
860;2012-05-01;DK-85;24;26;51;79;56;30;27;67;22;60;57;26;36;7;52;13;28;59;32;57;67;5;Zealand;DK-85
861;2012-06-01;DK-85;39;31;55;73;37;46;5;69;22;57;48;27;27;16;43;19;32;56;26;70;68;10;Zealand;DK-85
862;2012-07-01;DK-85;34;26;56;63;56;37;18;65;18;64;56;28;32;13;57;11;50;87;26;57;40;0;Zealand;DK-85
863;2012-08-01;DK-85;54;38;64;66;66;53;13;68;21;62;70;33;36;8;56;17;33;47;30;62;64;8;Zealand;DK-85
864;2012-09-01;DK-85;38;52;60;63;54;64;21;66;20;60;96;31;30;14;68;19;51;57;34;64;58;10;Zealand;DK-85
865;2012-10-01;DK-85;53;34;58;58;52;35;21;63;25;68;50;35;28;14;54;15;33;44;31;63;67;14;Zealand;DK-85
866;2012-11-01;DK-85;53;40;57;58;60;39;9;57;22;66;46;27;29;8;37;17;11;45;31;59;50;11;Zealand;DK-85
867;2012-12-01;DK-85;32;23;45;50;30;35;18;37;21;55;44;21;30;8;97;8;51;48;23;41;49;4;Zealand;DK-85
868;2013-01-01;DK-85;65;36;65;66;60;37;22;66;22;74;57;22;44;8;61;16;30;69;35;60;61;4;Zealand;DK-85
869;2013-02-01;DK-85;64;41;60;58;57;43;29;53;21;74;49;17;39;9;43;14;20;51;27;54;60;7;Zealand;DK-85
870;2013-03-01;DK-85;42;39;49;60;45;38;17;48;16;65;48;34;33;13;59;18;18;58;29;43;71;8;Zealand;DK-85
871;2013-04-01;DK-85;35;34;56;58;42;37;22;50;12;68;47;28;27;5;54;24;33;77;38;63;56;19;Zealand;DK-85
872;2013-05-01;DK-85;36;30;57;65;61;33;18;50;11;60;46;35;28;6;50;15;18;58;25;55;50;6;Zealand;DK-85
873;2013-06-01;DK-85;48;26;57;72;50;34;17;48;12;62;45;23;23;4;53;13;28;46;36;56;69;8;Zealand;DK-85
874;2013-07-01;DK-85;39;25;57;57;58;59;20;51;11;64;55;23;26;19;29;9;57;54;36;49;60;15;Zealand;DK-85
875;2013-08-01;DK-85;33;38;63;55;75;36;6;53;12;64;52;16;30;9;34;11;33;44;28;47;52;8;Zealand;DK-85
876;2013-09-01;DK-85;40;41;63;58;67;41;27;58;11;58;44;20;28;10;31;11;41;49;24;53;64;18;Zealand;DK-85
877;2013-10-01;DK-85;51;32;62;48;62;35;22;56;13;59;42;23;19;14;30;15;15;47;30;52;61;14;Zealand;DK-85
878;2013-11-01;DK-85;68;35;60;45;54;53;24;52;12;56;44;24;19;11;45;14;18;42;39;52;45;16;Zealand;DK-85
879;2013-12-01;DK-85;57;25;51;34;44;37;26;43;8;49;40;18;25;12;43;10;24;41;21;44;45;25;Zealand;DK-85
880;2014-01-01;DK-85;47;33;69;64;72;61;31;62;12;68;52;37;45;21;71;15;22;67;34;55;64;16;Zealand;DK-85
881;2014-02-01;DK-85;55;33;73;55;68;77;17;67;11;63;43;20;24;11;49;10;19;63;30;53;61;22;Zealand;DK-85
882;2014-03-01;DK-85;29;31;69;53;56;46;15;61;11;65;50;22;20;12;72;14;11;63;26;73;51;15;Zealand;DK-85
883;2014-04-01;DK-85;32;27;59;39;62;42;13;56;9;52;50;25;11;6;38;11;19;58;32;58;47;16;Zealand;DK-85
884;2014-05-01;DK-85;35;37;61;54;78;47;17;50;13;53;57;27;35;11;36;18;32;53;29;52;40;11;Zealand;DK-85
885;2014-06-01;DK-85;30;23;67;56;73;44;19;59;14;55;50;22;17;19;55;12;24;58;28;53;69;18;Zealand;DK-85
886;2014-07-01;DK-85;27;27;64;46;55;36;12;50;11;51;44;25;29;14;35;12;28;47;29;63;71;9;Zealand;DK-85
887;2014-08-01;DK-85;37;37;78;48;67;69;12;63;10;54;53;26;25;12;63;19;41;56;32;55;48;7;Zealand;DK-85
888;2014-09-01;DK-85;48;42;79;48;82;95;14;67;10;61;60;33;26;29;33;13;29;45;30;59;67;12;Zealand;DK-85
889;2014-10-01;DK-85;45;42;70;55;81;70;20;62;9;58;54;20;32;17;26;11;38;47;25;63;46;13;Zealand;DK-85
890;2014-11-01;DK-85;45;28;61;38;72;43;31;54;11;55;57;27;31;11;41;14;34;43;31;63;51;17;Zealand;DK-85
891;2014-12-01;DK-85;29;25;54;22;55;55;13;51;7;46;42;28;24;10;31;12;20;54;28;41;35;11;Zealand;DK-85
892;2015-01-01;DK-85;43;35;73;55;82;77;20;59;9;58;66;28;22;13;53;20;18;59;34;58;51;12;Zealand;DK-85
893;2015-02-01;DK-85;52;31;71;55;81;60;23;57;9;59;64;39;33;14;51;22;25;48;31;57;63;23;Zealand;DK-85
894;2015-03-01;DK-85;57;35;77;44;68;55;36;57;7;58;60;33;37;18;43;15;13;59;35;62;67;8;Zealand;DK-85
895;2015-04-01;DK-85;39;43;71;31;63;42;13;52;6;48;44;14;16;8;55;12;17;51;22;51;47;9;Zealand;DK-85
896;2015-05-01;DK-85;52;44;66;43;58;39;22;52;8;45;45;26;22;7;33;13;10;46;27;52;44;11;Zealand;DK-85
897;2015-06-01;DK-85;65;44;71;45;84;70;16;57;7;52;62;37;16;15;32;13;42;46;28;56;69;13;Zealand;DK-85
898;2015-07-01;DK-85;38;33;69;39;68;57;14;46;6;49;39;32;21;12;20;10;21;47;20;49;46;11;Zealand;DK-85
899;2015-08-01;DK-85;34;38;75;44;76;51;12;47;8;49;51;31;34;9;17;12;30;37;23;58;34;6;Zealand;DK-85
900;2015-09-01;DK-85;38;42;73;41;95;57;16;46;9;45;51;32;16;8;39;16;18;48;25;52;48;13;Zealand;DK-85
901;2015-10-01;DK-85;43;45;74;33;59;56;21;47;7;48;58;36;36;15;40;13;23;39;26;58;33;11;Zealand;DK-85
902;2015-11-01;DK-85;49;40;68;44;79;47;24;46;7;45;47;30;28;13;34;14;31;37;25;52;42;11;Zealand;DK-85
903;2015-12-01;DK-85;44;30;63;35;49;42;21;40;5;37;43;15;24;12;28;8;20;43;21;42;34;13;Zealand;DK-85
904;2016-01-01;DK-85;47;41;77;41;69;61;34;42;6;32;60;27;33;6;17;13;19;39;30;47;39;10;Zealand;DK-85
905;2016-02-01;DK-85;45;44;71;44;84;64;17;43;5;34;53;29;32;7;22;10;26;39;24;51;41;13;Zealand;DK-85
906;2016-03-01;DK-85;42;43;68;42;57;45;18;39;5;33;46;26;21;7;40;9;16;39;22;50;38;11;Zealand;DK-85
907;2016-04-01;DK-85;30;39;68;38;72;72;25;40;5;27;51;19;15;14;30;10;23;34;25;54;36;11;Zealand;DK-85
908;2016-05-01;DK-85;36;35;68;37;73;42;33;34;5;30;41;25;14;8;29;13;21;25;26;54;39;11;Zealand;DK-85
909;2016-06-01;DK-85;50;35;66;57;60;43;12;38;4;30;55;33;28;14;24;11;33;32;25;51;34;12;Zealand;DK-85
910;2016-07-01;DK-85;30;24;63;41;60;58;7;35;2;26;61;25;16;7;14;6;31;24;24;56;34;18;Zealand;DK-85
911;2016-08-01;DK-85;17;33;70;39;85;49;22;37;4;25;45;30;34;8;30;9;28;40;22;52;25;14;Zealand;DK-85
912;2016-09-01;DK-85;47;47;79;36;68;42;17;38;3;27;42;35;31;7;22;12;10;30;21;46;24;12;Zealand;DK-85
913;2016-10-01;DK-85;39;28;73;35;77;51;20;41;3;29;54;31;29;12;23;14;12;39;29;42;29;10;Zealand;DK-85
914;2016-11-01;DK-85;44;34;75;44;74;46;22;34;3;28;41;25;32;8;16;11;18;34;25;46;28;16;Zealand;DK-85
915;2016-12-01;DK-85;49;34;62;27;61;44;14;29;3;23;24;21;22;3;21;8;9;38;21;47;39;10;Zealand;DK-85
916;2017-01-01;DK-85;36;39;75;38;87;68;22;39;4;31;47;32;26;11;31;9;19;39;30;46;42;5;Zealand;DK-85
917;2017-02-01;DK-85;39;28;80;40;92;55;27;37;5;31;47;26;33;9;20;7;19;42;26;44;43;16;Zealand;DK-85
918;2017-03-01;DK-85;35;39;79;42;71;59;30;37;4;32;50;22;33;8;29;19;13;45;24;50;40;17;Zealand;DK-85
919;2017-04-01;DK-85;26;27;66;35;60;46;15;31;4;27;50;32;18;8;25;12;22;45;25;46;32;20;Zealand;DK-85
920;2017-05-01;DK-85;28;26;67;37;85;62;24;40;4;24;47;23;26;7;33;12;24;41;30;55;40;15;Zealand;DK-85
921;2017-06-01;DK-85;39;38;75;38;62;41;9;38;4;27;57;40;25;9;28;10;13;44;25;57;34;12;Zealand;DK-85
922;2017-07-01;DK-85;25;29;66;25;49;50;9;34;3;27;50;27;24;9;33;8;20;29;22;49;24;17;Zealand;DK-85
923;2017-08-01;DK-85;18;35;80;43;97;46;12;34;3;29;48;27;18;7;29;14;26;45;25;57;33;11;Zealand;DK-85
924;2017-09-01;DK-85;22;35;77;38;79;47;18;44;3;33;49;29;32;9;32;17;18;31;30;57;36;13;Zealand;DK-85
925;2017-10-01;DK-85;33;40;73;47;70;52;17;42;4;31;52;27;23;8;37;11;25;39;29;51;30;7;Zealand;DK-85
926;2017-11-01;DK-85;31;51;63;37;66;55;16;36;4;29;46;30;30;10;27;16;13;37;25;47;21;19;Zealand;DK-85
927;2017-12-01;DK-85;25;26;58;28;62;38;15;34;3;26;45;29;22;6;29;8;23;37;26;47;40;18;Zealand;DK-85
928;2018-01-01;DK-85;39;39;78;34;74;49;23;42;3;36;62;36;19;12;37;17;26;52;30;54;42;6;Zealand;DK-85
929;2018-02-01;DK-85;29;41;75;40;81;58;22;44;2;31;68;35;24;6;31;24;26;50;40;57;38;18;Zealand;DK-85
930;2018-03-01;DK-85;24;36;68;42;65;34;16;38;3;31;63;22;29;11;43;32;31;60;55;70;40;11;Zealand;DK-85
931;2018-04-01;DK-85;34;40;68;33;65;50;14;37;3;28;47;27;19;8;29;15;23;41;44;61;39;13;Zealand;DK-85
932;2018-05-01;DK-85;30;38;64;37;63;39;14;34;3;25;44;17;17;7;26;10;18;34;24;54;33;12;Zealand;DK-85
933;2018-06-01;DK-85;25;41;68;31;66;57;11;32;2;26;52;25;18;11;24;14;16;33;27;56;29;7;Zealand;DK-85
934;2018-07-01;DK-85;29;37;59;32;63;54;6;28;2;24;48;27;15;2;33;8;14;30;24;55;26;12;Zealand;DK-85
935;2018-08-01;DK-85;25;45;75;30;71;50;16;37;2;24;58;22;17;11;34;11;25;24;21;55;33;13;Zealand;DK-85
936;2018-09-01;DK-85;30;44;76;31;80;49;14;39;2;26;51;30;16;11;22;10;18;31;27;53;29;14;Zealand;DK-85
937;2018-10-01;DK-85;28;36;71;34;79;49;17;38;2;26;61;30;28;18;21;13;24;42;25;47;27;20;Zealand;DK-85
938;2018-11-01;DK-85;38;34;73;32;57;58;9;36;2;27;46;22;18;10;16;14;23;37;26;43;23;17;Zealand;DK-85
939;2018-12-01;DK-85;28;20;60;28;62;45;13;27;3;22;34;18;29;12;19;11;11;28;24;36;21;12;Zealand;DK-85
940;2019-01-01;DK-85;30;39;76;34;78;61;13;37;3;28;62;34;24;10;16;15;20;44;28;52;38;27;Zealand;DK-85
941;2019-02-01;DK-85;25;36;78;32;79;47;15;43;3;29;63;31;35;8;22;12;57;39;27;53;33;31;Zealand;DK-85
942;2019-03-01;DK-85;35;46;71;31;82;47;15;37;2;25;50;34;29;4;28;14;37;48;23;46;36;25;Zealand;DK-85
943;2019-04-01;DK-85;17;29;62;31;56;41;11;33;3;23;57;21;24;8;25;10;20;40;21;47;31;16;Zealand;DK-85
944;2019-05-01;DK-85;33;34;67;36;65;47;15;29;3;25;41;34;23;3;27;15;31;36;20;49;21;31;Zealand;DK-85
945;2019-06-01;DK-85;25;26;69;35;57;52;14;36;2;27;42;34;14;6;24;11;15;40;24;54;32;11;Zealand;DK-85
946;2019-07-01;DK-85;21;33;66;30;61;39;3;33;2;24;48;31;16;7;26;7;11;31;16;45;21;13;Zealand;DK-85
947;2019-08-01;DK-85;29;34;79;30;76;56;6;34;3;25;51;22;25;4;24;10;9;39;23;51;24;13;Zealand;DK-85
948;2019-09-01;DK-85;27;40;96;31;85;42;18;38;2;28;50;38;27;6;28;13;11;49;29;49;30;19;Zealand;DK-85
949;2019-10-01;DK-85;21;28;74;29;86;37;9;33;2;32;58;18;21;6;25;14;15;35;19;45;18;26;Zealand;DK-85
